period,Thang_xep_hang,Hang,ticker_x,formation_market_cap,formation_date,holding_start,holding_end,complete,ticker_y,information_date,book_equity,operating_profitability,investment,event_conflict,ticker,sector,book_to_market,is_financial,valid_size,valid_book_equity,eligible_bm,eligible_op,eligible_inv,look_ahead,reason_bm,reason_op,reason_inv
1,2018-01,95,AAA.HM,1804347182614,2018-01-31,2018-02-28,2018-07-31,True,,,,,,False,AAA.HM,Materials,,False,True,False,False,False,False,False,no_statement_available_at_formation,no_statement_available_at_formation,no_statement_available_at_formation
1,2018-01,18,ACB.HM,45897425025967,2018-01-31,2018-02-28,2018-07-31,True,,,,,,False,ACB.HM,Financials,,True,True,False,False,False,False,False,no_statement_available_at_formation,no_statement_available_at_formation,no_statement_available_at_formation
1,2018-01,89,ANV.HM,2080634324080,2018-01-31,2018-02-28,2018-07-31,True,,,,,,False,ANV.HM,Consumer Staples,,False,True,False,False,False,False,False,no_statement_available_at_formation,no_statement_available_at_formation,no_statement_available_at_formation
1,2018-01,87,ASM.HM,2108647296433,2018-01-31,2018-02-28,2018-07-31,True,,,,,,False,ASM.HM,Real Estate,,False,True,False,False,False,False,False,no_statement_available_at_formation,no_statement_available_at_formation,no_statement_available_at_formation
1,2018-01,24,BHN.HM,23188146541692,2018-01-31,2018-02-28,2018-07-31,True,,,,,,False,BHN.HM,Consumer Staples,,False,True,False,False,False,False,False,no_statement_available_at_formation,no_statement_available_at_formation,no_statement_available_at_formation
1,2018-01,70,BIC.HM,3155338040617,2018-01-31,2018-02-28,2018-07-31,True,,,,,,False,BIC.HM,Financials,,True,True,False,False,False,False,False,no_statement_available_at_formation,no_statement_available_at_formation,no_statement_available_at_formation
1,2018-01,5,BID.HM,128519183015883,2018-01-31,2018-02-28,2018-07-31,True,,,,,,False,BID.HM,Financials,,True,True,False,False,False,False,False,no_statement_available_at_formation,no_statement_available_at_formation,no_statement_available_at_formation
1,2018-01,85,BMI.HM,2151500432373,2018-01-31,2018-02-28,2018-07-31,True,,,,,,False,BMI.HM,Financials,,True,True,False,False,False,False,False,no_statement_available_at_formation,no_statement_available_at_formation,no_statement_available_at_formation
1,2018-01,78,BMP.HM,2659774136927,2018-01-31,2018-02-28,2018-07-31,True,,,,,,False,BMP.HM,Industrials,,False,True,False,False,False,False,False,no_statement_available_at_formation,no_statement_available_at_formation,no_statement_available_at_formation
1,2018-01,16,BVH.HM,53411573503092,2018-01-31,2018-02-28,2018-07-31,True,,,,,,False,BVH.HM,Financials,,True,True,False,False,False,False,False,no_statement_available_at_formation,no_statement_available_at_formation,no_statement_available_at_formation
1,2018-01,71,BWE.HM,3154378893711,2018-01-31,2018-02-28,2018-07-31,True,,,,,,False,BWE.HM,Utilities,,False,True,False,False,False,False,False,no_statement_available_at_formation,no_statement_available_at_formation,no_statement_available_at_formation
1,2018-01,44,CII.HM,6741707569147,2018-01-31,2018-02-28,2018-07-31,True,,,,,,False,CII.HM,Industrials,,False,True,False,False,False,False,False,no_statement_available_at_formation,no_statement_available_at_formation,no_statement_available_at_formation
1,2018-01,92,CMG.HM,1922139055360,2018-01-31,2018-02-28,2018-07-31,True,,,,,,False,CMG.HM,Information Technology,,False,True,False,False,False,False,False,no_statement_available_at_formation,no_statement_available_at_formation,no_statement_available_at_formation
1,2018-01,31,CTD.HM,10712225395272,2018-01-31,2018-02-28,2018-07-31,True,,,,,,False,CTD.HM,Industrials,,False,True,False,False,False,False,False,no_statement_available_at_formation,no_statement_available_at_formation,no_statement_available_at_formation
1,2018-01,6,CTG.HM,122980779703967,2018-01-31,2018-02-28,2018-07-31,True,,,,,,False,CTG.HM,Financials,,True,True,False,False,False,False,False,no_statement_available_at_formation,no_statement_available_at_formation,no_statement_available_at_formation
1,2018-01,98,DBC.HM,1705855163768,2018-01-31,2018-02-28,2018-07-31,True,,,,,,False,DBC.HM,Consumer Staples,,False,True,False,False,False,False,False,no_statement_available_at_formation,no_statement_available_at_formation,no_statement_available_at_formation
1,2018-01,86,DBD.HM,2110410101482,2018-01-31,2018-02-28,2018-07-31,True,,,,,,False,DBD.HM,Health Care,,False,True,False,False,False,False,False,no_statement_available_at_formation,no_statement_available_at_formation,no_statement_available_at_formation
1,2018-01,61,DCM.HM,3911134741022,2018-01-31,2018-02-28,2018-07-31,True,,,,,,False,DCM.HM,Materials,,False,True,False,False,False,False,False,no_statement_available_at_formation,no_statement_available_at_formation,no_statement_available_at_formation
1,2018-01,34,DHG.HM,9784705222955,2018-01-31,2018-02-28,2018-07-31,True,,,,,,False,DHG.HM,Health Care,,False,True,False,False,False,False,False,no_statement_available_at_formation,no_statement_available_at_formation,no_statement_available_at_formation
1,2018-01,49,DIG.HM,5871745867398,2018-01-31,2018-02-28,2018-07-31,True,,,,,,False,DIG.HM,Industrials,,False,True,False,False,False,False,False,no_statement_available_at_formation,no_statement_available_at_formation,no_statement_available_at_formation
1,2018-01,80,DMC.HM,2598738806997,2018-01-31,2018-02-28,2018-07-31,True,,,,,,False,DMC.HM,Health Care,,False,True,False,False,False,False,False,no_statement_available_at_formation,no_statement_available_at_formation,no_statement_available_at_formation
1,2018-01,59,DPM.HM,4675784315232,2018-01-31,2018-02-28,2018-07-31,True,,,,,,False,DPM.HM,Materials,,False,True,False,False,False,False,False,no_statement_available_at_formation,no_statement_available_at_formation,no_statement_available_at_formation
1,2018-01,84,DRC.HM,2304721599115,2018-01-31,2018-02-28,2018-07-31,True,,,,,,False,DRC.HM,Consumer Discretionary,,False,True,False,False,False,False,False,no_statement_available_at_formation,no_statement_available_at_formation,no_statement_available_at_formation
1,2018-01,68,DTL.HM,3340767218400,2018-01-31,2018-02-28,2018-07-31,True,,,,,,False,DTL.HM,Materials,,False,True,False,False,False,False,False,no_statement_available_at_formation,no_statement_available_at_formation,no_statement_available_at_formation
1,2018-01,35,DXG.HM,9672902099124,2018-01-31,2018-02-28,2018-07-31,True,,,,,,False,DXG.HM,Real Estate,,False,True,False,False,False,False,False,no_statement_available_at_formation,no_statement_available_at_formation,no_statement_available_at_formation
1,2018-01,25,EIB.HM,16951910277448,2018-01-31,2018-02-28,2018-07-31,True,,,,,,False,EIB.HM,Financials,,True,True,False,False,False,False,False,no_statement_available_at_formation,no_statement_available_at_formation,no_statement_available_at_formation
1,2018-01,100,FCN.HM,1626844282439,2018-01-31,2018-02-28,2018-07-31,True,,,,,,False,FCN.HM,Industrials,,False,True,False,False,False,False,False,no_statement_available_at_formation,no_statement_available_at_formation,no_statement_available_at_formation
1,2018-01,99,FIT.HM,1693957113911,2018-01-31,2018-02-28,2018-07-31,True,,,,,,False,FIT.HM,Financials,,True,True,False,False,False,False,False,no_statement_available_at_formation,no_statement_available_at_formation,no_statement_available_at_formation
1,2018-01,23,FPT.HM,23473505514370,2018-01-31,2018-02-28,2018-07-31,True,,,,,,False,FPT.HM,Information Technology,,False,True,False,False,False,False,False,no_statement_available_at_formation,no_statement_available_at_formation,no_statement_available_at_formation
1,2018-01,4,GAS.HM,183307505167637,2018-01-31,2018-02-28,2018-07-31,True,,,,,,False,GAS.HM,Utilities,,False,True,False,False,False,False,False,no_statement_available_at_formation,no_statement_available_at_formation,no_statement_available_at_formation
1,2018-01,36,GEX.HM,8861957350304,2018-01-31,2018-02-28,2018-07-31,True,,,,,,False,GEX.HM,Industrials,,False,True,False,False,False,False,False,no_statement_available_at_formation,no_statement_available_at_formation,no_statement_available_at_formation
1,2018-01,45,GMD.HM,6574674117137,2018-01-31,2018-02-28,2018-07-31,True,,,,,,False,GMD.HM,Industrials,,False,True,False,False,False,False,False,no_statement_available_at_formation,no_statement_available_at_formation,no_statement_available_at_formation
1,2018-01,47,HAG.HM,6130109260630,2018-01-31,2018-02-28,2018-07-31,True,,,,,,False,HAG.HM,Consumer Staples,,False,True,False,False,False,False,False,no_statement_available_at_formation,no_statement_available_at_formation,no_statement_available_at_formation
1,2018-01,46,HCM.HM,6327673137893,2018-01-31,2018-02-28,2018-07-31,True,,,,,,False,HCM.HM,Financials,,True,True,False,False,False,False,False,no_statement_available_at_formation,no_statement_available_at_formation,no_statement_available_at_formation
1,2018-01,19,HDB.HM,39580765065819,2018-01-31,2018-02-28,2018-07-31,True,,,,,,False,HDB.HM,Financials,,True,True,False,False,False,False,False,no_statement_available_at_formation,no_statement_available_at_formation,no_statement_available_at_formation
1,2018-01,79,HDG.HM,2619296795810,2018-01-31,2018-02-28,2018-07-31,True,,,,,,False,HDG.HM,Industrials,,False,True,False,False,False,False,False,no_statement_available_at_formation,no_statement_available_at_formation,no_statement_available_at_formation
1,2018-01,88,HNA.HM,2104248343353,2018-01-31,2018-02-28,2018-07-31,True,,,,,,False,HNA.HM,Utilities,,False,True,False,False,False,False,False,no_statement_available_at_formation,no_statement_available_at_formation,no_statement_available_at_formation
1,2018-01,13,HPG.HM,60624678931889,2018-01-31,2018-02-28,2018-07-31,True,,,,,,False,HPG.HM,Materials,,False,True,False,False,False,False,False,no_statement_available_at_formation,no_statement_available_at_formation,no_statement_available_at_formation
1,2018-01,53,HSG.HM,5615463226856,2018-01-31,2018-02-28,2018-07-31,True,,,,,,False,HSG.HM,Materials,,False,True,False,False,False,False,False,no_statement_available_at_formation,no_statement_available_at_formation,no_statement_available_at_formation
1,2018-01,63,HT1.HM,3870706104475,2018-01-31,2018-02-28,2018-07-31,True,,,,,,False,HT1.HM,Materials,,False,True,False,False,False,False,False,no_statement_available_at_formation,no_statement_available_at_formation,no_statement_available_at_formation
1,2018-01,15,HVN.HM,58520016232644,2018-01-31,2018-02-28,2018-07-31,True,,,,,,False,HVN.HM,Industrials,,False,True,False,False,False,False,False,no_statement_available_at_formation,no_statement_available_at_formation,no_statement_available_at_formation
1,2018-01,91,IDI.HM,2045742328504,2018-01-31,2018-02-28,2018-07-31,True,,,,,,False,IDI.HM,Consumer Staples,,False,True,False,False,False,False,False,no_statement_available_at_formation,no_statement_available_at_formation,no_statement_available_at_formation
1,2018-01,82,IMP.HM,2332500404234,2018-01-31,2018-02-28,2018-07-31,True,,,,,,False,IMP.HM,Health Care,,False,True,False,False,False,False,False,no_statement_available_at_formation,no_statement_available_at_formation,no_statement_available_at_formation
1,2018-01,50,KBC.HM,5870014708796,2018-01-31,2018-02-28,2018-07-31,True,,,,,,False,KBC.HM,Real Estate,,False,True,False,False,False,False,False,no_statement_available_at_formation,no_statement_available_at_formation,no_statement_available_at_formation
1,2018-01,52,KDC.HM,5649046832951,2018-01-31,2018-02-28,2018-07-31,True,,,,,,False,KDC.HM,Consumer Staples,,False,True,False,False,False,False,False,no_statement_available_at_formation,no_statement_available_at_formation,no_statement_available_at_formation
1,2018-01,29,KDH.HM,12788119740939,2018-01-31,2018-02-28,2018-07-31,True,,,,,,False,KDH.HM,Real Estate,,False,True,False,False,False,False,False,no_statement_available_at_formation,no_statement_available_at_formation,no_statement_available_at_formation
1,2018-01,73,KLB.HM,2991621199340,2018-01-31,2018-02-28,2018-07-31,True,,,,,,False,KLB.HM,Financials,,True,True,False,False,False,False,False,no_statement_available_at_formation,no_statement_available_at_formation,no_statement_available_at_formation
1,2018-01,96,KSB.HM,1794127394907,2018-01-31,2018-02-28,2018-07-31,True,,,,,,False,KSB.HM,Materials,,False,True,False,False,False,False,False,no_statement_available_at_formation,no_statement_available_at_formation,no_statement_available_at_formation
1,2018-01,62,LDG.HM,3870978768958,2018-01-31,2018-02-28,2018-07-31,True,,,,,,False,LDG.HM,Real Estate,,False,True,False,False,False,False,False,no_statement_available_at_formation,no_statement_available_at_formation,no_statement_available_at_formation
1,2018-01,72,LGC.HM,3111885168304,2018-01-31,2018-02-28,2018-07-31,True,,,,,,False,LGC.HM,Industrials,,False,True,False,False,False,False,False,no_statement_available_at_formation,no_statement_available_at_formation,no_statement_available_at_formation
1,2018-01,32,LPB.HM,10479431281678,2018-01-31,2018-02-28,2018-07-31,True,,,,,,False,LPB.HM,Financials,,True,True,False,False,False,False,False,no_statement_available_at_formation,no_statement_available_at_formation,no_statement_available_at_formation
1,2018-01,17,MBB.HM,46550335281973,2018-01-31,2018-02-28,2018-07-31,True,,,,,,False,MBB.HM,Financials,,True,True,False,False,False,False,False,no_statement_available_at_formation,no_statement_available_at_formation,no_statement_available_at_formation
1,2018-01,21,MCH.HM,32907076365847,2018-01-31,2018-02-28,2018-07-31,True,,,,,,False,MCH.HM,Consumer Staples,,False,True,False,False,False,False,False,no_statement_available_at_formation,no_statement_available_at_formation,no_statement_available_at_formation
1,2018-01,8,MSN.HM,115628452871298,2018-01-31,2018-02-28,2018-07-31,True,,,,,,False,MSN.HM,Consumer Staples,,False,True,False,False,False,False,False,no_statement_available_at_formation,no_statement_available_at_formation,no_statement_available_at_formation
1,2018-01,20,MWG.HM,33440263837407,2018-01-31,2018-02-28,2018-07-31,True,,,,,,False,MWG.HM,Consumer Discretionary,,False,True,False,False,False,False,False,no_statement_available_at_formation,no_statement_available_at_formation,no_statement_available_at_formation
1,2018-01,65,NKG.HM,3544670757847,2018-01-31,2018-02-28,2018-07-31,True,,,,,,False,NKG.HM,Materials,,False,True,False,False,False,False,False,no_statement_available_at_formation,no_statement_available_at_formation,no_statement_available_at_formation
1,2018-01,48,NLG.HM,5875019748357,2018-01-31,2018-02-28,2018-07-31,True,,,,,,False,NLG.HM,Real Estate,,False,True,False,False,False,False,False,no_statement_available_at_formation,no_statement_available_at_formation,no_statement_available_at_formation
1,2018-01,60,NT2.HM,4327467278358,2018-01-31,2018-02-28,2018-07-31,True,,,,,,False,NT2.HM,Utilities,,False,True,False,False,False,False,False,no_statement_available_at_formation,no_statement_available_at_formation,no_statement_available_at_formation
1,2018-01,14,NVL.HM,59162983881069,2018-01-31,2018-02-28,2018-07-31,True,,,,,,False,NVL.HM,Real Estate,,False,True,False,False,False,False,False,no_statement_available_at_formation,no_statement_available_at_formation,no_statement_available_at_formation
1,2018-01,43,PAN.HM,6813310827928,2018-01-31,2018-02-28,2018-07-31,True,,,,,,False,PAN.HM,Consumer Staples,,False,True,False,False,False,False,False,no_statement_available_at_formation,no_statement_available_at_formation,no_statement_available_at_formation
1,2018-01,64,PC1.HM,3798374983695,2018-01-31,2018-02-28,2018-07-31,True,,,,,,False,PC1.HM,Industrials,,False,True,False,False,False,False,False,no_statement_available_at_formation,no_statement_available_at_formation,no_statement_available_at_formation
1,2018-01,37,PDR.HM,8663434165645,2018-01-31,2018-02-28,2018-07-31,True,,,,,,False,PDR.HM,Real Estate,,False,True,False,False,False,False,False,no_statement_available_at_formation,no_statement_available_at_formation,no_statement_available_at_formation
1,2018-01,90,PGD.HM,2058966530732,2018-01-31,2018-02-28,2018-07-31,True,,,,,,False,PGD.HM,Utilities,,False,True,False,False,False,False,False,no_statement_available_at_formation,no_statement_available_at_formation,no_statement_available_at_formation
1,2018-01,83,PHR.HM,2332025406885,2018-01-31,2018-02-28,2018-07-31,True,,,,,,False,PHR.HM,Materials,,False,True,False,False,False,False,False,no_statement_available_at_formation,no_statement_available_at_formation,no_statement_available_at_formation
1,2018-01,12,PLX.HM,71115730306423,2018-01-31,2018-02-28,2018-07-31,True,,,,,,False,PLX.HM,Energy,,False,True,False,False,False,False,False,no_statement_available_at_formation,no_statement_available_at_formation,no_statement_available_at_formation
1,2018-01,30,PNJ.HM,12467788117223,2018-01-31,2018-02-28,2018-07-31,True,,,,,,False,PNJ.HM,Consumer Discretionary,,False,True,False,False,False,False,False,no_statement_available_at_formation,no_statement_available_at_formation,no_statement_available_at_formation
1,2018-01,76,PPC.HM,2720521280042,2018-01-31,2018-02-28,2018-07-31,True,,,,,,False,PPC.HM,Utilities,,False,True,False,False,False,False,False,no_statement_available_at_formation,no_statement_available_at_formation,no_statement_available_at_formation
1,2018-01,81,PTB.HM,2542866839164,2018-01-31,2018-02-28,2018-07-31,True,,,,,,False,PTB.HM,Consumer Discretionary,,False,True,False,False,False,False,False,no_statement_available_at_formation,no_statement_available_at_formation,no_statement_available_at_formation
1,2018-01,41,PVD.HM,7151014564440,2018-01-31,2018-02-28,2018-07-31,True,,,,,,False,PVD.HM,Energy,,False,True,False,False,False,False,False,no_statement_available_at_formation,no_statement_available_at_formation,no_statement_available_at_formation
1,2018-01,58,PVT.HM,4753095392529,2018-01-31,2018-02-28,2018-07-31,True,,,,,,False,PVT.HM,Energy,,False,True,False,False,False,False,False,no_statement_available_at_formation,no_statement_available_at_formation,no_statement_available_at_formation
1,2018-01,66,QCG.HM,3476531825676,2018-01-31,2018-02-28,2018-07-31,True,,,,,,False,QCG.HM,Real Estate,,False,True,False,False,False,False,False,no_statement_available_at_formation,no_statement_available_at_formation,no_statement_available_at_formation
1,2018-01,33,REE.HM,9844703383637,2018-01-31,2018-02-28,2018-07-31,True,,,,,,False,REE.HM,Industrials,,False,True,False,False,False,False,False,no_statement_available_at_formation,no_statement_available_at_formation,no_statement_available_at_formation
1,2018-01,7,SAB.HM,118687402878400,2018-01-31,2018-02-28,2018-07-31,True,,,,,,False,SAB.HM,Consumer Staples,,False,True,False,False,False,False,False,no_statement_available_at_formation,no_statement_available_at_formation,no_statement_available_at_formation
1,2018-01,94,SAM.HM,1813392445395,2018-01-31,2018-02-28,2018-07-31,True,,,,,,False,SAM.HM,Industrials,,False,True,False,False,False,False,False,no_statement_available_at_formation,no_statement_available_at_formation,no_statement_available_at_formation
1,2018-01,38,SBT.HM,8578125925870,2018-01-31,2018-02-28,2018-07-31,True,,,,,,False,SBT.HM,Consumer Staples,,False,True,False,False,False,False,False,no_statement_available_at_formation,no_statement_available_at_formation,no_statement_available_at_formation
1,2018-01,69,SCR.HM,3219097732233,2018-01-31,2018-02-28,2018-07-31,True,,,,,,False,SCR.HM,Real Estate,,False,True,False,False,False,False,False,no_statement_available_at_formation,no_statement_available_at_formation,no_statement_available_at_formation
1,2018-01,51,SCS.HM,5704146263131,2018-01-31,2018-02-28,2018-07-31,True,,,,,,False,SCS.HM,Industrials,,False,True,False,False,False,False,False,no_statement_available_at_formation,no_statement_available_at_formation,no_statement_available_at_formation
1,2018-01,93,SGN.HM,1873805817265,2018-01-31,2018-02-28,2018-07-31,True,,,,,,False,SGN.HM,Industrials,,False,True,False,False,False,False,False,no_statement_available_at_formation,no_statement_available_at_formation,no_statement_available_at_formation
1,2018-01,27,SHB.HM,14322874956314,2018-01-31,2018-02-28,2018-07-31,True,,,,,,False,SHB.HM,Financials,,True,True,False,False,False,False,False,no_statement_available_at_formation,no_statement_available_at_formation,no_statement_available_at_formation
1,2018-01,74,SJS.HM,2802141821148,2018-01-31,2018-02-28,2018-07-31,True,,,,,,False,SJS.HM,Real Estate,,False,True,False,False,False,False,False,no_statement_available_at_formation,no_statement_available_at_formation,no_statement_available_at_formation
1,2018-01,28,SSI.HM,13807571028784,2018-01-31,2018-02-28,2018-07-31,True,,,,,,False,SSI.HM,Financials,,True,True,False,False,False,False,False,no_statement_available_at_formation,no_statement_available_at_formation,no_statement_available_at_formation
1,2018-01,22,STB.HM,27956628149500,2018-01-31,2018-02-28,2018-07-31,True,,,,,,False,STB.HM,Financials,,True,True,False,False,False,False,False,no_statement_available_at_formation,no_statement_available_at_formation,no_statement_available_at_formation
1,2018-01,97,STG.HM,1713029048308,2018-01-31,2018-02-28,2018-07-31,True,,,,,,False,STG.HM,Industrials,,False,True,False,False,False,False,False,no_statement_available_at_formation,no_statement_available_at_formation,no_statement_available_at_formation
1,2018-01,55,TCH.HM,5173247195352,2018-01-31,2018-02-28,2018-07-31,True,,,,,,False,TCH.HM,Industrials,,False,True,False,False,False,False,False,no_statement_available_at_formation,no_statement_available_at_formation,no_statement_available_at_formation
1,2018-01,67,TLG.HM,3460462404702,2018-01-31,2018-02-28,2018-07-31,True,,,,,,False,TLG.HM,Industrials,,False,True,False,False,False,False,False,no_statement_available_at_formation,no_statement_available_at_formation,no_statement_available_at_formation
1,2018-01,2,VCB.HM,243604283830215,2018-01-31,2018-02-28,2018-07-31,True,,,,,,False,VCB.HM,Financials,,True,True,False,False,False,False,False,no_statement_available_at_formation,no_statement_available_at_formation,no_statement_available_at_formation
1,2018-01,75,VCF.HM,2760156749394,2018-01-31,2018-02-28,2018-07-31,True,,,,,,False,VCF.HM,Consumer Staples,,False,True,False,False,False,False,False,no_statement_available_at_formation,no_statement_available_at_formation,no_statement_available_at_formation
1,2018-01,39,VCG.HM,8469033557694,2018-01-31,2018-02-28,2018-07-31,True,,,,,,False,VCG.HM,Industrials,,False,True,False,False,False,False,False,no_statement_available_at_formation,no_statement_available_at_formation,no_statement_available_at_formation
1,2018-01,40,VCI.HM,7358491150959,2018-01-31,2018-02-28,2018-07-31,True,,,,,,False,VCI.HM,Financials,,True,True,False,False,False,False,False,no_statement_available_at_formation,no_statement_available_at_formation,no_statement_available_at_formation
1,2018-01,42,VGC.HM,7102009519166,2018-01-31,2018-02-28,2018-07-31,True,,,,,,False,VGC.HM,Industrials,,False,True,False,False,False,False,False,no_statement_available_at_formation,no_statement_available_at_formation,no_statement_available_at_formation
1,2018-01,57,VHC.HM,5101472617843,2018-01-31,2018-02-28,2018-07-31,True,,,,,,False,VHC.HM,Consumer Staples,,False,True,False,False,False,False,False,no_statement_available_at_formation,no_statement_available_at_formation,no_statement_available_at_formation
1,2018-01,26,VIB.HM,15005681001538,2018-01-31,2018-02-28,2018-07-31,True,,,,,,False,VIB.HM,Financials,,True,True,False,False,False,False,False,no_statement_available_at_formation,no_statement_available_at_formation,no_statement_available_at_formation
1,2018-01,1,VIC.HM,309139288321038,2018-01-31,2018-02-28,2018-07-31,True,,,,,,False,VIC.HM,Real Estate,,False,True,False,False,False,False,False,no_statement_available_at_formation,no_statement_available_at_formation,no_statement_available_at_formation
1,2018-01,11,VJC.HM,75592034210334,2018-01-31,2018-02-28,2018-07-31,True,,,,,,False,VJC.HM,Industrials,,False,True,False,False,False,False,False,no_statement_available_at_formation,no_statement_available_at_formation,no_statement_available_at_formation
1,2018-01,56,VND.HM,5121057754575,2018-01-31,2018-02-28,2018-07-31,True,,,,,,False,VND.HM,Financials,,True,True,False,False,False,False,False,no_statement_available_at_formation,no_statement_available_at_formation,no_statement_available_at_formation
1,2018-01,3,VNM.HM,198966765400896,2018-01-31,2018-02-28,2018-07-31,True,,,,,,False,VNM.HM,Consumer Staples,,False,True,False,False,False,False,False,no_statement_available_at_formation,no_statement_available_at_formation,no_statement_available_at_formation
1,2018-01,10,VPB.HM,83611819259309,2018-01-31,2018-02-28,2018-07-31,True,,,,,,False,VPB.HM,Financials,,True,True,False,False,False,False,False,no_statement_available_at_formation,no_statement_available_at_formation,no_statement_available_at_formation
1,2018-01,54,VPI.HM,5424628394792,2018-01-31,2018-02-28,2018-07-31,True,,,,,,False,VPI.HM,Real Estate,,False,True,False,False,False,False,False,no_statement_available_at_formation,no_statement_available_at_formation,no_statement_available_at_formation
1,2018-01,9,VRE.HM,94542835047734,2018-01-31,2018-02-28,2018-07-31,True,,,,,,False,VRE.HM,Real Estate,,False,True,False,False,False,False,False,no_statement_available_at_formation,no_statement_available_at_formation,no_statement_available_at_formation
1,2018-01,77,VSH.HM,2665694298013,2018-01-31,2018-02-28,2018-07-31,True,,,,,,False,VSH.HM,Utilities,,False,True,False,False,False,False,False,no_statement_available_at_formation,no_statement_available_at_formation,no_statement_available_at_formation
2,2018-06,77,AAA.HM,2750175310093,2018-06-30,2018-08-31,2019-01-31,True,AAA.HM,2018-04-27,1512942801711.0,,,False,AAA.HM,Materials,0.5501259487562771,False,True,True,True,False,False,False,eligible,missing_operating_profitability,missing_investment
2,2018-06,20,ACB.HM,34988186959078,2018-06-30,2018-08-31,2019-01-31,True,ACB.HM,2018-05-03,17177260000000.0,,,False,ACB.HM,Financials,0.4909445585188633,True,True,True,True,False,False,False,eligible,missing_operating_profitability,missing_investment
2,2018-06,90,ANV.HM,2006415443093,2018-06-30,2018-08-31,2019-01-31,True,ANV.HM,2018-04-17,1469580835207.0,,,False,ANV.HM,Consumer Staples,0.7324409509834913,False,True,True,True,False,False,False,eligible,missing_operating_profitability,missing_investment
2,2018-06,81,ASM.HM,2422094867321,2018-06-30,2018-08-31,2019-01-31,True,ASM.HM,2018-05-04,4973582713528.0,,,False,ASM.HM,Real Estate,2.0534219285263244,False,True,True,True,False,False,False,eligible,missing_operating_profitability,missing_investment
2,2018-06,27,BHN.HM,16383902768707,2018-06-30,2018-08-31,2019-01-31,True,BHN.HM,2018-04-20,4623985071662.0,,,False,BHN.HM,Consumer Staples,0.28222732623229063,False,True,True,True,False,False,False,eligible,missing_operating_profitability,missing_investment
2,2018-06,82,BIC.HM,2405834572662,2018-06-30,2018-08-31,2019-01-31,True,BIC.HM,2018-04-26,2152669337721.0,,,False,BIC.HM,Financials,0.8947703063968864,True,True,True,True,False,False,False,eligible,missing_operating_profitability,missing_investment
2,2018-06,10,BID.HM,76993058952417,2018-06-30,2018-08-31,2019-01-31,True,BID.HM,2018-05-02,50803246000000.0,,,False,BID.HM,Financials,0.6598418960259425,True,True,True,True,False,False,False,eligible,missing_operating_profitability,missing_investment
2,2018-06,83,BMP.HM,2378494628496,2018-06-30,2018-08-31,2019-01-31,True,BMP.HM,2018-04-26,2535659202927.0,,,False,BMP.HM,Industrials,1.0660773299834527,False,True,True,True,False,False,False,eligible,missing_operating_profitability,missing_investment
2,2018-06,16,BVH.HM,47329494415998,2018-06-30,2018-08-31,2019-01-31,True,BVH.HM,2018-04-27,14969467257567.0,,,False,BVH.HM,Financials,0.3162820022118622,True,True,True,True,False,False,False,eligible,missing_operating_profitability,missing_investment
2,2018-06,89,BWE.HM,2073595687192,2018-06-30,2018-08-31,2019-01-31,True,BWE.HM,2018-04-23,3458976123526.0,,,False,BWE.HM,Utilities,1.668105380856593,False,True,True,True,False,False,False,eligible,missing_operating_profitability,missing_investment
2,2018-06,96,CHP.HM,1855053273094,2018-06-30,2018-08-31,2019-01-31,True,CHP.HM,2018-04-19,1666388013140.0,,,False,CHP.HM,Utilities,0.8982965811869491,False,True,True,True,False,False,False,eligible,missing_operating_profitability,missing_investment
2,2018-06,49,CII.HM,5767033465843,2018-06-30,2018-08-31,2019-01-31,True,CII.HM,2018-05-02,7686120569947.0,,,False,CII.HM,Industrials,1.3327685048943054,False,True,True,True,False,False,False,eligible,missing_operating_profitability,missing_investment
2,2018-06,31,CTD.HM,10339095315014,2018-06-30,2018-08-31,2019-01-31,True,CTD.HM,2018-04-20,7670183938995.0,,,False,CTD.HM,Industrials,0.7418621944471951,False,True,True,True,False,False,False,eligible,missing_operating_profitability,missing_investment
2,2018-06,8,CTG.HM,86193176525288,2018-06-30,2018-08-31,2019-01-31,True,CTG.HM,2018-04-27,66171887000000.0,,,False,CTG.HM,Financials,0.7677160729838747,True,True,True,True,False,False,False,eligible,missing_operating_profitability,missing_investment
2,2018-06,99,DBD.HM,1827568667274,2018-06-30,2018-08-31,2019-01-31,True,DBD.HM,2018-04-23,894038448257.0,,,False,DBD.HM,Health Care,0.4891955439302574,False,True,True,True,False,False,False,eligible,missing_operating_profitability,missing_investment
2,2018-06,69,DCM.HM,3368365021428,2018-06-30,2018-08-31,2019-01-31,True,DCM.HM,2018-05-02,6394013726132.0,,,False,DCM.HM,Materials,1.8982544010094526,False,True,True,True,False,False,False,eligible,missing_operating_profitability,missing_investment
2,2018-06,35,DHG.HM,9031350597241,2018-06-30,2018-08-31,2019-01-31,True,DHG.HM,2018-04-20,2796746160357.0,,,False,DHG.HM,Health Care,0.3096708659733996,False,True,True,True,False,False,False,eligible,missing_operating_profitability,missing_investment
2,2018-06,63,DIG.HM,4043965052568,2018-06-30,2018-08-31,2019-01-31,True,DIG.HM,2018-04-27,2891480324970.0,,,False,DIG.HM,Industrials,0.7150112049395311,False,True,True,True,False,False,False,eligible,missing_operating_profitability,missing_investment
2,2018-06,84,DMC.HM,2351858620344,2018-06-30,2018-08-31,2019-01-31,True,DMC.HM,2018-04-20,1004912173627.0,,,False,DMC.HM,Health Care,0.4272842614493614,False,True,True,True,False,False,False,eligible,missing_operating_profitability,missing_investment
2,2018-06,64,DPM.HM,3865105791180,2018-06-30,2018-08-31,2019-01-31,True,DPM.HM,2018-04-20,8207313340984.0,,,False,DPM.HM,Materials,2.1234382147346977,False,True,True,True,False,False,False,eligible,missing_operating_profitability,missing_investment
2,2018-06,94,DRC.HM,1877512033535,2018-06-30,2018-08-31,2019-01-31,True,DRC.HM,2018-04-18,1547520715493.0,,,False,DRC.HM,Consumer Discretionary,0.8242401049112379,False,True,True,True,False,False,False,eligible,missing_operating_profitability,missing_investment
2,2018-06,73,DTL.HM,2928476527200,2018-06-30,2018-08-31,2019-01-31,True,DTL.HM,2018-05-02,1193425135452.0,,,False,DTL.HM,Materials,0.40752422782540376,False,True,True,True,False,False,False,eligible,missing_operating_profitability,missing_investment
2,2018-06,38,DXG.HM,8152648564452,2018-06-30,2018-08-31,2019-01-31,True,DXG.HM,2018-04-17,4798243579378.0,,,False,DXG.HM,Real Estate,0.5885502780409039,False,True,True,True,False,False,False,eligible,missing_operating_profitability,missing_investment
2,2018-06,26,EIB.HM,17557335645165,2018-06-30,2018-08-31,2019-01-31,True,EIB.HM,2018-04-27,14684531000000.0,,,False,EIB.HM,Financials,0.8363758201571933,True,True,True,True,False,False,False,eligible,missing_operating_profitability,missing_investment
2,2018-06,25,FPT.HM,19027605973603,2018-06-30,2018-08-31,2019-01-31,True,FPT.HM,2018-05-02,13899836341958.0,,,False,FPT.HM,Information Technology,0.7305089437547343,False,True,True,True,False,False,False,eligible,missing_operating_profitability,missing_investment
2,2018-06,54,FRT.HM,5144922105507,2018-06-30,2018-08-31,2019-01-31,True,FRT.HM,2018-04-26,860336944083.0,,,False,FRT.HM,Consumer Discretionary,0.16722059662713187,False,True,True,True,False,False,False,eligible,missing_operating_profitability,missing_investment
2,2018-06,5,GAS.HM,126260099487340,2018-06-30,2018-08-31,2019-01-31,True,GAS.HM,2018-04-20,45778225096075.0,,,False,GAS.HM,Utilities,0.3625707985495857,False,True,True,True,False,False,False,eligible,missing_operating_profitability,missing_investment
2,2018-06,30,GEX.HM,10430821133139,2018-06-30,2018-08-31,2019-01-31,True,GEX.HM,2018-04-27,7071252105177.0,,,False,GEX.HM,Industrials,0.6779190262127535,False,True,True,True,False,False,False,eligible,missing_operating_profitability,missing_investment
2,2018-06,52,GMD.HM,5355954036795,2018-06-30,2018-08-31,2019-01-31,True,GMD.HM,2018-05-02,6369787391707.0,,,False,GMD.HM,Industrials,1.1892908990530988,False,True,True,True,False,False,False,eligible,missing_operating_profitability,missing_investment
2,2018-06,58,HAG.HM,4831750264430,2018-06-30,2018-08-31,2019-01-31,True,HAG.HM,2018-05-02,18284675897000.0,,,False,HAG.HM,Consumer Staples,3.784275862021821,False,True,True,True,False,False,False,eligible,missing_operating_profitability,missing_investment
2,2018-06,59,HCM.HM,4612918162410,2018-06-30,2018-08-31,2019-01-31,True,HCM.HM,2018-04-23,3034919882162.0,,,False,HCM.HM,Financials,0.6579175643940794,True,True,True,True,False,False,False,eligible,missing_operating_profitability,missing_investment
2,2018-06,22,HDB.HM,32314632935909,2018-06-30,2018-08-31,2019-01-31,True,HDB.HM,2018-04-27,15779257000000.0,,,False,HDB.HM,Financials,0.48830067267963956,True,True,True,True,False,False,False,eligible,missing_operating_profitability,missing_investment
2,2018-06,97,HDG.HM,1843826622774,2018-06-30,2018-08-31,2019-01-31,True,HDG.HM,2018-05-02,2052501210893.0,,,False,HDG.HM,Industrials,1.113174734295274,False,True,True,True,False,False,False,eligible,missing_operating_profitability,missing_investment
2,2018-06,92,HNA.HM,1912953039576,2018-06-30,2018-08-31,2019-01-31,True,HNA.HM,2018-04-27,2262768433206.0,,,False,HNA.HM,Utilities,1.1828666916504837,False,True,True,True,False,False,False,eligible,missing_operating_profitability,missing_investment
2,2018-06,14,HPG.HM,53967209667778,2018-06-30,2018-08-31,2019-01-31,True,HPG.HM,2018-04-27,34428192910709.0,,,False,HPG.HM,Materials,0.6379465071966638,False,True,True,True,False,False,False,eligible,missing_operating_profitability,missing_investment
2,2018-06,68,HSG.HM,3391955508891,2018-06-30,2018-08-31,2019-01-31,True,HSG.HM,2018-05-02,5533383996081.0,,,False,HSG.HM,Materials,1.6313256413820534,False,True,True,True,False,False,False,eligible,missing_operating_profitability,missing_investment
2,2018-06,72,HT1.HM,3017838658004,2018-06-30,2018-08-31,2019-01-31,True,HT1.HM,2018-04-20,5270810485256.0,,,False,HT1.HM,Materials,1.7465514504152175,False,True,True,True,False,False,False,eligible,missing_operating_profitability,missing_investment
2,2018-06,18,HVN.HM,44693190017687,2018-06-30,2018-08-31,2019-01-31,True,HVN.HM,2018-05-08,18570406940408.0,,,False,HVN.HM,Industrials,0.41550864758275025,False,True,True,True,False,False,False,eligible,missing_operating_profitability,missing_investment
2,2018-06,95,IDI.HM,1855780540883,2018-06-30,2018-08-31,2019-01-31,True,IDI.HM,2018-05-02,2387914331850.0,,,False,IDI.HM,Consumer Staples,1.2867439221632344,False,True,True,True,False,False,False,eligible,missing_operating_profitability,missing_investment
2,2018-06,87,IMP.HM,2235279755538,2018-06-30,2018-08-31,2019-01-31,True,IMP.HM,2018-04-17,1416192688961.0,,,False,IMP.HM,Health Care,0.633563957912795,False,True,True,True,False,False,False,eligible,missing_operating_profitability,missing_investment
2,2018-06,53,KBC.HM,5254432642048,2018-06-30,2018-08-31,2019-01-31,True,KBC.HM,2018-05-02,9268167659985.0,,,False,KBC.HM,Real Estate,1.7638760055305576,False,True,True,True,False,False,False,eligible,missing_operating_profitability,missing_investment
2,2018-06,57,KDC.HM,4926322825610,2018-06-30,2018-08-31,2019-01-31,True,KDC.HM,2018-04-23,7833017434441.0,,,False,KDC.HM,Consumer Staples,1.5900333193188734,False,True,True,True,False,False,False,eligible,missing_operating_profitability,missing_investment
2,2018-06,29,KDH.HM,10936047227004,2018-06-30,2018-08-31,2019-01-31,True,KDH.HM,2018-04-27,6502375491000.0,,,False,KDH.HM,Real Estate,0.5945818773481437,False,True,True,True,False,False,False,eligible,missing_operating_profitability,missing_investment
2,2018-06,70,KLB.HM,3258201306538,2018-06-30,2018-08-31,2019-01-31,True,KLB.HM,2018-04-26,3610497000000.0,,,False,KLB.HM,Financials,1.1081258216780754,True,True,True,True,False,False,False,eligible,missing_operating_profitability,missing_investment
2,2018-06,85,LDG.HM,2283867322470,2018-06-30,2018-08-31,2019-01-31,True,LDG.HM,2018-04-13,1988494206399.0,,,False,LDG.HM,Real Estate,0.8706697568790668,False,True,True,True,False,False,False,eligible,missing_operating_profitability,missing_investment
2,2018-06,62,LGC.HM,4236561057773,2018-06-30,2018-08-31,2019-01-31,True,LGC.HM,2018-05-02,3136225673489.0,,,False,LGC.HM,Industrials,0.7402762832214662,False,True,True,True,False,False,False,eligible,missing_operating_profitability,missing_investment
2,2018-06,40,LPB.HM,7824642024088,2018-06-30,2018-08-31,2019-01-31,True,LPB.HM,2018-04-26,9658333000000.0,,,False,LPB.HM,Financials,1.2343482258059884,True,True,True,True,False,False,False,eligible,missing_operating_profitability,missing_investment
2,2018-06,19,MBB.HM,35147515397706,2018-06-30,2018-08-31,2019-01-31,True,MBB.HM,2018-04-19,31029631000000.0,,,False,MBB.HM,Financials,0.8828399575016683,True,True,True,True,False,False,False,eligible,missing_operating_profitability,missing_investment
2,2018-06,23,MCH.HM,32300323756061,2018-06-30,2018-08-31,2019-01-31,True,MCH.HM,2018-04-26,10518701942572.0,,,False,MCH.HM,Consumer Staples,0.3256531427366333,False,True,True,True,False,False,False,eligible,missing_operating_profitability,missing_investment
2,2018-06,9,MSN.HM,80925237891395,2018-06-30,2018-08-31,2019-01-31,True,MSN.HM,2018-04-24,19579933000000.0,,,False,MSN.HM,Consumer Staples,0.24195088590628644,False,True,True,True,False,False,False,eligible,missing_operating_profitability,missing_investment
2,2018-06,21,MWG.HM,34276534056238,2018-06-30,2018-08-31,2019-01-31,True,MWG.HM,2018-05-02,7269138094125.0,,,False,MWG.HM,Consumer Discretionary,0.21207331179396438,False,True,True,True,False,False,False,eligible,missing_operating_profitability,missing_investment
2,2018-06,80,NKG.HM,2442130024620,2018-06-30,2018-08-31,2019-01-31,True,NKG.HM,2018-04-24,3061581144274.0,,,False,NKG.HM,Materials,1.2536519814297717,False,True,True,True,False,False,False,eligible,missing_operating_profitability,missing_investment
2,2018-06,56,NLG.HM,4984599410885,2018-06-30,2018-08-31,2019-01-31,True,NLG.HM,2018-04-20,3650449937012.0,,,False,NLG.HM,Real Estate,0.7323456984407648,False,True,True,True,False,False,False,eligible,missing_operating_profitability,missing_investment
2,2018-06,60,NT2.HM,4363938829649,2018-06-30,2018-08-31,2019-01-31,True,NT2.HM,2018-04-20,5220288536213.0,,,False,NT2.HM,Utilities,1.1962332058244909,False,True,True,True,False,False,False,eligible,missing_operating_profitability,missing_investment
2,2018-06,17,NVL.HM,46280278664071,2018-06-30,2018-08-31,2019-01-31,True,NVL.HM,2018-05-02,13471350329748.0,,,False,NVL.HM,Real Estate,0.2910818758791589,False,True,True,True,False,False,False,eligible,missing_operating_profitability,missing_investment
2,2018-06,43,PAN.HM,6288402443678,2018-06-30,2018-08-31,2019-01-31,True,PAN.HM,2018-05-02,4696675322045.0,,,False,PAN.HM,Consumer Staples,0.7468789353274883,False,True,True,True,False,False,False,eligible,missing_operating_profitability,missing_investment
2,2018-06,65,PC1.HM,3729103707362,2018-06-30,2018-08-31,2019-01-31,True,PC1.HM,2018-05-02,2876403153834.0,,,False,PC1.HM,Industrials,0.7713390078574115,False,True,True,True,False,False,False,eligible,missing_operating_profitability,missing_investment
2,2018-06,41,PDR.HM,7822571578146,2018-06-30,2018-08-31,2019-01-31,True,PDR.HM,2018-04-23,2957177791526.0,,,False,PDR.HM,Real Estate,0.3780314135811168,False,True,True,True,False,False,False,eligible,missing_operating_profitability,missing_investment
2,2018-06,88,PGD.HM,2108713373082,2018-06-30,2018-08-31,2019-01-31,True,PGD.HM,2018-04-19,1456211895411.0,,,False,PGD.HM,Utilities,0.6905689099332958,False,True,True,True,False,False,False,eligible,missing_operating_profitability,missing_investment
2,2018-06,93,PHR.HM,1911279283669,2018-06-30,2018-08-31,2019-01-31,True,PHR.HM,2018-04-26,2512199240549.0,,,False,PHR.HM,Materials,1.3144071941838034,False,True,True,True,False,False,False,eligible,missing_operating_profitability,missing_investment
2,2018-06,15,PLX.HM,52173332613197,2018-06-30,2018-08-31,2019-01-31,True,PLX.HM,2018-05-03,24252195650942.0,,,False,PLX.HM,Energy,0.4648389212692831,False,True,True,True,False,False,False,eligible,missing_operating_profitability,missing_investment
2,2018-06,39,PNJ.HM,7906269471448,2018-06-30,2018-08-31,2019-01-31,True,PNJ.HM,2018-04-20,3198903738511.0,,,False,PNJ.HM,Consumer Discretionary,0.4046034289702921,False,True,True,True,False,False,False,eligible,missing_operating_profitability,missing_investment
2,2018-06,48,POW.HM,5846012709002,2018-06-30,2018-08-31,2019-01-31,True,,,,,,False,POW.HM,Utilities,,False,True,False,False,False,False,False,no_statement_available_at_formation,no_statement_available_at_formation,no_statement_available_at_formation
2,2018-06,78,PPC.HM,2679480739573,2018-06-30,2018-08-31,2019-01-31,True,PPC.HM,2018-04-17,5667773165383.0,,,False,PPC.HM,Utilities,2.115250571379816,False,True,True,True,False,False,False,eligible,missing_operating_profitability,missing_investment
2,2018-06,91,PTB.HM,1958087853560,2018-06-30,2018-08-31,2019-01-31,True,PTB.HM,2018-05-03,1168030261564.0,,,False,PTB.HM,Consumer Discretionary,0.5965157586981625,False,True,True,True,False,False,False,eligible,missing_operating_profitability,missing_investment
2,2018-06,55,PVD.HM,5110541822344,2018-06-30,2018-08-31,2019-01-31,True,PVD.HM,2018-04-27,13236282673250.0,,,False,PVD.HM,Energy,2.5899959599937388,False,True,True,True,False,False,False,eligible,missing_operating_profitability,missing_investment
2,2018-06,66,PVT.HM,3518674987007,2018-06-30,2018-08-31,2019-01-31,True,PVT.HM,2018-04-27,4811610830857.0,,,False,PVT.HM,Energy,1.3674496361909734,False,True,True,True,False,False,False,eligible,missing_operating_profitability,missing_investment
2,2018-06,79,QCG.HM,2476162269000,2018-06-30,2018-08-31,2019-01-31,True,QCG.HM,2018-05-03,4174891060336.0,,,False,QCG.HM,Real Estate,1.6860329036602406,False,True,True,True,False,False,False,eligible,missing_operating_profitability,missing_investment
2,2018-06,37,REE.HM,8330133632261,2018-06-30,2018-08-31,2019-01-31,True,REE.HM,2018-04-26,8539176334030.0,,,False,REE.HM,Industrials,1.0250947596998226,False,True,True,True,False,False,False,eligible,missing_operating_profitability,missing_investment
2,2018-06,6,SAB.HM,111238609098873,2018-06-30,2018-08-31,2019-01-31,True,SAB.HM,2018-05-02,15551245264193.0,,,False,SAB.HM,Consumer Staples,0.1398007885047401,False,True,True,True,False,False,False,eligible,missing_operating_profitability,missing_investment
2,2018-06,100,SAM.HM,1692499615621,2018-06-30,2018-08-31,2019-01-31,True,SAM.HM,2018-05-02,2711177223105.0,,,False,SAM.HM,Industrials,1.6018776004922364,False,True,True,True,False,False,False,eligible,missing_operating_profitability,missing_investment
2,2018-06,42,SBT.HM,6719133601705,2018-06-30,2018-08-31,2019-01-31,True,SBT.HM,2018-04-27,7292056331404.0,,,False,SBT.HM,Consumer Staples,1.0852673519624048,False,True,True,True,False,False,False,eligible,missing_operating_profitability,missing_investment
2,2018-06,74,SCR.HM,2805737658899,2018-06-30,2018-08-31,2019-01-31,True,SCR.HM,2018-05-02,3486770498770.0,,,False,SCR.HM,Real Estate,1.2427286235086727,False,True,True,True,False,False,False,eligible,missing_operating_profitability,missing_investment
2,2018-06,45,SCS.HM,5976389607475,2018-06-30,2018-08-31,2019-01-31,True,SCS.HM,2018-04-22,855547759029.0,,,False,SCS.HM,Industrials,0.14315461595055973,False,True,True,True,False,False,False,eligible,missing_operating_profitability,missing_investment
2,2018-06,98,SGN.HM,1829496371502,2018-06-30,2018-08-31,2019-01-31,True,,,,,,False,SGN.HM,Industrials,,False,True,False,False,False,False,False,no_statement_available_at_formation,no_statement_available_at_formation,no_statement_available_at_formation
2,2018-06,34,SHB.HM,9104463151531,2018-06-30,2018-08-31,2019-01-31,True,SHB.HM,2018-05-03,15202243000000.0,,,False,SHB.HM,Financials,1.6697572110491328,True,True,True,True,False,False,False,eligible,missing_operating_profitability,missing_investment
2,2018-06,86,SJS.HM,2241699244599,2018-06-30,2018-08-31,2019-01-31,True,SJS.HM,2018-04-20,2325527604505.0,,,False,SJS.HM,Real Estate,1.037395007429284,False,True,True,True,False,False,False,eligible,missing_operating_profitability,missing_investment
2,2018-06,32,SSI.HM,10090122826482,2018-06-30,2018-08-31,2019-01-31,True,SSI.HM,2018-05-02,9010467845824.0,,,False,SSI.HM,Financials,0.8929988267512071,True,True,True,True,False,False,False,eligible,missing_operating_profitability,missing_investment
2,2018-06,24,STB.HM,20832197104950,2018-06-30,2018-08-31,2019-01-31,True,STB.HM,2018-04-23,23670441000000.0,,,False,STB.HM,Financials,1.1362431375217545,True,True,True,True,False,False,False,eligible,missing_operating_profitability,missing_investment
2,2018-06,7,TCB.HM,104120939115926,2018-06-30,2018-08-31,2019-01-31,True,TCB.HM,2018-04-20,37615799000000.0,,,False,TCB.HM,Financials,0.36127026244086585,True,True,True,True,False,False,False,eligible,missing_operating_profitability,missing_investment
2,2018-06,51,TCH.HM,5435658284980,2018-06-30,2018-08-31,2019-01-31,True,TCH.HM,2018-05-14,4408951401806.0,,,False,TCH.HM,Industrials,0.8111163672648385,False,True,True,True,False,False,False,eligible,missing_operating_profitability,missing_investment
2,2018-06,67,TLG.HM,3456949244933,2018-06-30,2018-08-31,2019-01-31,True,TLG.HM,2018-04-27,1105687288734.0,,,False,TLG.HM,Industrials,0.3198448141391297,False,True,True,True,False,False,False,eligible,missing_operating_profitability,missing_investment
2,2018-06,28,TPB.HM,14967561907890,2018-06-30,2018-08-31,2019-01-31,True,TPB.HM,2018-04-23,7278146000000.0,,,False,TPB.HM,Financials,0.48626129257320116,True,True,True,True,False,False,False,eligible,missing_operating_profitability,missing_investment
2,2018-06,3,VCB.HM,200412034928000,2018-06-30,2018-08-31,2019-01-31,True,VCB.HM,2018-04-20,56065738000000.0,,,False,VCB.HM,Financials,0.2797523513003706,True,True,True,True,False,False,False,eligible,missing_operating_profitability,missing_investment
2,2018-06,76,VCF.HM,2760156749394,2018-06-30,2018-08-31,2019-01-31,True,VCF.HM,2018-04-24,911281332153.0,,,False,VCF.HM,Consumer Staples,0.3301556450926471,False,True,True,True,False,False,False,eligible,missing_operating_profitability,missing_investment
2,2018-06,46,VCG.HM,5971754431373,2018-06-30,2018-08-31,2019-01-31,True,VCG.HM,2018-04-27,7621315361102.0,,,False,VCG.HM,Industrials,1.2762271872840123,False,True,True,True,False,False,False,eligible,missing_operating_profitability,missing_investment
2,2018-06,50,VCI.HM,5621795772481,2018-06-30,2018-08-31,2019-01-31,True,VCI.HM,2018-04-20,3591277511378.0,,,False,VCI.HM,Financials,0.6388132292100509,True,True,True,True,False,False,False,eligible,missing_operating_profitability,missing_investment
2,2018-06,47,VGC.HM,5923133445233,2018-06-30,2018-08-31,2019-01-31,True,VGC.HM,2018-04-27,6868268244574.0,,,False,VGC.HM,Industrials,1.1595666901784316,False,True,True,True,False,False,False,eligible,missing_operating_profitability,missing_investment
2,2018-06,61,VHC.HM,4277949181080,2018-06-30,2018-08-31,2019-01-31,True,VHC.HM,2018-04-23,2856277691800.0,,,False,VHC.HM,Consumer Staples,0.6676745260164384,False,True,True,True,False,False,False,eligible,missing_operating_profitability,missing_investment
2,2018-06,2,VHM.HM,286041784365979,2018-06-30,2018-08-31,2019-01-31,True,VHM.HM,2018-05-16,38247644000687.0,,,False,VHM.HM,Real Estate,0.1337134855505959,False,True,True,True,False,False,False,eligible,missing_operating_profitability,missing_investment
2,2018-06,33,VIB.HM,10003787336565,2018-06-30,2018-08-31,2019-01-31,True,VIB.HM,2018-04-26,9157345000000.0,,,False,VIB.HM,Financials,0.9153878118269113,True,True,True,True,False,False,False,eligible,missing_operating_profitability,missing_investment
2,2018-06,1,VIC.HM,343099305356297,2018-06-30,2018-08-31,2019-01-31,True,VIC.HM,2018-05-02,59256311695961.0,,,False,VIC.HM,Real Estate,0.17270892354161232,False,True,True,True,False,False,False,eligible,missing_operating_profitability,missing_investment
2,2018-06,13,VJC.HM,57755930986717,2018-06-30,2018-08-31,2019-01-31,True,VJC.HM,2018-05-03,11520910445283.0,,,False,VJC.HM,Industrials,0.19947579838913232,False,True,True,True,False,False,False,eligible,missing_operating_profitability,missing_investment
2,2018-06,71,VND.HM,3171445620698,2018-06-30,2018-08-31,2019-01-31,True,VND.HM,2018-04-20,2645533435416.0,,,False,VND.HM,Financials,0.8341727249397854,True,True,True,True,False,False,False,eligible,missing_operating_profitability,missing_investment
2,2018-06,4,VNM.HM,168060928336596,2018-06-30,2018-08-31,2019-01-31,True,VNM.HM,2018-05-02,26290939061369.0,,,False,VNM.HM,Consumer Staples,0.15643695010843298,False,True,True,True,False,False,False,eligible,missing_operating_profitability,missing_investment
2,2018-06,12,VPB.HM,60202451408691,2018-06-30,2018-08-31,2019-01-31,True,VPB.HM,2018-04-23,31635228000000.0,,,False,VPB.HM,Financials,0.5254807281059164,True,True,True,True,False,False,False,eligible,missing_operating_profitability,missing_investment
2,2018-06,44,VPI.HM,5987691088817,2018-06-30,2018-08-31,2019-01-31,True,VPI.HM,2018-04-18,2042362429566.0,,,False,VPI.HM,Real Estate,0.3410934864994035,False,True,True,True,False,False,False,eligible,missing_operating_profitability,missing_investment
2,2018-06,11,VRE.HM,71645742184902,2018-06-30,2018-08-31,2019-01-31,True,VRE.HM,2018-05-02,26635553991588.0,,,False,VRE.HM,Real Estate,0.37176743766360126,False,True,True,True,False,False,False,eligible,missing_operating_profitability,missing_investment
2,2018-06,75,VSH.HM,2772596649860,2018-06-30,2018-08-31,2019-01-31,True,VSH.HM,2018-04-27,3060172039486.0,,,False,VSH.HM,Utilities,1.10372060055707,False,True,True,True,False,False,False,eligible,missing_operating_profitability,missing_investment
2,2018-06,36,YEG.HM,8731010356328,2018-06-30,2018-08-31,2019-01-31,True,YEG.HM,2018-06-22,330430995758.0,,,False,YEG.HM,Communication Services,0.037845676762771514,False,True,True,True,False,False,False,eligible,missing_operating_profitability,missing_investment
3,2018-12,93,AAA.HM,2190198101152,2018-12-31,2019-02-28,2019-07-31,True,AAA.HM,2018-10-29,2927114269523.0,,,False,AAA.HM,Materials,1.336460965783596,False,True,True,True,False,False,False,eligible,missing_operating_profitability,missing_investment
3,2018-12,21,ACB.HM,33455005218246,2018-12-31,2019-02-28,2019-07-31,True,ACB.HM,2018-10-24,19518788000000.0,,,False,ACB.HM,Financials,0.583434014511965,True,True,True,True,False,False,False,eligible,missing_operating_profitability,missing_investment
3,2018-12,82,ANV.HM,2623066060879,2018-12-31,2019-02-28,2019-07-31,True,ANV.HM,2018-10-17,1551379266253.0,,,False,ANV.HM,Consumer Staples,0.5914373600385522,False,True,True,True,False,False,False,eligible,missing_operating_profitability,missing_investment
3,2018-12,27,BHN.HM,14503782778946,2018-12-31,2019-02-28,2019-07-31,True,BHN.HM,2018-10-31,4968918957129.0,,,False,BHN.HM,Consumer Staples,0.3425946894586693,False,True,True,True,False,False,False,eligible,missing_operating_profitability,missing_investment
3,2018-12,88,BIC.HM,2303929977512,2018-12-31,2019-02-28,2019-07-31,True,BIC.HM,2018-10-31,2131081765071.0,,,False,BIC.HM,Financials,0.9249767943782485,True,True,True,True,False,False,False,eligible,missing_operating_profitability,missing_investment
3,2018-12,7,BID.HM,101867739532354,2018-12-31,2019-02-28,2019-07-31,True,BID.HM,2018-10-25,53719928000000.0,,,False,BID.HM,Financials,0.5273497600576297,True,True,True,True,False,False,False,eligible,missing_operating_profitability,missing_investment
3,2018-12,92,BMP.HM,2192250649288,2018-12-31,2019-02-28,2019-07-31,True,BMP.HM,2018-07-20,2373982045052.0,,,False,BMP.HM,Industrials,1.082897179582555,False,True,True,True,False,False,False,eligible,missing_operating_profitability,missing_investment
3,2018-12,75,BSR.HM,3068530501339,2018-12-31,2019-02-28,2019-07-31,True,,,,,,False,BSR.HM,Energy,,False,True,False,False,False,False,False,no_statement_available_at_formation,no_statement_available_at_formation,no_statement_available_at_formation
3,2018-12,13,BVH.HM,52485026179063,2018-12-31,2019-02-28,2019-07-31,True,BVH.HM,2018-10-30,15271592184501.0,,,False,BVH.HM,Financials,0.2909704595058971,True,True,True,True,False,False,False,eligible,missing_operating_profitability,missing_investment
3,2018-12,73,BWE.HM,3180599445255,2018-12-31,2019-02-28,2019-07-31,True,BWE.HM,2018-10-22,3985929126704.0,,,False,BWE.HM,Utilities,1.2532005979723215,False,True,True,True,False,False,False,eligible,missing_operating_profitability,missing_investment
3,2018-12,50,CII.HM,5762981914448,2018-12-31,2019-02-28,2019-07-31,True,CII.HM,2018-10-30,7705449054384.0,,,False,CII.HM,Industrials,1.3370593850149288,False,True,True,True,False,False,False,eligible,missing_operating_profitability,missing_investment
3,2018-12,96,CRE.HM,2004545331829,2018-12-31,2019-02-28,2019-07-31,True,CRE.HM,2018-09-06,1315188432999.0,,,False,CRE.HM,Real Estate,0.6561031133174661,False,True,True,True,False,False,False,eligible,missing_operating_profitability,missing_investment
3,2018-12,30,CTD.HM,11198631361665,2018-12-31,2019-02-28,2019-07-31,True,CTD.HM,2018-10-22,8081509825355.0,,,False,CTD.HM,Industrials,0.721651562977554,False,True,True,True,False,False,False,eligible,missing_operating_profitability,missing_investment
3,2018-12,10,CTG.HM,68599105439496,2018-12-31,2019-02-28,2019-07-31,True,CTG.HM,2018-10-30,69915125000000.0,,,False,CTG.HM,Financials,1.019184208774628,True,True,True,True,False,False,False,eligible,missing_operating_profitability,missing_investment
3,2018-12,98,DBC.HM,1971210411494,2018-12-31,2019-02-28,2019-07-31,True,DBC.HM,2018-10-18,2631219008136.0,,,False,DBC.HM,Consumer Staples,1.3348240212173863,False,True,True,True,False,False,False,eligible,missing_operating_profitability,missing_investment
3,2018-12,70,DCM.HM,3575894064569,2018-12-31,2019-02-28,2019-07-31,True,DCM.HM,2018-10-29,6191150198836.0,,,False,DCM.HM,Materials,1.731357273745808,False,True,True,True,False,False,False,eligible,missing_operating_profitability,missing_investment
3,2018-12,69,DGC.HM,3714692032983,2018-12-31,2019-02-28,2019-07-31,True,DGC.HM,2018-10-23,2920791198655.0,,,False,DGC.HM,Materials,0.7862808471660905,False,True,True,True,False,False,False,eligible,missing_operating_profitability,missing_investment
3,2018-12,44,DHG.HM,7065667569235,2018-12-31,2019-02-28,2019-07-31,True,DHG.HM,2018-10-22,2941643860265.0,,,False,DHG.HM,Health Care,0.4163292189224085,False,True,True,True,False,False,False,eligible,missing_operating_profitability,missing_investment
3,2018-12,67,DIG.HM,3753780113189,2018-12-31,2019-02-28,2019-07-31,True,DIG.HM,2018-10-30,3003243860360.0,,,False,DIG.HM,Industrials,0.8000585462659434,False,True,True,True,False,False,False,eligible,missing_operating_profitability,missing_investment
3,2018-12,97,DMC.HM,1984861800820,2018-12-31,2019-02-28,2019-07-31,True,DMC.HM,2018-10-22,1063647581055.0,,,False,DMC.HM,Health Care,0.5358799190027127,False,True,True,True,False,False,False,eligible,missing_operating_profitability,missing_investment
3,2018-12,56,DPM.HM,5011154600739,2018-12-31,2019-02-28,2019-07-31,True,DPM.HM,2018-10-19,8149986010424.0,,,False,DPM.HM,Materials,1.6263689029314947,False,True,True,True,False,False,False,eligible,missing_operating_profitability,missing_investment
3,2018-12,86,DTL.HM,2437365556800,2018-12-31,2019-02-28,2019-07-31,True,DTL.HM,2018-10-30,1226329602435.0,,,False,DTL.HM,Materials,0.5031373316217037,False,True,True,True,False,False,False,eligible,missing_operating_profitability,missing_investment
3,2018-12,41,DXG.HM,7303283682915,2018-12-31,2019-02-28,2019-07-31,True,DXG.HM,2018-10-22,5602661418074.0,,,False,DXG.HM,Real Estate,0.767142789644148,False,True,True,True,False,False,False,eligible,missing_operating_profitability,missing_investment
3,2018-12,26,EIB.HM,17012452814033,2018-12-31,2019-02-28,2019-07-31,True,EIB.HM,2018-10-30,15187003000000.0,,,False,EIB.HM,Financials,0.892699198993384,True,True,True,True,False,False,False,eligible,missing_operating_profitability,missing_investment
3,2018-12,25,FPT.HM,19800621533603,2018-12-31,2019-02-28,2019-07-31,True,FPT.HM,2018-10-31,14164808741956.0,,,False,FPT.HM,Information Technology,0.7153719249629289,False,True,True,True,False,False,False,eligible,missing_operating_profitability,missing_investment
3,2018-12,60,FRT.HM,4566912338165,2018-12-31,2019-02-28,2019-07-31,True,FRT.HM,2018-10-22,1023867566969.0,,,False,FRT.HM,Consumer Discretionary,0.22419251589584777,False,True,True,True,False,False,False,eligible,missing_operating_profitability,missing_investment
3,2018-12,5,GAS.HM,126032780595526,2018-12-31,2019-02-28,2019-07-31,True,GAS.HM,2018-10-19,44256941836961.0,,,False,GAS.HM,Utilities,0.35115421264086644,False,True,True,True,False,False,False,eligible,missing_operating_profitability,missing_investment
3,2018-12,79,GEG.HM,2819830071113,2018-12-31,2019-02-28,2019-07-31,True,GEG.HM,2018-10-30,2301840017321.0,,,False,GEG.HM,Utilities,0.8163045145526989,False,True,True,True,False,False,False,eligible,missing_operating_profitability,missing_investment
3,2018-12,35,GEX.HM,8500069919559,2018-12-31,2019-02-28,2019-07-31,True,GEX.HM,2018-10-30,7680751658305.0,,,False,GEX.HM,Industrials,0.9036104092074918,False,True,True,True,False,False,False,eligible,missing_operating_profitability,missing_investment
3,2018-12,46,GMD.HM,6096969242219,2018-12-31,2019-02-28,2019-07-31,True,GMD.HM,2018-10-30,6383447414813.0,,,False,GMD.HM,Industrials,1.0469869801228875,False,True,True,True,False,False,False,eligible,missing_operating_profitability,missing_investment
3,2018-12,61,HAG.HM,4525708501040,2018-12-31,2019-02-28,2019-07-31,True,HAG.HM,2018-10-31,17021866174000.0,,,False,HAG.HM,Consumer Staples,3.761149479708736,False,True,True,True,False,False,False,eligible,missing_operating_profitability,missing_investment
3,2018-12,66,HCM.HM,3832946351564,2018-12-31,2019-02-28,2019-07-31,True,HCM.HM,2018-10-19,3066120385969.0,,,False,HCM.HM,Financials,0.7999382471705863,True,True,True,True,False,False,False,eligible,missing_operating_profitability,missing_investment
3,2018-12,23,HDB.HM,27085293995660,2018-12-31,2019-02-28,2019-07-31,True,HDB.HM,2018-10-29,15954562000000.0,,,False,HDB.HM,Financials,0.5890488765806445,True,True,True,True,False,False,False,eligible,missing_operating_profitability,missing_investment
3,2018-12,87,HDG.HM,2369422316200,2018-12-31,2019-02-28,2019-07-31,True,HDG.HM,2018-10-31,2360519720192.0,,,False,HDG.HM,Industrials,0.9962427145439072,False,True,True,True,False,False,False,eligible,missing_operating_profitability,missing_investment
3,2018-12,91,HNA.HM,2238155056313,2018-12-31,2019-02-28,2019-07-31,True,HNA.HM,2018-10-22,2418772638564.0,,,False,HNA.HM,Utilities,1.0806993160467346,False,True,True,True,False,False,False,eligible,missing_operating_profitability,missing_investment
3,2018-12,17,HPG.HM,43497008831735,2018-12-31,2019-02-28,2019-07-31,True,HPG.HM,2018-10-30,39033700617587.0,,,False,HPG.HM,Materials,0.8973881576221946,False,True,True,True,False,False,False,eligible,missing_operating_profitability,missing_investment
3,2018-12,54,HPX.HM,5199899989711,2018-12-31,2019-02-28,2019-07-31,True,HPX.HM,2018-11-08,2231597858117.0,,,False,HPX.HM,Real Estate,0.4291616882118203,False,True,True,True,False,False,False,eligible,missing_operating_profitability,missing_investment
3,2018-12,100,HSG.HM,1824424195073,2018-12-31,2019-02-28,2019-07-31,True,HSG.HM,2018-10-31,5151625718925.0,,,False,HSG.HM,Materials,2.823699517270911,False,True,True,True,False,False,False,eligible,missing_operating_profitability,missing_investment
3,2018-12,64,HT1.HM,3956471908338,2018-12-31,2019-02-28,2019-07-31,True,HT1.HM,2018-10-19,4977280141178.0,,,False,HT1.HM,Materials,1.258009725960322,False,True,True,True,False,False,False,eligible,missing_operating_profitability,missing_investment
3,2018-12,16,HVN.HM,45760134051645,2018-12-31,2019-02-28,2019-07-31,True,HVN.HM,2018-11-02,17226527253828.0,,,False,HVN.HM,Industrials,0.3764527270480917,False,True,True,True,False,False,False,eligible,missing_operating_profitability,missing_investment
3,2018-12,83,IMP.HM,2592924516484,2018-12-31,2019-02-28,2019-07-31,True,IMP.HM,2018-10-19,1479216051567.0,,,False,IMP.HM,Health Care,0.570481725234645,False,True,True,True,False,False,False,eligible,missing_operating_profitability,missing_investment
3,2018-12,49,KBC.HM,5782074413815,2018-12-31,2019-02-28,2019-07-31,True,KBC.HM,2018-10-30,9566594205476.0,,,False,KBC.HM,Real Estate,1.6545263033313302,False,True,True,True,False,False,False,eligible,missing_operating_profitability,missing_investment
3,2018-12,68,KDC.HM,3745637587361,2018-12-31,2019-02-28,2019-07-31,True,KDC.HM,2018-10-22,8426294294201.0,,,False,KDC.HM,Consumer Staples,2.2496288275817338,False,True,True,True,False,False,False,eligible,missing_operating_profitability,missing_investment
3,2018-12,29,KDH.HM,12601462718172,2018-12-31,2019-02-28,2019-07-31,True,KDH.HM,2018-10-30,6364026634000.0,,,False,KDH.HM,Real Estate,0.5050228514204724,False,True,True,True,False,False,False,eligible,missing_operating_profitability,missing_investment
3,2018-12,74,KLB.HM,3071001415991,2018-12-31,2019-02-28,2019-07-31,True,KLB.HM,2018-10-23,3697817000000.0,,,False,KLB.HM,Financials,1.2041078785392645,True,True,True,True,False,False,False,eligible,missing_operating_profitability,missing_investment
3,2018-12,84,KOS.HM,2521126571362,2018-12-31,2019-02-28,2019-07-31,True,,,,,,False,KOS.HM,Real Estate,,False,True,False,False,False,False,False,no_statement_available_at_formation,no_statement_available_at_formation,no_statement_available_at_formation
3,2018-12,80,LDG.HM,2686780724876,2018-12-31,2019-02-28,2019-07-31,True,LDG.HM,2018-10-19,2244090774727.0,,,False,LDG.HM,Real Estate,0.8352340605802764,False,True,True,True,False,False,False,eligible,missing_operating_profitability,missing_investment
3,2018-12,47,LGC.HM,5970084045520,2018-12-31,2019-02-28,2019-07-31,True,LGC.HM,2018-10-30,3389134134072.0,,,False,LGC.HM,Industrials,0.5676861679384956,False,True,True,True,False,False,False,eligible,missing_operating_profitability,missing_investment
3,2018-12,39,LPB.HM,7611263547930,2018-12-31,2019-02-28,2019-07-31,True,LPB.HM,2018-10-23,10067325000000.0,,,False,LPB.HM,Financials,1.3226877425283694,True,True,True,True,False,False,False,eligible,missing_operating_profitability,missing_investment
3,2018-12,22,MBB.HM,31049873371101,2018-12-31,2019-02-28,2019-07-31,True,MBB.HM,2018-10-22,33207642000000.0,,,False,MBB.HM,Financials,1.0694936369984458,True,True,True,True,False,False,False,eligible,missing_operating_profitability,missing_investment
3,2018-12,18,MCH.HM,42518201959226,2018-12-31,2019-02-28,2019-07-31,True,MCH.HM,2018-10-30,9998839630377.0,,,False,MCH.HM,Consumer Staples,0.235166097568417,False,True,True,True,False,False,False,eligible,missing_operating_profitability,missing_investment
3,2018-12,9,MSN.HM,87672389417176,2018-12-31,2019-02-28,2019-07-31,True,MSN.HM,2018-10-29,22272831000000.0,,,False,MSN.HM,Consumer Staples,0.25404612727067416,False,True,True,True,False,False,False,eligible,missing_operating_profitability,missing_investment
3,2018-12,20,MWG.HM,34867878700319,2018-12-31,2019-02-28,2019-07-31,True,MWG.HM,2018-10-30,8162767661816.0,,,False,MWG.HM,Consumer Discretionary,0.2341056573006066,False,True,True,True,False,False,False,eligible,missing_operating_profitability,missing_investment
3,2018-12,53,NLG.HM,5268472079041,2018-12-31,2019-02-28,2019-07-31,True,NLG.HM,2018-10-23,4773707838252.0,,,False,NLG.HM,Real Estate,0.9060896150978445,False,True,True,True,False,False,False,eligible,missing_operating_profitability,missing_investment
3,2018-12,62,NT2.HM,4462056695284,2018-12-31,2019-02-28,2019-07-31,True,NT2.HM,2018-10-18,3689037310843.0,,,False,NT2.HM,Utilities,0.8267571576896338,False,True,True,True,False,False,False,eligible,missing_operating_profitability,missing_investment
3,2018-12,12,NVL.HM,59734710478808,2018-12-31,2019-02-28,2019-07-31,True,NVL.HM,2018-11-12,18373435460101.0,,,False,NVL.HM,Real Estate,0.3075839041124895,False,True,True,True,False,False,False,eligible,missing_operating_profitability,missing_investment
3,2018-12,55,PAN.HM,5071920849271,2018-12-31,2019-02-28,2019-07-31,True,PAN.HM,2018-10-30,5476541158926.0,,,False,PAN.HM,Consumer Staples,1.079776542591976,False,True,True,True,False,False,False,eligible,missing_operating_profitability,missing_investment
3,2018-12,71,PC1.HM,3292685339582,2018-12-31,2019-02-28,2019-07-31,True,PC1.HM,2018-10-30,3221289527216.0,,,False,PC1.HM,Industrials,0.9783168432441032,False,True,True,True,False,False,False,eligible,missing_operating_profitability,missing_investment
3,2018-12,45,PDR.HM,6497575740844,2018-12-31,2019-02-28,2019-07-31,True,PDR.HM,2018-10-19,3214290012395.0,,,False,PDR.HM,Real Estate,0.4946906570384174,False,True,True,True,False,False,False,eligible,missing_operating_profitability,missing_investment
3,2018-12,89,PGD.HM,2253718490595,2018-12-31,2019-02-28,2019-07-31,True,PGD.HM,2018-10-18,1327056456710.0,,,False,PGD.HM,Utilities,0.5888297328383929,False,True,True,True,False,False,False,eligible,missing_operating_profitability,missing_investment
3,2018-12,72,PHR.HM,3226334824079,2018-12-31,2019-02-28,2019-07-31,True,PHR.HM,2018-10-19,2739935499305.0,,,False,PHR.HM,Materials,0.8492409029763831,False,True,True,True,False,False,False,eligible,missing_operating_profitability,missing_investment
3,2018-12,15,PLX.HM,47268147495856,2018-12-31,2019-02-28,2019-07-31,True,PLX.HM,2018-11-01,22312749206011.0,,,False,PLX.HM,Energy,0.47204619575935697,False,True,True,True,False,False,False,eligible,missing_operating_profitability,missing_investment
3,2018-12,34,PNJ.HM,8894593752960,2018-12-31,2019-02-28,2019-07-31,True,PNJ.HM,2018-10-19,3382261329245.0,,,False,PNJ.HM,Consumer Discretionary,0.3802603495094342,False,True,True,True,False,False,False,eligible,missing_operating_profitability,missing_investment
3,2018-12,42,POW.HM,7140168194015,2018-12-31,2019-02-28,2019-07-31,True,,,,,,False,POW.HM,Utilities,,False,True,False,False,False,False,False,no_statement_available_at_formation,no_statement_available_at_formation,no_statement_available_at_formation
3,2018-12,77,PPC.HM,2985876102532,2018-12-31,2019-02-28,2019-07-31,True,PPC.HM,2018-10-16,5886930218047.0,,,False,PPC.HM,Utilities,1.9715922616664932,False,True,True,True,False,False,False,eligible,missing_operating_profitability,missing_investment
3,2018-12,94,PTB.HM,2132917126117,2018-12-31,2019-02-28,2019-07-31,True,PTB.HM,2018-10-30,1528689741402.0,,,False,PTB.HM,Consumer Discretionary,0.7167131449617066,False,True,True,True,False,False,False,eligible,missing_operating_profitability,missing_investment
3,2018-12,52,PVD.HM,5466220557312,2018-12-31,2019-02-28,2019-07-31,True,PVD.HM,2018-10-31,13525450204300.0,,,False,PVD.HM,Energy,2.4743696421483414,False,True,True,True,False,False,False,eligible,missing_operating_profitability,missing_investment
3,2018-12,65,PVT.HM,3843388098230,2018-12-31,2019-02-28,2019-07-31,True,PVT.HM,2018-10-26,4810245954127.0,,,False,PVT.HM,Energy,1.2515639407694135,False,True,True,True,False,False,False,eligible,missing_operating_profitability,missing_investment
3,2018-12,37,REE.HM,8042887644984,2018-12-31,2019-02-28,2019-07-31,True,REE.HM,2018-10-30,9383640551950.0,,,False,REE.HM,Industrials,1.166700439711124,False,True,True,True,False,False,False,eligible,missing_operating_profitability,missing_investment
3,2018-12,4,SAB.HM,133960119616758,2018-12-31,2019-02-28,2019-07-31,True,SAB.HM,2018-10-30,17702660481136.0,,,False,SAB.HM,Consumer Staples,0.1321487359953167,False,True,True,True,False,False,False,eligible,missing_operating_profitability,missing_investment
3,2018-12,33,SBT.HM,9196077668775,2018-12-31,2019-02-28,2019-07-31,True,SBT.HM,2018-10-30,6179612954885.0,,,False,SBT.HM,Consumer Staples,0.6719835540175663,False,True,True,True,False,False,False,eligible,missing_operating_profitability,missing_investment
3,2018-12,85,SCR.HM,2476317223711,2018-12-31,2019-02-28,2019-07-31,True,SCR.HM,2018-10-31,4456594185082.0,,,False,SCR.HM,Real Estate,1.7996863012580286,False,True,True,True,False,False,False,eligible,missing_operating_profitability,missing_investment
3,2018-12,57,SCS.HM,4858828213525,2018-12-31,2019-02-28,2019-07-31,True,SCS.HM,2018-10-17,898062069084.0,,,False,SCS.HM,Industrials,0.18483099826088947,False,True,True,True,False,False,False,eligible,missing_operating_profitability,missing_investment
3,2018-12,38,SHB.HM,7994162765282,2018-12-31,2019-02-28,2019-07-31,True,SHB.HM,2018-10-30,16054003000000.0,,,False,SHB.HM,Financials,2.0082156782848144,True,True,True,True,False,False,False,eligible,missing_operating_profitability,missing_investment
3,2018-12,95,SJS.HM,2036928640703,2018-12-31,2019-02-28,2019-07-31,True,SJS.HM,2018-10-22,2200998546307.0,,,False,SJS.HM,Real Estate,1.0805476943695853,False,True,True,True,False,False,False,eligible,missing_operating_profitability,missing_investment
3,2018-12,31,SSI.HM,9908219152363,2018-12-31,2019-02-28,2019-07-31,True,SSI.HM,2018-10-30,9512059781711.0,,,False,SSI.HM,Financials,0.9600170964569833,True,True,True,True,False,False,False,eligible,missing_operating_profitability,missing_investment
3,2018-12,24,STB.HM,21553658476550,2018-12-31,2019-02-28,2019-07-31,True,STB.HM,2018-10-19,23780895000000.0,,,False,STB.HM,Financials,1.1033345000744628,True,True,True,True,False,False,False,eligible,missing_operating_profitability,missing_investment
3,2018-12,99,STG.HM,1847163111600,2018-12-31,2019-02-28,2019-07-31,True,STG.HM,2018-10-26,1579368150468.0,,,False,STG.HM,Industrials,0.8550236525132652,False,True,True,True,False,False,False,eligible,missing_operating_profitability,missing_investment
3,2018-12,8,TCB.HM,88054382805287,2018-12-31,2019-02-28,2019-07-31,True,TCB.HM,2018-10-23,49481001000000.0,,,False,TCB.HM,Financials,0.5619368329389851,True,True,True,True,False,False,False,eligible,missing_operating_profitability,missing_investment
3,2018-12,59,TCH.HM,4621740104152,2018-12-31,2019-02-28,2019-07-31,True,TCH.HM,2018-10-30,4282726418191.0,,,False,TCH.HM,Industrials,0.9266480420098823,False,True,True,True,False,False,False,eligible,missing_operating_profitability,missing_investment
3,2018-12,76,TLG.HM,2999855983604,2018-12-31,2019-02-28,2019-07-31,True,TLG.HM,2018-10-30,1225263506117.0,,,False,TLG.HM,Industrials,0.4084407760951842,False,True,True,True,False,False,False,eligible,missing_operating_profitability,missing_investment
3,2018-12,28,TPB.HM,13871142813703,2018-12-31,2019-02-28,2019-07-31,True,TPB.HM,2018-10-22,10202027000000.0,,,False,TPB.HM,Financials,0.7354856868694077,True,True,True,True,False,False,False,eligible,missing_operating_profitability,missing_investment
3,2018-12,2,VCB.HM,187240403968793,2018-12-31,2019-02-28,2019-07-31,True,VCB.HM,2018-10-23,61526479000000.0,,,False,VCB.HM,Financials,0.3285961667240074,True,True,True,True,False,False,False,eligible,missing_operating_profitability,missing_investment
3,2018-12,90,VCF.HM,2238793807841,2018-12-31,2019-02-28,2019-07-31,True,VCF.HM,2018-10-29,1194493113140.0,,,False,VCF.HM,Consumer Staples,0.5335431556744923,False,True,True,True,False,False,False,eligible,missing_operating_profitability,missing_investment
3,2018-12,36,VCG.HM,8387891103114,2018-12-31,2019-02-28,2019-07-31,True,VCG.HM,2018-10-31,7717200492387.0,,,False,VCG.HM,Industrials,0.9200406153964008,False,True,True,True,False,False,False,eligible,missing_operating_profitability,missing_investment
3,2018-12,63,VCI.HM,4366154409426,2018-12-31,2019-02-28,2019-07-31,True,VCI.HM,2018-10-19,3775259017839.0,,,False,VCI.HM,Financials,0.8646645683644792,True,True,True,True,False,False,False,eligible,missing_operating_profitability,missing_investment
3,2018-12,51,VGC.HM,5528099863352,2018-12-31,2019-02-28,2019-07-31,True,VGC.HM,2018-11-01,6751551697168.0,,,False,VGC.HM,Industrials,1.2213150746293053,False,True,True,True,False,False,False,eligible,missing_operating_profitability,missing_investment
3,2018-12,43,VHC.HM,7071104504634,2018-12-31,2019-02-28,2019-07-31,True,VHC.HM,2018-10-23,3783399166419.0,,,False,VHC.HM,Consumer Staples,0.5350506648486917,False,True,True,True,False,False,False,eligible,missing_operating_profitability,missing_investment
3,2018-12,6,VHM.HM,112421345240371,2018-12-31,2019-02-28,2019-07-31,True,VHM.HM,2018-10-31,46275224784620.0,,,False,VHM.HM,Real Estate,0.41162311912989247,False,True,True,True,False,False,False,eligible,missing_operating_profitability,missing_investment
3,2018-12,32,VIB.HM,9415710030038,2018-12-31,2019-02-28,2019-07-31,True,VIB.HM,2018-10-19,10119049000000.0,,,False,VIB.HM,Financials,1.0746984526624341,True,True,True,True,False,False,False,eligible,missing_operating_profitability,missing_investment
3,2018-12,1,VIC.HM,304161523767519,2018-12-31,2019-02-28,2019-07-31,True,VIC.HM,2018-10-31,98110310505683.0,,,False,VIC.HM,Real Estate,0.3225598993930345,False,True,True,True,False,False,False,eligible,missing_operating_profitability,missing_investment
3,2018-12,14,VJC.HM,49559801688964,2018-12-31,2019-02-28,2019-07-31,True,VJC.HM,2018-10-31,12450580974733.0,,,False,VJC.HM,Industrials,0.25122338166065544,False,True,True,True,False,False,False,eligible,missing_operating_profitability,missing_investment
3,2018-12,78,VND.HM,2888063388636,2018-12-31,2019-02-28,2019-07-31,True,VND.HM,2018-10-19,3091527060861.0,,,False,VND.HM,Financials,1.0704498637480022,True,True,True,True,False,False,False,eligible,missing_operating_profitability,missing_investment
3,2018-12,3,VNM.HM,145050793002626,2018-12-31,2019-02-28,2019-07-31,True,VNM.HM,2018-10-30,25950209286277.0,,,False,VNM.HM,Consumer Staples,0.17890429103553537,False,True,True,True,False,False,False,eligible,missing_operating_profitability,missing_investment
3,2018-12,19,VPB.HM,42429986401441,2018-12-31,2019-02-28,2019-07-31,True,VPB.HM,2018-10-22,31986964000000.0,,,False,VPB.HM,Financials,0.7538763669958108,True,True,True,True,False,False,False,eligible,missing_operating_profitability,missing_investment
3,2018-12,48,VPI.HM,5816025633201,2018-12-31,2019-02-28,2019-07-31,True,VPI.HM,2018-10-24,2197933888738.0,,,False,VPI.HM,Real Estate,0.37790993839349885,False,True,True,True,False,False,False,eligible,missing_operating_profitability,missing_investment
3,2018-12,11,VRE.HM,63109993587931,2018-12-31,2019-02-28,2019-07-31,True,VRE.HM,2018-10-31,27813414841328.0,,,False,VRE.HM,Real Estate,0.44071332066569835,False,True,True,True,False,False,False,eligible,missing_operating_profitability,missing_investment
3,2018-12,81,VSH.HM,2684450513709,2018-12-31,2019-02-28,2019-07-31,True,VSH.HM,2018-10-29,2971251035481.0,,,False,VSH.HM,Utilities,1.1068377011635573,False,True,True,True,False,False,False,eligible,missing_operating_profitability,missing_investment
3,2018-12,58,VTP.HM,4825214254458,2018-12-31,2019-02-28,2019-07-31,True,VTP.HM,2018-11-28,616361468303.0,,,False,VTP.HM,Industrials,0.1277376372942498,False,True,True,True,False,False,False,eligible,missing_operating_profitability,missing_investment
3,2018-12,40,YEG.HM,7350784492686,2018-12-31,2019-02-28,2019-07-31,True,YEG.HM,2018-10-19,1554691061462.0,,,False,YEG.HM,Communication Services,0.21150001921684838,False,True,True,True,False,False,False,eligible,missing_operating_profitability,missing_investment
4,2019-06,83,AAA.HM,2734022799567,2019-06-30,2019-08-31,2020-01-31,True,AAA.HM,2019-04-26,3124272893149.0,,,False,AAA.HM,Materials,1.1427384196078416,False,True,True,True,False,False,False,eligible,missing_operating_profitability,missing_investment
4,2019-06,23,ACB.HM,32663839552618,2019-06-30,2019-08-31,2020-01-31,True,ACB.HM,2019-04-29,22383445000000.0,,,False,ACB.HM,Financials,0.6852668059412499,True,True,True,True,False,False,False,eligible,missing_operating_profitability,missing_investment
4,2019-06,84,ANV.HM,2729109341801,2019-06-30,2019-08-31,2020-01-31,True,ANV.HM,2019-04-18,2073221493098.0,,,False,ANV.HM,Consumer Staples,0.7596696333646474,False,True,True,True,False,False,False,eligible,missing_operating_profitability,missing_investment
4,2019-06,100,AST.HM,2024402609655,2019-06-30,2019-08-31,2020-01-31,True,AST.HM,2019-06-03,598268528711.0,,,False,AST.HM,Consumer Discretionary,0.2955284318730242,False,True,True,True,False,False,False,eligible,missing_operating_profitability,missing_investment
4,2019-06,28,BHN.HM,17010609432115,2019-06-30,2019-08-31,2020-01-31,True,BHN.HM,2019-04-26,5002708251467.0,,,False,BHN.HM,Consumer Staples,0.2940934169014656,False,True,True,True,False,False,False,eligible,missing_operating_profitability,missing_investment
4,2019-06,8,BID.HM,93872306486709,2019-06-30,2019-08-31,2020-01-31,True,BID.HM,2019-04-26,56652302000000.0,,,False,BID.HM,Financials,0.6035038886364337,True,True,True,True,False,False,False,eligible,missing_operating_profitability,missing_investment
4,2019-06,77,BSR.HM,2910591431365,2019-06-30,2019-08-31,2020-01-31,True,BSR.HM,2019-04-23,31975331655260.0,,,False,BSR.HM,Energy,10.985853703370628,False,True,True,True,False,False,False,eligible,missing_operating_profitability,missing_investment
4,2019-06,17,BVH.HM,47649327137804,2019-06-30,2019-08-31,2020-01-31,True,BVH.HM,2019-05-02,15910330574629.0,,,False,BVH.HM,Financials,0.33390462217054206,True,True,True,True,False,False,False,eligible,missing_operating_profitability,missing_investment
4,2019-06,71,BWE.HM,3400396967874,2019-06-30,2019-08-31,2020-01-31,True,BWE.HM,2019-04-22,4283839572681.0,,,False,BWE.HM,Utilities,1.2598057265529639,False,True,True,True,False,False,False,eligible,missing_operating_profitability,missing_investment
4,2019-06,59,CII.HM,4932793221236,2019-06-30,2019-08-31,2020-01-31,True,CII.HM,2019-04-26,7752059355454.0,,,False,CII.HM,Industrials,1.571535437990969,False,True,True,True,False,False,False,eligible,missing_operating_profitability,missing_investment
4,2019-06,85,CMG.HM,2528103089434,2019-06-30,2019-08-31,2020-01-31,True,CMG.HM,2019-04-26,1362555506598.0,,,False,CMG.HM,Information Technology,0.5389635858967498,False,True,True,True,False,False,False,eligible,missing_operating_profitability,missing_investment
4,2019-06,42,CTD.HM,7314985860322,2019-06-30,2019-08-31,2020-01-31,True,CTD.HM,2019-04-19,8201640424672.0,,,False,CTD.HM,Industrials,1.1212107010567713,False,True,True,True,False,False,False,eligible,missing_operating_profitability,missing_investment
4,2019-06,11,CTG.HM,69309977002519,2019-06-30,2019-08-31,2020-01-31,True,CTG.HM,2019-05-02,70125496000000.0,,,False,CTG.HM,Financials,1.0117662569337076,True,True,True,True,False,False,False,eligible,missing_operating_profitability,missing_investment
4,2019-06,97,DBC.HM,2051564056325,2019-06-30,2019-08-31,2020-01-31,True,DBC.HM,2019-04-18,2766584879200.0,,,False,DBC.HM,Consumer Staples,1.348524736856537,False,True,True,True,False,False,False,eligible,missing_operating_profitability,missing_investment
4,2019-06,74,DCM.HM,2950980538727,2019-06-30,2019-08-31,2020-01-31,True,DCM.HM,2019-05-29,5966956884492.0,,,False,DCM.HM,Materials,2.022025156108294,False,True,True,True,False,False,False,eligible,missing_operating_profitability,missing_investment
4,2019-06,82,DGC.HM,2744268731645,2019-06-30,2019-08-31,2020-01-31,True,DGC.HM,2019-04-24,3177614797523.0,,,False,DGC.HM,Materials,1.1579094863709791,False,True,True,True,False,False,False,eligible,missing_operating_profitability,missing_investment
4,2019-06,32,DHG.HM,9916198059815,2019-06-30,2019-08-31,2020-01-31,True,DHG.HM,2019-04-19,3017943922795.0,,,False,DHG.HM,Health Care,0.30434486126543786,False,True,True,True,False,False,False,eligible,missing_operating_profitability,missing_investment
4,2019-06,66,DIG.HM,4049303949478,2019-06-30,2019-08-31,2020-01-31,True,DIG.HM,2019-05-03,3045516633624.0,,,False,DIG.HM,Industrials,0.7521086763606868,False,True,True,True,False,False,False,eligible,missing_operating_profitability,missing_investment
4,2019-06,69,DPM.HM,3589486324259,2019-06-30,2019-08-31,2020-01-31,True,DPM.HM,2019-04-19,8074504573852.0,,,False,DPM.HM,Materials,2.249487487744885,False,True,True,True,False,False,False,eligible,missing_operating_profitability,missing_investment
4,2019-06,53,DXG.HM,5722951288983,2019-06-30,2019-08-31,2020-01-31,True,DXG.HM,2019-04-22,6619565205038.0,,,False,DXG.HM,Real Estate,1.1566698493102732,False,True,True,True,False,False,False,eligible,missing_operating_profitability,missing_investment
4,2019-06,26,EIB.HM,22763993800825,2019-06-30,2019-08-31,2020-01-31,True,EIB.HM,2019-04-26,15235997000000.0,,,False,EIB.HM,Financials,0.6693024577896267,True,True,True,True,False,False,False,eligible,missing_operating_profitability,missing_investment
4,2019-06,25,FPT.HM,24041244007157,2019-06-30,2019-08-31,2020-01-31,True,FPT.HM,2019-04-27,15532763194118.0,,,False,FPT.HM,Information Technology,0.6460881637195623,False,True,True,True,False,False,False,eligible,missing_operating_profitability,missing_investment
4,2019-06,65,FRT.HM,4183244390745,2019-06-30,2019-08-31,2020-01-31,True,FRT.HM,2019-04-24,1222740790915.0,,,False,FRT.HM,Consumer Discretionary,0.29229484981087617,False,True,True,True,False,False,False,eligible,missing_operating_profitability,missing_investment
4,2019-06,4,GAS.HM,144725410741196,2019-06-30,2019-08-31,2020-01-31,True,GAS.HM,2019-04-19,45928201666640.0,,,False,GAS.HM,Utilities,0.317347184792384,False,True,True,True,False,False,False,eligible,missing_operating_profitability,missing_investment
4,2019-06,63,GEG.HM,4531994208616,2019-06-30,2019-08-31,2020-01-31,True,GEG.HM,2019-05-02,2567021533857.0,,,False,GEG.HM,Utilities,0.5664220684520531,False,True,True,True,False,False,False,eligible,missing_operating_profitability,missing_investment
4,2019-06,36,GEX.HM,8816290169242,2019-06-30,2019-08-31,2020-01-31,True,GEX.HM,2019-05-02,7881816351386.0,,,False,GEX.HM,Industrials,0.8940060048027726,False,True,True,True,False,False,False,eligible,missing_operating_profitability,missing_investment
4,2019-06,48,GMD.HM,6061996187399,2019-06-30,2019-08-31,2020-01-31,True,GMD.HM,2019-05-02,6670296852531.0,,,False,GMD.HM,Industrials,1.100346593156305,False,True,True,True,False,False,False,eligible,missing_operating_profitability,missing_investment
4,2019-06,58,HAG.HM,4961586164050,2019-06-30,2019-08-31,2020-01-31,True,HAG.HM,2019-05-02,16761799853000.0,,,False,HAG.HM,Consumer Staples,3.3783147765225596,False,True,True,True,False,False,False,eligible,missing_operating_profitability,missing_investment
4,2019-06,60,HCM.HM,4843796419021,2019-06-30,2019-08-31,2020-01-31,True,HCM.HM,2019-04-19,3102369853836.0,,,False,HCM.HM,Financials,0.6404831222165677,True,True,True,True,False,False,False,eligible,missing_operating_profitability,missing_investment
4,2019-06,24,HDB.HM,24582362537853,2019-06-30,2019-08-31,2020-01-31,True,HDB.HM,2019-04-26,17713159000000.0,,,False,HDB.HM,Financials,0.7205637364075361,True,True,True,True,False,False,False,eligible,missing_operating_profitability,missing_investment
4,2019-06,70,HDG.HM,3578796878827,2019-06-30,2019-08-31,2020-01-31,True,HDG.HM,2019-05-02,2950073651833.0,,,False,HDG.HM,Industrials,0.8243199465402259,False,True,True,True,False,False,False,eligible,missing_operating_profitability,missing_investment
4,2019-06,92,HNA.HM,2295543647356,2019-06-30,2019-08-31,2020-01-31,True,HNA.HM,2019-04-18,2488978716375.0,,,False,HNA.HM,Utilities,1.084265472033955,False,True,True,True,False,False,False,eligible,missing_operating_profitability,missing_investment
4,2019-06,13,HPG.HM,55815183642639,2019-06-30,2019-08-31,2020-01-31,True,HPG.HM,2019-04-26,42211124342036.0,,,False,HPG.HM,Materials,0.7562659761597483,False,True,True,True,False,False,False,eligible,missing_operating_profitability,missing_investment
4,2019-06,56,HPX.HM,5299898066238,2019-06-30,2019-08-31,2020-01-31,True,HPX.HM,2019-04-26,2592245655055.0,,,False,HPX.HM,Real Estate,0.48911236077697634,False,True,True,True,False,False,False,eligible,missing_operating_profitability,missing_investment
4,2019-06,93,HSG.HM,2287056736852,2019-06-30,2019-08-31,2020-01-31,True,HSG.HM,2019-05-02,5226266967931.0,,,False,HSG.HM,Materials,2.2851496789382897,False,True,True,True,False,False,False,eligible,missing_operating_profitability,missing_investment
4,2019-06,62,HT1.HM,4637622750001,2019-06-30,2019-08-31,2020-01-31,True,HT1.HM,2019-04-22,5270653470914.0,,,False,HT1.HM,Materials,1.1364989683373585,False,True,True,True,False,False,False,eligible,missing_operating_profitability,missing_investment
4,2019-06,12,HVN.HM,59568265370106,2019-06-30,2019-08-31,2020-01-31,True,HVN.HM,2019-05-02,19874338159589.0,,,False,HVN.HM,Industrials,0.3336396995297235,False,True,True,True,False,False,False,eligible,missing_operating_profitability,missing_investment
4,2019-06,96,IMP.HM,2097792310338,2019-06-30,2019-08-31,2020-01-31,True,IMP.HM,2019-04-19,1540934196594.0,,,False,IMP.HM,Health Care,0.7345504075881192,False,True,True,True,False,False,False,eligible,missing_operating_profitability,missing_investment
4,2019-06,46,KBC.HM,6243760963720,2019-06-30,2019-08-31,2020-01-31,True,KBC.HM,2019-05-02,9940619689332.0,,,False,KBC.HM,Real Estate,1.5920884459051152,False,True,True,True,False,False,False,eligible,missing_operating_profitability,missing_investment
4,2019-06,73,KDC.HM,2971745523917,2019-06-30,2019-08-31,2020-01-31,True,KDC.HM,2019-04-22,8399405023143.0,,,False,KDC.HM,Consumer Staples,2.82642135927975,False,True,True,True,False,False,False,eligible,missing_operating_profitability,missing_investment
4,2019-06,30,KDH.HM,12878060574962,2019-06-30,2019-08-31,2020-01-31,True,KDH.HM,2019-04-27,7001952960000.0,,,False,KDH.HM,Real Estate,0.5437117584004423,False,True,True,True,False,False,False,eligible,missing_operating_profitability,missing_investment
4,2019-06,72,KLB.HM,3358907798483,2019-06-30,2019-08-31,2020-01-31,True,KLB.HM,2019-04-24,3811325000000.0,,,False,KLB.HM,Financials,1.1346917595419939,True,True,True,True,False,False,False,eligible,missing_operating_profitability,missing_investment
4,2019-06,90,KOS.HM,2324001448557,2019-06-30,2019-08-31,2020-01-31,True,KOS.HM,2019-04-23,1125202149765.0,,,False,KOS.HM,Real Estate,0.4841658556037697,False,True,True,True,False,False,False,eligible,missing_operating_profitability,missing_investment
4,2019-06,99,LDG.HM,2041273285928,2019-06-30,2019-08-31,2020-01-31,True,LDG.HM,2019-04-19,2649207357204.0,,,False,LDG.HM,Real Estate,1.2978210097917497,False,True,True,True,False,False,False,eligible,missing_operating_profitability,missing_investment
4,2019-06,51,LGC.HM,5767135012900,2019-06-30,2019-08-31,2020-01-31,True,LGC.HM,2019-04-26,3608018051250.0,,,False,LGC.HM,Industrials,0.6256170599751072,False,True,True,True,False,False,False,eligible,missing_operating_profitability,missing_investment
4,2019-06,45,LPB.HM,6453027790936,2019-06-30,2019-08-31,2020-01-31,True,LPB.HM,2019-04-22,11617632000000.0,,,False,LPB.HM,Financials,1.800338132173902,True,True,True,True,False,False,False,eligible,missing_operating_profitability,missing_investment
4,2019-06,22,MBB.HM,33526095205244,2019-06-30,2019-08-31,2020-01-31,True,MBB.HM,2019-04-19,36131421000000.0,,,False,MBB.HM,Financials,1.0777103858593258,True,True,True,True,False,False,False,eligible,missing_operating_profitability,missing_investment
4,2019-06,18,MCH.HM,41904729809673,2019-06-30,2019-08-31,2020-01-31,True,MCH.HM,2019-04-24,11683764458714.0,,,False,MCH.HM,Consumer Staples,0.27881731994885695,False,True,True,True,False,False,False,eligible,missing_operating_profitability,missing_investment
4,2019-06,7,MSN.HM,94362250826621,2019-06-30,2019-08-31,2020-01-31,True,MSN.HM,2019-04-24,34914113000000.0,,,False,MSN.HM,Consumer Staples,0.3700008498541475,False,True,True,True,False,False,False,eligible,missing_operating_profitability,missing_investment
4,2019-06,20,MWG.HM,38936103407494,2019-06-30,2019-08-31,2020-01-31,True,MWG.HM,2019-05-02,10017109185084.0,,,False,MWG.HM,Consumer Discretionary,0.25727045873717336,False,True,True,True,False,False,False,eligible,missing_operating_profitability,missing_investment
4,2019-06,52,NLG.HM,5750009612593,2019-06-30,2019-08-31,2020-01-31,True,NLG.HM,2019-04-22,5768103112384.0,,,False,NLG.HM,Real Estate,1.0031466903553299,False,True,True,True,False,False,False,eligible,missing_operating_profitability,missing_investment
4,2019-06,61,NT2.HM,4842963974213,2019-06-30,2019-08-31,2020-01-31,True,NT2.HM,2019-04-17,3861911264202.0,,,False,NT2.HM,Utilities,0.7974272129144994,False,True,True,True,False,False,False,eligible,missing_operating_profitability,missing_investment
4,2019-06,15,NVL.HM,55454653341119,2019-06-30,2019-08-31,2020-01-31,True,NVL.HM,2019-04-27,20749330642168.0,,,False,NVL.HM,Real Estate,0.37416752954043997,False,True,True,True,False,False,False,eligible,missing_operating_profitability,missing_investment
4,2019-06,64,PAN.HM,4306829827933,2019-06-30,2019-08-31,2020-01-31,True,PAN.HM,2019-05-02,5837777137240.0,,,False,PAN.HM,Consumer Staples,1.3554696541241695,False,True,True,True,False,False,False,eligible,missing_operating_profitability,missing_investment
4,2019-06,76,PC1.HM,2915614743414,2019-06-30,2019-08-31,2020-01-31,True,PC1.HM,2019-04-26,3373225218484.0,,,False,PC1.HM,Industrials,1.156951626103443,False,True,True,True,False,False,False,eligible,missing_operating_profitability,missing_investment
4,2019-06,38,PDR.HM,8180054311946,2019-06-30,2019-08-31,2020-01-31,True,PDR.HM,2019-04-22,3651305214423.0,,,False,PDR.HM,Real Estate,0.4463668669156269,False,True,True,True,False,False,False,eligible,missing_operating_profitability,missing_investment
4,2019-06,95,PGD.HM,2116223728521,2019-06-30,2019-08-31,2020-01-31,True,PGD.HM,2019-04-16,1412946401560.0,,,False,PGD.HM,Utilities,0.667673451779831,False,True,True,True,False,False,False,eligible,missing_operating_profitability,missing_investment
4,2019-06,49,PHR.HM,5902890619881,2019-06-30,2019-08-31,2020-01-31,True,PHR.HM,2019-05-29,2798387883298.0,,,False,PHR.HM,Materials,0.4740707669345929,False,True,True,True,False,False,False,eligible,missing_operating_profitability,missing_investment
4,2019-06,14,PLX.HM,55785999500776,2019-06-30,2019-08-31,2020-01-31,True,PLX.HM,2019-05-06,25000265019942.0,,,False,PLX.HM,Energy,0.4481458653365929,False,True,True,True,False,False,False,eligible,missing_operating_profitability,missing_investment
4,2019-06,33,PNJ.HM,9306193725515,2019-06-30,2019-08-31,2020-01-31,True,PNJ.HM,2019-04-22,4040217924784.0,,,False,PNJ.HM,Consumer Discretionary,0.43414289922923527,False,True,True,True,False,False,False,eligible,missing_operating_profitability,missing_investment
4,2019-06,21,POW.HM,33957254339027,2019-06-30,2019-08-31,2020-01-31,True,POW.HM,2019-04-27,27726242394420.0,,,False,POW.HM,Utilities,0.8165042472987661,False,True,True,True,False,False,False,eligible,missing_operating_profitability,missing_investment
4,2019-06,57,PPC.HM,4966554576978,2019-06-30,2019-08-31,2020-01-31,True,PPC.HM,2019-04-17,5856613275191.0,,,False,PPC.HM,Utilities,1.1792104937976084,False,True,True,True,False,False,False,eligible,missing_operating_profitability,missing_investment
4,2019-06,88,PTB.HM,2429509146032,2019-06-30,2019-08-31,2020-01-31,True,PTB.HM,2019-04-26,1741686016415.0,,,False,PTB.HM,Consumer Discretionary,0.716888026233452,False,True,True,True,False,False,False,eligible,missing_operating_profitability,missing_investment
4,2019-06,43,PVD.HM,6982535163783,2019-06-30,2019-08-31,2020-01-31,True,PVD.HM,2019-04-26,13769741036640.0,,,False,PVD.HM,Energy,1.9720260211593157,False,True,True,True,False,False,False,eligible,missing_operating_profitability,missing_investment
4,2019-06,67,PVT.HM,3990269172381,2019-06-30,2019-08-31,2020-01-31,True,PVT.HM,2019-04-26,5079459520651.0,,,False,PVT.HM,Energy,1.272961622691754,False,True,True,True,False,False,False,eligible,missing_operating_profitability,missing_investment
4,2019-06,37,REE.HM,8732496197862,2019-06-30,2019-08-31,2020-01-31,True,REE.HM,2019-05-31,9705631894441.0,,,False,REE.HM,Industrials,1.1114384334707474,False,True,True,True,False,False,False,eligible,missing_operating_profitability,missing_investment
4,2019-06,5,SAB.HM,137716010822117,2019-06-30,2019-08-31,2020-01-31,True,SAB.HM,2019-04-26,17261568113285.0,,,False,SAB.HM,Consumer Staples,0.12534176680140097,False,True,True,True,False,False,False,eligible,missing_operating_profitability,missing_investment
4,2019-06,98,SAM.HM,2042096547190,2019-06-30,2019-08-31,2020-01-31,True,SAM.HM,2019-04-25,2827915379090.0,,,False,SAM.HM,Industrials,1.3848098332967242,False,True,True,True,False,False,False,eligible,missing_operating_profitability,missing_investment
4,2019-06,39,SBT.HM,8060668813274,2019-06-30,2019-08-31,2020-01-31,True,SBT.HM,2019-05-02,6200595532479.0,,,False,SBT.HM,Consumer Staples,0.7692408255588045,False,True,True,True,False,False,False,eligible,missing_operating_profitability,missing_investment
4,2019-06,87,SCR.HM,2472925008168,2019-06-30,2019-08-31,2020-01-31,True,SCR.HM,2019-05-02,4597098254428.0,,,False,SCR.HM,Real Estate,1.8589719620465308,False,True,True,True,False,False,False,eligible,missing_operating_profitability,missing_investment
4,2019-06,54,SCS.HM,5560873819328,2019-06-30,2019-08-31,2020-01-31,True,SCS.HM,2019-04-19,923634597610.0,,,False,SCS.HM,Industrials,0.16609522668896234,False,True,True,True,False,False,False,eligible,missing_operating_profitability,missing_investment
4,2019-06,89,SGN.HM,2376842654915,2019-06-30,2019-08-31,2020-01-31,True,SGN.HM,2019-04-24,773776668285.0,,,False,SGN.HM,Industrials,0.32554812439306025,False,True,True,True,False,False,False,eligible,missing_operating_profitability,missing_investment
4,2019-06,40,SHB.HM,7550042614882,2019-06-30,2019-08-31,2020-01-31,True,SHB.HM,2019-04-26,17065824000000.0,,,False,SHB.HM,Financials,2.2603612814530747,True,True,True,True,False,False,False,eligible,missing_operating_profitability,missing_investment
4,2019-06,68,SIP.HM,3917607178151,2019-06-30,2019-08-31,2020-01-31,True,SIP.HM,2019-04-25,1490220118654.0,,,False,SIP.HM,Real Estate,0.3803903890530806,False,True,True,True,False,False,False,eligible,missing_operating_profitability,missing_investment
4,2019-06,94,SJS.HM,2232390449779,2019-06-30,2019-08-31,2020-01-31,True,SJS.HM,2019-04-19,2258293262383.0,,,False,SJS.HM,Real Estate,1.011603173005226,False,True,True,True,False,False,False,eligible,missing_operating_profitability,missing_investment
4,2019-06,34,SSI.HM,9220406155225,2019-06-30,2019-08-31,2020-01-31,True,SSI.HM,2019-04-26,9370891277310.0,,,False,SSI.HM,Financials,1.0163208777955757,True,True,True,True,False,False,False,eligible,missing_operating_profitability,missing_investment
4,2019-06,27,STB.HM,20471466419150,2019-06-30,2019-08-31,2020-01-31,True,STB.HM,2019-04-22,25477238000000.0,,,False,STB.HM,Financials,1.2445243285633587,True,True,True,True,False,False,False,eligible,missing_operating_profitability,missing_investment
4,2019-06,10,TCB.HM,69319407740333,2019-06-30,2019-08-31,2020-01-31,True,TCB.HM,2019-04-24,53874961000000.0,,,False,TCB.HM,Financials,0.7771988070326983,True,True,True,True,False,False,False,eligible,missing_operating_profitability,missing_investment
4,2019-06,55,TCH.HM,5467974208086,2019-06-30,2019-08-31,2020-01-31,True,TCH.HM,2019-05-02,4488955044449.0,,,False,TCH.HM,Industrials,0.8209539536252323,False,True,True,True,False,False,False,eligible,missing_operating_profitability,missing_investment
4,2019-06,86,TDM.HM,2494784154909,2019-06-30,2019-08-31,2020-01-31,True,TDM.HM,2019-04-22,1118208902058.0,,,False,TDM.HM,Utilities,0.44821869653841373,False,True,True,True,False,False,False,eligible,missing_operating_profitability,missing_investment
4,2019-06,79,TLG.HM,2826258405641,2019-06-30,2019-08-31,2020-01-31,True,TLG.HM,2019-04-26,1701820353928.0,,,False,TLG.HM,Industrials,0.6021460566136819,False,True,True,True,False,False,False,eligible,missing_operating_profitability,missing_investment
4,2019-06,29,TPB.HM,15439213473048,2019-06-30,2019-08-31,2020-01-31,True,TPB.HM,2019-04-19,11342487000000.0,,,False,TPB.HM,Financials,0.7346544576121321,True,True,True,True,False,False,False,eligible,missing_operating_profitability,missing_investment
4,2019-06,2,VCB.HM,254357274961789,2019-06-30,2019-08-31,2020-01-31,True,VCB.HM,2019-04-22,72991878000000.0,,,False,VCB.HM,Financials,0.2869659537395392,True,True,True,True,False,False,False,eligible,missing_operating_profitability,missing_investment
4,2019-06,81,VCF.HM,2773957533145,2019-06-30,2019-08-31,2020-01-31,True,VCF.HM,2019-04-24,1506758179199.0,,,False,VCF.HM,Consumer Staples,0.5431799734477907,False,True,True,True,False,False,False,eligible,missing_operating_profitability,missing_investment
4,2019-06,31,VCG.HM,10162825763268,2019-06-30,2019-08-31,2020-01-31,True,VCG.HM,2019-05-02,7569305450920.0,,,False,VCG.HM,Industrials,0.7448032296566681,False,True,True,True,False,False,False,eligible,missing_operating_profitability,missing_investment
4,2019-06,75,VCI.HM,2947507586676,2019-06-30,2019-08-31,2020-01-31,True,VCI.HM,2019-04-22,3615941571916.0,,,False,VCI.HM,Financials,1.2267793943132186,True,True,True,True,False,False,False,eligible,missing_operating_profitability,missing_investment
4,2019-06,47,VGC.HM,6181144627498,2019-06-30,2019-08-31,2020-01-31,True,VGC.HM,2019-04-25,7095079139315.0,,,False,VGC.HM,Industrials,1.1478584577605881,False,True,True,True,False,False,False,eligible,missing_operating_profitability,missing_investment
4,2019-06,44,VHC.HM,6694352435374,2019-06-30,2019-08-31,2020-01-31,True,VHC.HM,2019-04-22,4322532686343.0,,,False,VHC.HM,Consumer Staples,0.645698404449408,False,True,True,True,False,False,False,eligible,missing_operating_profitability,missing_investment
4,2019-06,6,VHM.HM,121457938386289,2019-06-30,2019-08-31,2020-01-31,True,VHM.HM,2019-05-02,50755830856239.0,,,False,VHM.HM,Real Estate,0.41788813090844185,False,True,True,True,False,False,False,eligible,missing_operating_profitability,missing_investment
4,2019-06,35,VIB.HM,9154433342230,2019-06-30,2019-08-31,2020-01-31,True,VIB.HM,2019-04-22,11253421000000.0,,,False,VIB.HM,Financials,1.2292864647435067,True,True,True,True,False,False,False,eligible,missing_operating_profitability,missing_investment
4,2019-06,1,VIC.HM,387124750619210,2019-06-30,2019-08-31,2020-01-31,True,VIC.HM,2019-05-02,102372881570940.0,,,False,VIC.HM,Real Estate,0.26444416536838194,False,True,True,True,False,False,False,eligible,missing_operating_profitability,missing_investment
4,2019-06,16,VJC.HM,53327901192212,2019-06-30,2019-08-31,2020-01-31,True,VJC.HM,2019-05-03,15507120222457.0,,,False,VJC.HM,Industrials,0.2907881217106976,False,True,True,True,False,False,False,eligible,missing_operating_profitability,missing_investment
4,2019-06,80,VND.HM,2799443734120,2019-06-30,2019-08-31,2020-01-31,True,VND.HM,2019-04-22,3071988780825.0,,,False,VND.HM,Financials,1.0973568582155033,True,True,True,True,False,False,False,eligible,missing_operating_profitability,missing_investment
4,2019-06,3,VNM.HM,150429979240154,2019-06-30,2019-08-31,2020-01-31,True,VNM.HM,2019-04-26,28923230823493.0,,,False,VNM.HM,Consumer Staples,0.19227039031440998,False,True,True,True,False,False,False,eligible,missing_operating_profitability,missing_investment
4,2019-06,19,VPB.HM,40196829223116,2019-06-30,2019-08-31,2020-01-31,True,VPB.HM,2019-04-22,36179904000000.0,,,False,VPB.HM,Financials,0.9000686048936918,True,True,True,True,False,False,False,eligible,missing_operating_profitability,missing_investment
4,2019-06,50,VPI.HM,5767959305733,2019-06-30,2019-08-31,2020-01-31,True,VPI.HM,2019-04-26,2459739513500.0,,,False,VPI.HM,Real Estate,0.42644883278825646,False,True,True,True,False,False,False,eligible,missing_operating_profitability,missing_investment
4,2019-06,9,VRE.HM,78714062258000,2019-06-30,2019-08-31,2020-01-31,True,VRE.HM,2019-04-23,29112273017178.0,,,False,VRE.HM,Real Estate,0.36984843853893734,False,True,True,True,False,False,False,eligible,missing_operating_profitability,missing_investment
4,2019-06,78,VSH.HM,2868756071235,2019-06-30,2019-08-31,2020-01-31,True,VSH.HM,2019-04-26,3067820418582.0,,,False,VSH.HM,Utilities,1.0693904753154222,False,True,True,True,False,False,False,eligible,missing_operating_profitability,missing_investment
4,2019-06,41,VTP.HM,7398286553209,2019-06-30,2019-08-31,2020-01-31,True,VTP.HM,2019-05-02,748821411550.0,,,False,VTP.HM,Industrials,0.10121551877781747,False,True,True,True,False,False,False,eligible,missing_operating_profitability,missing_investment
4,2019-06,91,YEG.HM,2299075149827,2019-06-30,2019-08-31,2020-01-31,True,YEG.HM,2019-04-24,1565846320299.0,,,False,YEG.HM,Communication Services,0.6810766148365469,False,True,True,True,False,False,False,eligible,missing_operating_profitability,missing_investment
5,2019-12,23,ACB.HM,34227532673620,2019-12-31,2020-02-29,2020-07-31,True,ACB.HM,2019-10-24,25364309000000.0,0.045782,,False,ACB.HM,Financials,0.7410498805702375,True,True,True,True,True,False,False,eligible,eligible,missing_investment
5,2019-12,96,ANV.HM,2272299919017,2019-12-31,2020-02-29,2020-07-31,True,ANV.HM,2019-10-15,2188369795863.0,0.189326,,False,ANV.HM,Consumer Staples,0.9630638004906024,False,True,True,True,True,False,False,eligible,eligible,missing_investment
5,2019-12,84,AST.HM,2763972436905,2019-12-31,2020-02-29,2020-07-31,True,AST.HM,2019-10-28,694837204080.0,0.083892,,False,AST.HM,Consumer Discretionary,0.2513907862475121,False,True,True,True,True,False,False,eligible,eligible,missing_investment
5,2019-12,25,BCM.HM,28697471202060,2019-12-31,2020-02-29,2020-07-31,True,BCM.HM,2019-10-31,14420924898407.0,0.051335,,False,BCM.HM,Real Estate,0.5025155281755912,False,True,True,True,True,False,False,eligible,eligible,missing_investment
5,2019-12,30,BHN.HM,14724401644012,2019-12-31,2020-02-29,2020-07-31,True,BHN.HM,2019-10-30,5143363414812.0,-0.007877,,False,BHN.HM,Consumer Staples,0.3493088234864648,False,True,True,True,True,False,False,eligible,eligible,missing_investment
5,2019-12,94,BIC.HM,2327510119491,2019-12-31,2020-02-29,2020-07-31,True,BIC.HM,2019-10-31,2206575640037.0,0.200059,,False,BIC.HM,Financials,0.948041265882682,True,True,True,True,True,False,False,eligible,eligible,missing_investment
5,2019-12,3,BID.HM,166249366613681,2019-12-31,2020-02-29,2020-07-31,True,BID.HM,2019-10-24,59377000000000.0,0.1022,,False,BID.HM,Financials,0.3571562479271049,True,True,True,True,True,False,False,eligible,eligible,missing_investment
5,2019-12,19,BVH.HM,41012728689354,2019-12-31,2020-02-29,2020-07-31,True,BVH.HM,2019-10-31,16386766115919.0,0.670236,,False,BVH.HM,Financials,0.3995531787226009,True,True,True,True,True,False,False,eligible,eligible,missing_investment
5,2019-12,80,BWE.HM,2973731188600,2019-12-31,2020-02-29,2020-07-31,True,BWE.HM,2019-10-16,2187623798101.0,0.022887,,False,BWE.HM,Utilities,0.7356494785027659,False,True,True,True,True,False,False,eligible,eligible,missing_investment
5,2019-12,60,CII.HM,4932793221236,2019-12-31,2020-02-29,2020-07-31,True,CII.HM,2019-10-30,9054993416589.0,-0.011339,,False,CII.HM,Industrials,1.8356726119405646,False,True,True,True,True,False,False,eligible,eligible,missing_investment
5,2019-12,74,CMG.HM,3465624078392,2019-12-31,2020-02-29,2020-07-31,True,CMG.HM,2019-10-30,2181482834764.0,0.045791,,False,CMG.HM,Information Technology,0.6294632035728979,False,True,True,True,True,False,False,eligible,eligible,missing_investment
5,2019-12,72,CTD.HM,3612601371029,2019-12-31,2020-02-29,2020-07-31,True,CTD.HM,2019-10-19,8226030690796.0,0.045999,,False,CTD.HM,Industrials,2.2770380249434847,False,True,True,True,True,False,False,eligible,eligible,missing_investment
5,2019-12,10,CTG.HM,74286077912613,2019-12-31,2020-02-29,2020-07-31,True,CTG.HM,2019-10-29,74878643000000.0,-0.032217,,False,CTG.HM,Financials,1.007976798668575,True,True,True,True,True,False,False,eligible,eligible,missing_investment
5,2019-12,100,CTR.HM,2113654552073,2019-12-31,2020-02-29,2020-07-31,True,CTR.HM,2019-11-01,824766994993.0,0.06094,,False,CTR.HM,Industrials,0.39020898385883196,False,True,True,True,True,False,False,eligible,eligible,missing_investment
5,2019-12,90,DBD.HM,2467724016513,2019-12-31,2020-02-29,2020-07-31,True,DBD.HM,2019-10-30,1010912164001.0,0.04742,,False,DBD.HM,Health Care,0.4096536554478496,False,True,True,True,True,False,False,eligible,eligible,missing_investment
5,2019-12,88,DCM.HM,2524922910649,2019-12-31,2020-02-29,2020-07-31,True,DCM.HM,2019-10-24,6046753464964.0,0.015642,,False,DCM.HM,Materials,2.394826962621903,False,True,True,True,True,False,False,eligible,eligible,missing_investment
5,2019-12,87,DGC.HM,2545202578427,2019-12-31,2020-02-29,2020-07-31,True,DGC.HM,2019-10-23,3406340860456.0,0.093018,,False,DGC.HM,Materials,1.338337816143973,False,True,True,True,True,False,False,eligible,eligible,missing_investment
5,2019-12,41,DHG.HM,8363901536588,2019-12-31,2020-02-29,2020-07-31,True,DHG.HM,2019-10-21,3173706138651.0,0.070584,,False,DHG.HM,Health Care,0.3794528336766735,False,True,True,True,True,False,False,eligible,eligible,missing_investment
5,2019-12,65,DIG.HM,4346221415421,2019-12-31,2020-02-29,2020-07-31,True,DIG.HM,2019-10-30,3816246003785.0,0.051632,,False,DIG.HM,Industrials,0.8780606506250296,False,True,True,True,True,False,False,eligible,eligible,missing_investment
5,2019-12,79,DPM.HM,3068240785578,2019-12-31,2020-02-29,2020-07-31,True,DPM.HM,2019-10-21,7965008503542.0,0.027824,,False,DPM.HM,Materials,2.595952879898094,False,True,True,True,True,False,False,eligible,eligible,missing_investment
5,2019-12,48,DXG.HM,6611291746073,2019-12-31,2020-02-29,2020-07-31,True,DXG.HM,2019-10-17,7816268568847.0,0.118563,,False,DXG.HM,Real Estate,1.1822604218743995,False,True,True,True,True,False,False,eligible,eligible,missing_investment
5,2019-12,28,EIB.HM,21553143067254,2019-12-31,2020-02-29,2020-07-31,True,EIB.HM,2019-10-30,15799904000000.0,-0.005801,,False,EIB.HM,Financials,0.7330672816812979,True,True,True,True,True,False,False,eligible,eligible,missing_investment
5,2019-12,86,FIT.HM,2572776970161,2019-12-31,2020-02-29,2020-07-31,True,FIT.HM,2019-10-31,3989446722922.0,0.001409,,False,FIT.HM,Financials,1.5506383838130933,True,True,True,True,True,False,False,eligible,eligible,missing_investment
5,2019-12,24,FPT.HM,31394619736439,2019-12-31,2020-02-29,2020-07-31,True,FPT.HM,2019-10-31,16251130384160.0,0.060937,,False,FPT.HM,Information Technology,0.5176406186980406,False,True,True,True,True,False,False,eligible,eligible,missing_investment
5,2019-12,5,GAS.HM,140457805679051,2019-12-31,2020-02-29,2020-07-31,True,GAS.HM,2019-10-21,47258932853464.0,0.069911,,False,GAS.HM,Utilities,0.33646355661750577,False,True,True,True,True,False,False,eligible,eligible,missing_investment
5,2019-12,58,GEG.HM,5390477693046,2019-12-31,2020-02-29,2020-07-31,True,GEG.HM,2019-10-31,2517975729942.0,0.025343,,False,GEG.HM,Utilities,0.46711550874059293,False,True,True,True,True,False,False,eligible,eligible,missing_investment
5,2019-12,39,GEX.HM,8917479365091,2019-12-31,2020-02-29,2020-07-31,True,GEX.HM,2019-10-30,8481171713084.0,0.033,,False,GEX.HM,Industrials,0.9510727601215427,False,True,True,True,True,False,False,eligible,eligible,missing_investment
5,2019-12,56,GMD.HM,5753296519274,2019-12-31,2020-02-29,2020-07-31,True,GMD.HM,2019-10-30,6952368743743.0,0.007188,,False,GMD.HM,Industrials,1.2084148140899766,False,True,True,True,True,False,False,eligible,eligible,missing_investment
5,2019-12,20,GVR.HM,37778661500000,2019-12-31,2020-02-29,2020-07-31,True,GVR.HM,2019-10-30,49733332591483.0,,,False,GVR.HM,Materials,1.3164397735870816,False,True,True,True,False,False,False,eligible,missing_operating_profitability,missing_investment
5,2019-12,71,HAG.HM,3691049146340,2019-12-31,2020-02-29,2020-07-31,True,HAG.HM,2019-11-06,17117402105000.0,-0.02241,,False,HAG.HM,Consumer Staples,4.637543805661165,False,True,True,True,True,False,False,eligible,eligible,missing_investment
5,2019-12,63,HCM.HM,4529871270809,2019-12-31,2020-02-29,2020-07-31,True,HCM.HM,2019-10-18,4329578043431.0,0.028847,,False,HCM.HM,Financials,0.9557839030286109,True,True,True,True,True,False,False,eligible,eligible,missing_investment
5,2019-12,27,HDB.HM,24627057742780,2019-12-31,2020-02-29,2020-07-31,True,HDB.HM,2019-10-30,19593774000000.0,0.075143,,False,HDB.HM,Financials,0.7956197693061557,True,True,True,True,True,False,False,eligible,eligible,missing_investment
5,2019-12,76,HDG.HM,3324171862635,2019-12-31,2020-02-29,2020-07-31,True,HDG.HM,2019-10-31,3223229009487.0,0.263712,,False,HDG.HM,Industrials,0.9696336840213837,False,True,True,True,True,False,False,eligible,eligible,missing_investment
5,2019-12,91,HNA.HM,2429450360090,2019-12-31,2020-02-29,2020-07-31,True,HNA.HM,2019-10-22,2596989955777.0,0.020826,,False,HNA.HM,Utilities,1.0689619341227428,False,True,True,True,True,False,False,eligible,eligible,missing_investment
5,2019-12,14,HPG.HM,55815183642639,2019-12-31,2020-02-29,2020-07-31,True,HPG.HM,2019-10-29,46049525945374.0,0.049592,,False,HPG.HM,Materials,0.8250358225139888,False,True,True,True,True,False,False,eligible,eligible,missing_investment
5,2019-12,59,HPX.HM,5269898643188,2019-12-31,2020-02-29,2020-07-31,True,HPX.HM,2019-10-30,2715716968979.0,0.128621,,False,HPX.HM,Real Estate,0.5153262240611406,False,True,True,True,True,False,False,eligible,eligible,missing_investment
5,2019-12,93,HSG.HM,2407022496864,2019-12-31,2020-02-29,2020-07-31,True,HSG.HM,2019-12-26,5468281185650.0,-0.024747,,False,HSG.HM,Materials,2.2718031064414124,False,True,True,True,True,False,False,eligible,eligible,missing_investment
5,2019-12,62,HT1.HM,4675381064660,2019-12-31,2020-02-29,2020-07-31,True,HT1.HM,2019-10-21,5618899728821.0,0.048816,,False,HT1.HM,Materials,1.201805724733929,False,True,True,True,True,False,False,eligible,eligible,missing_investment
5,2019-12,16,HVN.HM,47867356100694,2019-12-31,2020-02-29,2020-07-31,True,HVN.HM,2019-11-01,18602221139901.0,0.019142,,False,HVN.HM,Industrials,0.38862019244951146,False,True,True,True,True,False,False,eligible,eligible,missing_investment
5,2019-12,98,IMP.HM,2128234564746,2019-12-31,2020-02-29,2020-07-31,True,IMP.HM,2019-10-31,1506953002930.0,0.029817,,False,IMP.HM,Health Care,0.7080765569230624,False,True,True,True,True,False,False,eligible,eligible,missing_investment
5,2019-12,43,KBC.HM,7257794923913,2019-12-31,2020-02-29,2020-07-31,True,KBC.HM,2019-10-30,10247479409317.0,0.037069,,False,KBC.HM,Real Estate,1.4119273852108414,False,True,True,True,True,False,False,eligible,eligible,missing_investment
5,2019-12,77,KDC.HM,3167234048615,2019-12-31,2020-02-29,2020-07-31,True,KDC.HM,2019-10-21,8258210623673.0,-0.007218,,False,KDC.HM,Consumer Staples,2.607388812103808,False,True,True,True,True,False,False,eligible,eligible,missing_investment
5,2019-12,31,KDH.HM,14361079051806,2019-12-31,2020-02-29,2020-07-31,True,KDH.HM,2019-10-30,7259479542000.0,0.085587,,False,KDH.HM,Real Estate,0.5054968025600467,False,True,True,True,True,False,False,eligible,eligible,missing_investment
5,2019-12,68,KLB.HM,3998699759991,2019-12-31,2020-02-29,2020-07-31,True,KLB.HM,2019-10-23,3912897000000.0,-4.3e-05,,False,KLB.HM,Financials,0.9785423349736082,True,True,True,True,True,False,False,eligible,eligible,missing_investment
5,2019-12,82,KOS.HM,2863501784836,2019-12-31,2020-02-29,2020-07-31,True,KOS.HM,2019-08-15,1130108282267.0,,,False,KOS.HM,Real Estate,0.3946595347876566,False,True,True,True,False,False,False,eligible,missing_operating_profitability,missing_investment
5,2019-12,47,LGC.HM,6680405660108,2019-12-31,2020-02-29,2020-07-31,True,LGC.HM,2019-10-30,3847174557794.0,0.020075,,False,LGC.HM,Industrials,0.5758893626426579,False,True,True,True,True,False,False,eligible,eligible,missing_investment
5,2019-12,49,LPB.HM,6370296665766,2019-12-31,2020-02-29,2020-07-31,True,LPB.HM,2019-10-21,12290616000000.0,0.052016,,False,LPB.HM,Financials,1.9293632062773183,True,True,True,True,True,False,False,eligible,eligible,missing_investment
5,2019-12,21,MBB.HM,36717105970742,2019-12-31,2020-02-29,2020-07-31,True,MBB.HM,2019-10-23,37682970000000.0,0.057724,,False,MBB.HM,Financials,1.0263055598670452,True,True,True,True,True,False,False,eligible,eligible,missing_investment
5,2019-12,22,MCH.HM,36323502205220,2019-12-31,2020-02-29,2020-07-31,True,MCH.HM,2019-10-31,10861055490906.0,0.092443,,False,MCH.HM,Consumer Staples,0.29900903909384524,False,True,True,True,True,False,False,eligible,eligible,missing_investment
5,2019-12,11,MSN.HM,64234544237204,2019-12-31,2020-02-29,2020-07-31,True,MSN.HM,2019-10-30,38516114000000.0,0.035659,,False,MSN.HM,Consumer Staples,0.5996168332380236,False,True,True,True,True,False,False,eligible,eligible,missing_investment
5,2019-12,17,MWG.HM,47804095958459,2019-12-31,2020-02-29,2020-07-31,True,MWG.HM,2019-10-30,11289726233388.0,0.093927,,False,MWG.HM,Consumer Discretionary,0.23616650429282446,False,True,True,True,True,False,False,eligible,eligible,missing_investment
5,2019-12,52,NLG.HM,6066043233494,2019-12-31,2020-02-29,2020-07-31,True,NLG.HM,2019-10-18,5765637622237.0,0.030335,,False,NLG.HM,Real Estate,0.9504775024354767,False,True,True,True,True,False,False,eligible,eligible,missing_investment
5,2019-12,70,NT2.HM,3926972660797,2019-12-31,2020-02-29,2020-07-31,True,NT2.HM,2019-10-17,4209108663974.0,0.056109,,False,NT2.HM,Utilities,1.07184567542157,False,True,True,True,True,False,False,eligible,eligible,missing_investment
5,2019-12,13,NVL.HM,57687710255026,2019-12-31,2020-02-29,2020-07-31,True,NVL.HM,2019-10-31,22489985659704.0,0.116694,,False,NVL.HM,Real Estate,0.38985748542072834,False,True,True,True,True,False,False,eligible,eligible,missing_investment
5,2019-12,67,PAN.HM,4231437812337,2019-12-31,2020-02-29,2020-07-31,True,PAN.HM,2019-10-30,5941140508324.0,0.031376,,False,PAN.HM,Consumer Staples,1.4040476953252778,False,True,True,True,True,False,False,eligible,eligible,missing_investment
5,2019-12,83,PC1.HM,2788156175100,2019-12-31,2020-02-29,2020-07-31,True,PC1.HM,2019-10-30,3614036796465.0,0.021408,,False,PC1.HM,Industrials,1.296210315885687,False,True,True,True,True,False,False,eligible,eligible,missing_investment
5,2019-12,40,PDR.HM,8584638425602,2019-12-31,2020-02-29,2020-07-31,True,PDR.HM,2019-10-21,3892494192247.0,0.104178,,False,PDR.HM,Real Estate,0.45342552583675505,False,True,True,True,True,False,False,eligible,eligible,missing_investment
5,2019-12,75,PGD.HM,3404082037366,2019-12-31,2020-02-29,2020-07-31,True,PGD.HM,2019-10-16,1315713447082.0,0.044265,,False,PGD.HM,Utilities,0.3865104990536799,False,True,True,True,True,False,False,eligible,eligible,missing_investment
5,2019-12,42,PGV.HM,8328625699794,2019-12-31,2020-02-29,2020-07-31,True,PGV.HM,2019-11-05,11649669654336.0,,,False,PGV.HM,Utilities,1.3987505351121905,False,True,True,True,False,False,False,eligible,missing_operating_profitability,missing_investment
5,2019-12,69,PHR.HM,3980560935836,2019-12-31,2020-02-29,2020-07-31,True,PHR.HM,2019-10-18,3189736300965.0,0.030562,,False,PHR.HM,Materials,0.8013283435127441,False,True,True,True,True,False,False,eligible,eligible,missing_investment
5,2019-12,15,PLX.HM,53401359025915,2019-12-31,2020-02-29,2020-07-31,True,PLX.HM,2019-11-01,24906535014882.0,0.033555,,False,PLX.HM,Energy,0.46640264347570587,False,True,True,True,True,False,False,eligible,eligible,missing_investment
5,2019-12,34,PNJ.HM,11203993291617,2019-12-31,2020-02-29,2020-07-31,True,PNJ.HM,2019-10-18,4120299591835.0,0.090727,,False,PNJ.HM,Consumer Discretionary,0.3677527721225852,False,True,True,True,True,False,False,eligible,eligible,missing_investment
5,2019-12,26,POW.HM,25579642248033,2019-12-31,2020-02-29,2020-07-31,True,POW.HM,2019-10-30,29254373779469.0,,,False,POW.HM,Utilities,1.1436584411855322,False,True,True,True,False,False,False,eligible,missing_operating_profitability,missing_investment
5,2019-12,61,PPC.HM,4888132432884,2019-12-31,2020-02-29,2020-07-31,True,PPC.HM,2019-10-16,5976280709687.0,0.066105,,False,PPC.HM,Utilities,1.2226102282914197,False,True,True,True,True,False,False,eligible,eligible,missing_investment
5,2019-12,89,PTB.HM,2508342776207,2019-12-31,2020-02-29,2020-07-31,True,PTB.HM,2019-10-31,1710210197672.0,0.091464,,False,PTB.HM,Consumer Discretionary,0.6818088077491948,False,True,True,True,True,False,False,eligible,eligible,missing_investment
5,2019-12,51,PVD.HM,6198090058807,2019-12-31,2020-02-29,2020-07-31,True,PVD.HM,2019-10-30,13878898463800.0,0.025516,,False,PVD.HM,Energy,2.2392218138358886,False,True,True,True,True,False,False,eligible,eligible,missing_investment
5,2019-12,64,PVT.HM,4349031215424,2019-12-31,2020-02-29,2020-07-31,True,PVT.HM,2019-10-28,5444075382232.0,0.052981,,False,PVT.HM,Energy,1.2517903672257824,False,True,True,True,True,False,False,eligible,eligible,missing_investment
5,2019-12,36,REE.HM,9983924786469,2019-12-31,2020-02-29,2020-07-31,True,REE.HM,2019-10-29,10577666640621.0,0.020271,,False,REE.HM,Industrials,1.0594697843634284,False,True,True,True,True,False,False,eligible,eligible,missing_investment
5,2019-12,7,SAB.HM,114832835943929,2019-12-31,2020-02-29,2020-07-31,True,SAB.HM,2019-10-26,18980720415284.0,0.06846,,False,SAB.HM,Consumer Staples,0.1652900083783699,False,True,True,True,True,False,False,eligible,eligible,missing_investment
5,2019-12,99,SAM.HM,2116161164062,2019-12-31,2020-02-29,2020-07-31,True,SAM.HM,2019-10-29,2817039285400.0,0.025171,,False,SAM.HM,Industrials,1.3312026197440723,False,True,True,True,True,False,False,eligible,eligible,missing_investment
5,2019-12,37,SBT.HM,9918251952097,2019-12-31,2020-02-29,2020-07-31,True,SBT.HM,2019-10-31,7105686169404.0,-0.031295,,False,SBT.HM,Consumer Staples,0.716425253534889,False,True,True,True,True,False,False,eligible,eligible,missing_investment
5,2019-12,97,SCR.HM,2157838785081,2019-12-31,2020-02-29,2020-07-31,True,SCR.HM,2019-10-30,4778665159572.0,0.013455,,False,SCR.HM,Real Estate,2.214560787678409,False,True,True,True,True,False,False,eligible,eligible,missing_investment
5,2019-12,66,SCS.HM,4256572805250,2019-12-31,2020-02-29,2020-07-31,True,SCS.HM,2019-10-18,1038211250942.0,0.138873,,False,SCS.HM,Industrials,0.2439077864852879,False,True,True,True,True,False,False,eligible,eligible,missing_investment
5,2019-12,92,SGN.HM,2416377947354,2019-12-31,2020-02-29,2020-07-31,True,SGN.HM,2019-10-30,855140068515.0,0.107817,,False,SGN.HM,Industrials,0.35389334249280074,False,True,True,True,True,False,False,eligible,eligible,missing_investment
5,2019-12,44,SHB.HM,7216952498665,2019-12-31,2020-02-29,2020-07-31,True,SHB.HM,2019-10-31,18202822000000.0,0.094847,,False,SHB.HM,Financials,2.5222310945467883,True,True,True,True,True,False,False,eligible,eligible,missing_investment
5,2019-12,57,SIP.HM,5677034096702,2019-12-31,2020-02-29,2020-07-31,True,SIP.HM,2019-10-31,1671243988098.0,,,False,SIP.HM,Real Estate,0.29438681530359095,False,True,True,True,False,False,False,eligible,missing_operating_profitability,missing_investment
5,2019-12,45,SSI.HM,6998427245558,2019-12-31,2020-02-29,2020-07-31,True,SSI.HM,2019-10-31,9723541729786.0,0.045986,,False,SSI.HM,Financials,1.3893895569119001,True,True,True,True,True,False,False,eligible,eligible,missing_investment
5,2019-12,29,STB.HM,18126716961450,2019-12-31,2020-02-29,2020-07-31,True,STB.HM,2019-10-16,26229856000000.0,0.029197,,False,STB.HM,Financials,1.4470273936412703,True,True,True,True,True,False,False,eligible,eligible,missing_investment
5,2019-12,8,TCB.HM,80301151495812,2019-12-31,2020-02-29,2020-07-31,True,TCB.HM,2019-10-25,58940723000000.0,0.045694,,False,TCB.HM,Financials,0.733995987630065,True,True,True,True,True,False,False,eligible,eligible,missing_investment
5,2019-12,38,TCH.HM,8937027647330,2019-12-31,2020-02-29,2020-07-31,True,TCH.HM,2019-11-12,4456331372898.0,0.008677,,False,TCH.HM,Industrials,0.4986368565424949,False,True,True,True,True,False,False,eligible,eligible,missing_investment
5,2019-12,95,TLG.HM,2286193882105,2019-12-31,2020-02-29,2020-07-31,True,TLG.HM,2019-10-29,1791882571915.0,0.043717,,False,TLG.HM,Industrials,0.7837841689372095,False,True,True,True,True,False,False,eligible,eligible,missing_investment
5,2019-12,32,TPB.HM,14222995342881,2019-12-31,2020-02-29,2020-07-31,True,TPB.HM,2019-10-21,11909211000000.0,0.06671,,False,TPB.HM,Financials,0.8373208816355894,True,True,True,True,True,False,False,eligible,eligible,missing_investment
5,2019-12,46,VBB.HM,6913822908138,2019-12-31,2020-02-29,2020-07-31,True,VBB.HM,2019-10-23,4865989000000.0,0.012859,,False,VBB.HM,Financials,0.7038058487544464,True,True,True,True,True,False,False,eligible,eligible,missing_investment
5,2019-12,2,VCB.HM,325432995770056,2019-12-31,2020-02-29,2020-07-31,True,VCB.HM,2019-11-06,81390894000000.0,0.123053,,False,VCB.HM,Financials,0.2501003126846703,True,True,True,True,True,False,False,eligible,eligible,missing_investment
5,2019-12,78,VCF.HM,3088435590733,2019-12-31,2020-02-29,2020-07-31,True,VCF.HM,2019-10-31,1178859347707.0,0.177559,,False,VCF.HM,Consumer Staples,0.3817011276661311,False,True,True,True,True,False,False,eligible,eligible,missing_investment
5,2019-12,35,VCG.HM,10394677301017,2019-12-31,2020-02-29,2020-07-31,True,VCG.HM,2019-10-31,7991413559206.0,0.03532,,False,VCG.HM,Industrials,0.7687986195034772,False,True,True,True,True,False,False,eligible,eligible,missing_investment
5,2019-12,81,VCI.HM,2903926647158,2019-12-31,2020-02-29,2020-07-31,True,VCI.HM,2019-10-21,3792798675917.0,0.055007,,False,VCI.HM,Financials,1.3060931410333374,True,True,True,True,True,False,False,eligible,eligible,missing_investment
5,2019-12,55,VGC.HM,5862811533704,2019-12-31,2020-02-29,2020-07-31,True,VGC.HM,2019-10-25,6918029912743.0,0.021524,,False,VGC.HM,Industrials,1.179985041813605,False,True,True,True,True,False,False,eligible,eligible,missing_investment
5,2019-12,54,VHC.HM,5939107183352,2019-12-31,2020-02-29,2020-07-31,True,VHC.HM,2019-10-22,4791491886292.0,0.115752,,False,VHC.HM,Consumer Staples,0.8067697279017126,False,True,True,True,True,False,False,eligible,eligible,missing_investment
5,2019-12,6,VHM.HM,129092142876252,2019-12-31,2020-02-29,2020-07-31,True,VHM.HM,2019-10-29,63483330378828.0,0.036949,,False,VHM.HM,Real Estate,0.4917675775177367,False,True,True,True,True,False,False,eligible,eligible,missing_investment
5,2019-12,33,VIB.HM,11757509624091,2019-12-31,2020-02-29,2020-07-31,True,VIB.HM,2019-10-22,12498466000000.0,0.07662,,False,VIB.HM,Financials,1.0630198400510589,True,True,True,True,True,False,False,eligible,eligible,missing_investment
5,2019-12,1,VIC.HM,387386215078826,2019-12-31,2020-02-29,2020-07-31,True,VIC.HM,2019-10-31,125408156844043.0,0.055014,,False,VIC.HM,Real Estate,0.32372901244956465,False,True,True,True,True,False,False,eligible,eligible,missing_investment
5,2019-12,12,VJC.HM,58911711860278,2019-12-31,2020-02-29,2020-07-31,True,VJC.HM,2019-10-31,14847344435166.0,0.14254,,False,VJC.HM,Industrials,0.25202704125080805,False,True,True,True,True,False,False,eligible,eligible,missing_investment
5,2019-12,85,VND.HM,2617661020009,2019-12-31,2020-02-29,2020-07-31,True,VND.HM,2019-10-18,3098658466945.0,0.067037,,False,VND.HM,Financials,1.183750853628231,True,True,True,True,True,False,False,eligible,eligible,missing_investment
5,2019-12,4,VNM.HM,146090071185535,2019-12-31,2020-02-29,2020-07-31,True,VNM.HM,2019-10-30,27840628245882.0,0.099421,,False,VNM.HM,Consumer Staples,0.19057166595890207,False,True,True,True,True,False,False,eligible,eligible,missing_investment
5,2019-12,18,VPB.HM,42207359782732,2019-12-31,2020-02-29,2020-07-31,True,VPB.HM,2019-10-21,40491245000000.0,0.112,,False,VPB.HM,Financials,0.9593408639733466,True,True,True,True,True,False,False,eligible,eligible,missing_investment
5,2019-12,53,VPI.HM,6056709844311,2019-12-31,2020-02-29,2020-07-31,True,VPI.HM,2019-10-30,2244213016616.0,0.170988,,False,VPI.HM,Real Estate,0.37053335462717674,False,True,True,True,True,False,False,eligible,eligible,missing_investment
5,2019-12,9,VRE.HM,77258825940000,2019-12-31,2020-02-29,2020-07-31,True,VRE.HM,2019-10-30,28024112920972.0,0.031549,,False,VRE.HM,Real Estate,0.3627302457681122,False,True,True,True,True,False,False,eligible,eligible,missing_investment
5,2019-12,73,VSH.HM,3525845450849,2019-12-31,2020-02-29,2020-07-31,True,VSH.HM,2019-10-30,3097828598689.0,0.007267,,False,VSH.HM,Utilities,0.8786058952025432,False,True,True,True,True,False,False,eligible,eligible,missing_investment
5,2019-12,50,VTP.HM,6224418946147,2019-12-31,2020-02-29,2020-07-31,True,VTP.HM,2019-11-01,838481145001.0,0.156355,,False,VTP.HM,Industrials,0.1347083402090136,False,True,True,True,True,False,False,eligible,eligible,missing_investment
6,2020-06,21,ACB.HM,34356093947829,2020-06-30,2020-08-31,2021-01-31,True,ACB.HM,2020-04-22,29412365000000.0,0.045782,,False,ACB.HM,Financials,0.856103288245275,True,True,True,True,True,False,False,eligible,eligible,missing_investment
6,2020-06,100,AGG.HM,2037966799776,2020-06-30,2020-08-31,2021-01-31,True,AGG.HM,2020-04-20,1454144931005.0,,,False,AGG.HM,Real Estate,0.7135272915951477,False,True,True,True,False,False,False,eligible,missing_operating_profitability,missing_investment
6,2020-06,25,BCM.HM,25360555946175,2020-06-30,2020-08-31,2021-01-31,True,BCM.HM,2020-05-04,16052977455978.0,0.051335,,False,BCM.HM,Real Estate,0.632989966389092,False,True,True,True,True,False,False,eligible,eligible,missing_investment
6,2020-06,34,BHN.HM,10127895310772,2020-06-30,2020-08-31,2021-01-31,True,BHN.HM,2020-04-29,5083164587472.0,-0.007877,,False,BHN.HM,Consumer Staples,0.5018974260195562,False,True,True,True,True,False,False,eligible,eligible,missing_investment
6,2020-06,4,BID.HM,136529815706726,2020-06-30,2020-08-31,2021-01-31,True,BID.HM,2020-04-29,79269318000000.0,0.1022,,False,BID.HM,Financials,0.5806007837165408,True,True,True,True,True,False,False,eligible,eligible,missing_investment
6,2020-06,89,BMP.HM,2485335082098,2020-06-30,2020-08-31,2021-01-31,True,BMP.HM,2020-04-27,2571652158368.0,0.057575,,False,BMP.HM,Industrials,1.0347305588255469,False,True,True,True,True,False,False,eligible,eligible,missing_investment
6,2020-06,24,BVH.HM,28810518261159,2020-06-30,2020-08-31,2021-01-31,True,BVH.HM,2020-05-04,20009390249680.0,0.670236,,False,BVH.HM,Financials,0.6945168451431757,True,True,True,True,True,False,False,eligible,eligible,missing_investment
6,2020-06,81,BWE.HM,3044842151929,2020-06-30,2020-08-31,2021-01-31,True,BWE.HM,2020-04-22,2237699865804.0,0.022887,,False,BWE.HM,Utilities,0.7349149000667733,False,True,True,True,True,False,False,eligible,eligible,missing_investment
6,2020-06,71,CII.HM,3834622096221,2020-06-30,2020-08-31,2021-01-31,True,CII.HM,2020-04-29,8911794514018.0,-0.011339,,False,CII.HM,Industrials,2.3240346220297763,False,True,True,True,True,False,False,eligible,eligible,missing_investment
6,2020-06,82,CMG.HM,2997426953577,2020-06-30,2020-08-31,2021-01-31,True,CMG.HM,2020-06-30,2252402775744.0,0.045791,,False,CMG.HM,Information Technology,0.7514454265703054,False,True,True,True,True,False,False,eligible,eligible,missing_investment
6,2020-06,58,CTD.HM,4901307123201,2020-06-30,2020-08-31,2021-01-31,True,CTD.HM,2020-04-20,8592983015920.0,0.045999,,False,CTD.HM,Industrials,1.7532023192841666,False,True,True,True,True,False,False,eligible,eligible,missing_investment
6,2020-06,8,CTG.HM,76596410482729,2020-06-30,2020-08-31,2021-01-31,True,CTG.HM,2020-04-24,78811234000000.0,-0.032217,,False,CTG.HM,Financials,1.0289155001300014,True,True,True,True,True,False,False,eligible,eligible,missing_investment
6,2020-06,93,CTR.HM,2351440689208,2020-06-30,2020-08-31,2021-01-31,True,CTR.HM,2020-04-24,932892637118.0,0.06094,,False,CTR.HM,Industrials,0.3967323698188671,False,True,True,True,True,False,False,eligible,eligible,missing_investment
6,2020-06,64,DBC.HM,4357136579145,2020-06-30,2020-08-31,2021-01-31,True,DBC.HM,2020-04-20,3374674208730.0,0.039423,,False,DBC.HM,Consumer Staples,0.7745165081311753,False,True,True,True,True,False,False,eligible,eligible,missing_investment
6,2020-06,95,DBD.HM,2207495213485,2020-06-30,2020-08-31,2021-01-31,True,DBD.HM,2020-04-28,994483085203.0,0.04742,,False,DBD.HM,Health Care,0.45050294067591534,False,True,True,True,True,False,False,eligible,eligible,missing_investment
6,2020-06,80,DCM.HM,3309591261070,2020-06-30,2020-08-31,2021-01-31,True,DCM.HM,2020-04-27,6184185564092.0,0.015642,,False,DCM.HM,Materials,1.8685647490175676,False,True,True,True,True,False,False,eligible,eligible,missing_investment
6,2020-06,67,DGC.HM,4120307452837,2020-06-30,2020-08-31,2021-01-31,True,DGC.HM,2020-04-27,3651110286327.0,0.093018,,False,DGC.HM,Materials,0.8861256904052297,False,True,True,True,True,False,False,eligible,eligible,missing_investment
6,2020-06,39,DHG.HM,8633704811991,2020-06-30,2020-08-31,2021-01-31,True,DHG.HM,2020-04-20,3529583801523.0,0.070584,,False,DHG.HM,Health Care,0.408814509921732,False,True,True,True,True,False,False,eligible,eligible,missing_investment
6,2020-06,72,DIG.HM,3756929855124,2020-06-30,2020-08-31,2021-01-31,True,DIG.HM,2020-05-04,3986245644532.0,0.051632,,False,DIG.HM,Industrials,1.0610380811596045,False,True,True,True,True,False,False,eligible,eligible,missing_investment
6,2020-06,77,DPM.HM,3431395780572,2020-06-30,2020-08-31,2021-01-31,True,DPM.HM,2020-04-20,8267267621053.0,0.027824,,False,DPM.HM,Materials,2.4093016806341354,False,True,True,True,True,False,False,eligible,eligible,missing_investment
6,2020-06,56,DXG.HM,5096943138781,2020-06-30,2020-08-31,2021-01-31,True,DXG.HM,2020-04-21,9009950877742.0,0.118563,,False,DXG.HM,Real Estate,1.7677165768611747,False,True,True,True,True,False,False,eligible,eligible,missing_investment
6,2020-06,28,EIB.HM,21553143067254,2020-06-30,2020-08-31,2021-01-31,True,EIB.HM,2020-04-29,16157502000000.0,-0.005801,,False,EIB.HM,Financials,0.7496587365277747,True,True,True,True,True,False,False,eligible,eligible,missing_investment
6,2020-06,94,FIT.HM,2279837018078,2020-06-30,2020-08-31,2021-01-31,True,FIT.HM,2020-04-29,4067316243649.0,0.001409,,False,FIT.HM,Financials,1.7840381621129748,True,True,True,True,True,False,False,eligible,eligible,missing_investment
6,2020-06,23,FPT.HM,28872387032169,2020-06-30,2020-08-31,2021-01-31,True,FPT.HM,2020-04-28,17630689477471.0,0.060937,,False,FPT.HM,Information Technology,0.6106419070174994,False,True,True,True,True,False,False,eligible,eligible,missing_investment
6,2020-06,6,GAS.HM,103432108770881,2020-06-30,2020-08-31,2021-01-31,True,GAS.HM,2020-04-20,51963120794749.0,0.069911,,False,GAS.HM,Utilities,0.5023886819310219,False,True,True,True,True,False,False,eligible,eligible,missing_investment
6,2020-06,63,GEG.HM,4392241083280,2020-06-30,2020-08-31,2021-01-31,True,GEG.HM,2020-05-04,2659378533409.0,0.025343,,False,GEG.HM,Utilities,0.6054718953229798,False,True,True,True,True,False,False,eligible,eligible,missing_investment
6,2020-06,42,GEX.HM,7341612953117,2020-06-30,2020-08-31,2021-01-31,True,GEX.HM,2020-05-04,8634508735865.0,0.033,,False,GEX.HM,Industrials,1.1761051407918584,False,True,True,True,True,False,False,eligible,eligible,missing_investment
6,2020-06,61,GMD.HM,4592760311562,2020-06-30,2020-08-31,2021-01-31,True,GMD.HM,2020-05-04,6683632362100.0,0.007188,,False,GMD.HM,Industrials,1.4552539015098076,False,True,True,True,True,False,False,eligible,eligible,missing_investment
6,2020-06,17,GVR.HM,39204271368000,2020-06-30,2020-08-31,2021-01-31,True,GVR.HM,2020-04-28,50598802340736.0,,,False,GVR.HM,Materials,1.2906451408260744,False,True,True,True,False,False,False,eligible,missing_operating_profitability,missing_investment
6,2020-06,59,HAG.HM,4822476271600,2020-06-30,2020-08-31,2021-01-31,True,HAG.HM,2020-04-28,16413542163000.0,-0.02241,,False,HAG.HM,Consumer Staples,3.403550632205458,False,True,True,True,True,False,False,eligible,eligible,missing_investment
6,2020-06,70,HCM.HM,3888024017925,2020-06-30,2020-08-31,2021-01-31,True,HCM.HM,2020-04-20,4402876662451.0,0.028847,,False,HCM.HM,Financials,1.1324201296474428,True,True,True,True,True,False,False,eligible,eligible,missing_investment
6,2020-06,26,HDB.HM,21828075096893,2020-06-30,2020-08-31,2021-01-31,True,HDB.HM,2020-04-29,21387809000000.0,0.075143,,False,HDB.HM,Financials,0.9798302830213523,True,True,True,True,True,False,False,eligible,eligible,missing_investment
6,2020-06,84,HDG.HM,2772896905268,2020-06-30,2020-08-31,2021-01-31,True,HDG.HM,2020-04-29,3428066562908.0,0.263712,,False,HDG.HM,Industrials,1.2362762410659036,False,True,True,True,True,False,False,eligible,eligible,missing_investment
6,2020-06,73,HHV.HM,3745648042534,2020-06-30,2020-08-31,2021-01-31,True,HHV.HM,2020-04-23,7366206639699.0,,,False,HHV.HM,Industrials,1.9666040578429855,False,True,True,True,False,False,False,eligible,missing_operating_profitability,missing_investment
6,2020-06,96,HNA.HM,2133692407662,2020-06-30,2020-08-31,2021-01-31,True,HNA.HM,2020-04-17,2448386586805.0,0.020826,,False,HNA.HM,Utilities,1.147488071857474,False,True,True,True,True,False,False,eligible,eligible,missing_investment
6,2020-06,10,HPG.HM,63653060496805,2020-06-30,2020-08-31,2021-01-31,True,HPG.HM,2020-04-27,50063408905154.0,0.049592,,False,HPG.HM,Materials,0.7865043489569034,False,True,True,True,True,False,False,eligible,eligible,missing_investment
6,2020-06,47,HPX.HM,6577868146276,2020-06-30,2020-08-31,2021-01-31,True,HPX.HM,2020-04-28,3024365137755.0,0.128621,,False,HPX.HM,Real Estate,0.4597789238854258,False,True,True,True,True,False,False,eligible,eligible,missing_investment
6,2020-06,74,HSG.HM,3705258799962,2020-06-30,2020-08-31,2021-01-31,True,HSG.HM,2020-05-27,5840821381008.0,-0.024747,,False,HSG.HM,Materials,1.5763598972001367,False,True,True,True,True,False,False,eligible,eligible,missing_investment
6,2020-06,65,HT1.HM,4190642559900,2020-06-30,2020-08-31,2021-01-31,True,HT1.HM,2020-04-20,5452169242125.0,0.048816,,False,HT1.HM,Materials,1.3010341884789867,False,True,True,True,True,False,False,eligible,eligible,missing_investment
6,2020-06,18,HVN.HM,35599130018384,2020-06-30,2020-08-31,2021-01-31,True,HVN.HM,2020-04-29,15942392136560.0,0.019142,,False,HVN.HM,Industrials,0.4478309477879677,False,True,True,True,True,False,False,eligible,eligible,missing_investment
6,2020-06,88,IMP.HM,2505109435507,2020-06-30,2020-08-31,2021-01-31,True,IMP.HM,2020-04-15,1600003477509.0,0.029817,,False,IMP.HM,Health Care,0.6386960405125699,False,True,True,True,True,False,False,eligible,eligible,missing_investment
6,2020-06,48,KBC.HM,6506178621113,2020-06-30,2020-08-31,2021-01-31,True,KBC.HM,2020-04-29,10475333088135.0,0.037069,,False,KBC.HM,Real Estate,1.6100592526220874,False,True,True,True,True,False,False,eligible,eligible,missing_investment
6,2020-06,60,KDC.HM,4624650230279,2020-06-30,2020-08-31,2021-01-31,True,KDC.HM,2020-04-21,8203472519042.0,-0.007218,,False,KDC.HM,Consumer Staples,1.7738579374784618,False,True,True,True,True,False,False,eligible,eligible,missing_investment
6,2020-06,32,KDH.HM,11934161242584,2020-06-30,2020-08-31,2021-01-31,True,KDH.HM,2020-04-29,7818541905000.0,0.085587,,False,KDH.HM,Real Estate,0.6551396236462379,False,True,True,True,True,False,False,eligible,eligible,missing_investment
6,2020-06,79,KLB.HM,3326918200594,2020-06-30,2020-08-31,2021-01-31,True,KLB.HM,2020-04-21,3837417000000.0,-4.3e-05,,False,KLB.HM,Financials,1.1534449507399531,True,True,True,True,True,False,False,eligible,eligible,missing_investment
6,2020-06,78,KOS.HM,3413377127572,2020-06-30,2020-08-31,2021-01-31,True,KOS.HM,2020-04-21,1142865853835.0,,,False,KOS.HM,Real Estate,0.33481968476420365,False,True,True,True,False,False,False,eligible,missing_operating_profitability,missing_investment
6,2020-06,44,LGC.HM,7187778241867,2020-06-30,2020-08-31,2021-01-31,True,LGC.HM,2020-04-29,3973098119911.0,0.020075,,False,LGC.HM,Industrials,0.5527574705586634,False,True,True,True,True,False,False,eligible,eligible,missing_investment
6,2020-06,41,LPB.HM,7462268984025,2020-06-30,2020-08-31,2021-01-31,True,LPB.HM,2020-04-21,13065456000000.0,0.052016,,False,LPB.HM,Financials,1.7508690758762695,True,True,True,True,True,False,False,eligible,eligible,missing_investment
6,2020-06,22,MBB.HM,30383474861679,2020-06-30,2020-08-31,2021-01-31,True,MBB.HM,2020-04-24,43984050000000.0,0.057724,,False,MBB.HM,Financials,1.447630667665161,True,True,True,True,True,False,False,eligible,eligible,missing_investment
6,2020-06,19,MCH.HM,34961370872264,2020-06-30,2020-08-31,2021-01-31,True,MCH.HM,2020-05-05,13566141119829.0,0.092443,,False,MCH.HM,Consumer Staples,0.3880322991164933,False,True,True,True,True,False,False,eligible,eligible,missing_investment
6,2020-06,11,MSN.HM,61505997224708,2020-06-30,2020-08-31,2021-01-31,True,MSN.HM,2020-04-29,51566408000000.0,0.035659,,False,MSN.HM,Consumer Staples,0.8383964219229812,False,True,True,True,True,False,False,eligible,eligible,missing_investment
6,2020-06,20,MWG.HM,34657329535717,2020-06-30,2020-08-31,2021-01-31,True,MWG.HM,2020-04-29,13378770934313.0,0.093927,,False,MWG.HM,Consumer Discretionary,0.3860300581014231,False,True,True,True,True,False,False,eligible,eligible,missing_investment
6,2020-06,52,NLG.HM,5512964621147,2020-06-30,2020-08-31,2021-01-31,True,NLG.HM,2020-04-20,6306605550069.0,0.030335,,False,NLG.HM,Real Estate,1.1439590099812538,False,True,True,True,True,False,False,eligible,eligible,missing_investment
6,2020-06,69,NT2.HM,4023476409856,2020-06-30,2020-08-31,2021-01-31,True,NT2.HM,2020-04-20,4306103471604.0,0.056109,,False,NT2.HM,Utilities,1.0702444933082422,False,True,True,True,True,False,False,eligible,eligible,missing_investment
6,2020-06,92,NTC.HM,2360204430168,2020-06-30,2020-08-31,2021-01-31,True,NTC.HM,2020-04-17,665964629110.0,0.657899,,False,NTC.HM,Real Estate,0.28216396028991286,False,True,True,True,True,False,False,eligible,eligible,missing_investment
6,2020-06,12,NVL.HM,59626792953406,2020-06-30,2020-08-31,2021-01-31,True,NVL.HM,2020-05-04,24696111191411.0,0.116694,,False,NVL.HM,Real Estate,0.41417808954959584,False,True,True,True,True,False,False,eligible,eligible,missing_investment
6,2020-06,76,PAN.HM,3624625729132,2020-06-30,2020-08-31,2021-01-31,True,PAN.HM,2020-04-29,6163420585346.0,0.031376,,False,PAN.HM,Consumer Staples,1.7004295190560192,False,True,True,True,True,False,False,eligible,eligible,missing_investment
6,2020-06,87,PC1.HM,2668663767883,2020-06-30,2020-08-31,2021-01-31,True,PC1.HM,2020-04-29,3792322340160.0,0.021408,,False,PC1.HM,Industrials,1.4210566298385265,False,True,True,True,True,False,False,eligible,eligible,missing_investment
6,2020-06,37,PDR.HM,8923091598126,2020-06-30,2020-08-31,2021-01-31,True,PDR.HM,2020-04-20,4133527652641.0,0.104178,,False,PDR.HM,Real Estate,0.463239406116722,False,True,True,True,True,False,False,eligible,eligible,missing_investment
6,2020-06,36,PGV.HM,9109434359263,2020-06-30,2020-08-31,2021-01-31,True,PGV.HM,2020-05-04,11688518708615.0,,,False,PGV.HM,Utilities,1.283122337527954,False,True,True,True,False,False,False,eligible,missing_operating_profitability,missing_investment
6,2020-06,55,PHR.HM,5178897343107,2020-06-30,2020-08-31,2021-01-31,True,PHR.HM,2020-04-24,2773483110643.0,0.030562,,False,PHR.HM,Materials,0.5355354483584128,False,True,True,True,True,False,False,eligible,eligible,missing_investment
6,2020-06,14,PLX.HM,44698213137477,2020-06-30,2020-08-31,2021-01-31,True,PLX.HM,2020-05-05,21959888955957.0,0.033555,,False,PLX.HM,Energy,0.4912923227694943,False,True,True,True,True,False,False,eligible,eligible,missing_investment
6,2020-06,40,PNJ.HM,7638757438236,2020-06-30,2020-08-31,2021-01-31,True,PNJ.HM,2020-04-20,4985527981130.0,0.090727,,False,PNJ.HM,Consumer Discretionary,0.652662166777912,False,True,True,True,True,False,False,eligible,eligible,missing_investment
6,2020-06,27,POW.HM,21670089941547,2020-06-30,2020-08-31,2021-01-31,True,POW.HM,2020-04-29,29894040301554.0,,,False,POW.HM,Utilities,1.3795069786138554,False,True,True,True,False,False,False,eligible,missing_operating_profitability,missing_investment
6,2020-06,62,PPC.HM,4556211108636,2020-06-30,2020-08-31,2021-01-31,True,PPC.HM,2020-04-15,6072897996134.0,0.066105,,False,PPC.HM,Utilities,1.3328833654400296,False,True,True,True,True,False,False,eligible,eligible,missing_investment
6,2020-06,68,PVD.HM,4110094403870,2020-06-30,2020-08-31,2021-01-31,True,PVD.HM,2020-04-29,14184028809000.0,0.025516,,False,PVD.HM,Energy,3.4510226323863855,False,True,True,True,True,False,False,eligible,eligible,missing_investment
6,2020-06,85,PVT.HM,2744031600282,2020-06-30,2020-08-31,2021-01-31,True,PVT.HM,2020-04-28,5817387885913.0,0.052981,,False,PVT.HM,Energy,2.1200149026400266,False,True,True,True,True,False,False,eligible,eligible,missing_investment
6,2020-06,98,QCG.HM,2107489220060,2020-06-30,2020-08-31,2021-01-31,True,QCG.HM,2020-05-06,4254459746054.0,0.00219,,False,QCG.HM,Real Estate,2.0187338115698052,False,True,True,True,True,False,False,eligible,eligible,missing_investment
6,2020-06,38,REE.HM,8844967754058,2020-06-30,2020-08-31,2021-01-31,True,REE.HM,2020-04-29,10779905721557.0,0.020271,,False,REE.HM,Industrials,1.2187614495950272,False,True,True,True,True,False,False,eligible,eligible,missing_investment
6,2020-06,7,SAB.HM,80549558568933,2020-06-30,2020-08-31,2021-01-31,True,SAB.HM,2020-05-04,18486699868999.0,0.06846,,False,SAB.HM,Consumer Staples,0.2295071530799065,False,True,True,True,True,False,False,eligible,eligible,missing_investment
6,2020-06,90,SAM.HM,2459877037939,2020-06-30,2020-08-31,2021-01-31,True,SAM.HM,2020-04-24,2886416205018.0,0.025171,,False,SAM.HM,Industrials,1.1733985725710805,False,True,True,True,True,False,False,eligible,eligible,missing_investment
6,2020-06,45,SBT.HM,7157225057216,2020-06-30,2020-08-31,2021-01-31,True,SBT.HM,2020-05-04,7783594212444.0,-0.031295,,False,SBT.HM,Consumer Staples,1.0875156433143718,False,True,True,True,True,False,False,eligible,eligible,missing_investment
6,2020-06,97,SCR.HM,2117539588755,2020-06-30,2020-08-31,2021-01-31,True,SCR.HM,2020-04-29,4785182064136.0,0.013455,,False,SCR.HM,Real Estate,2.2597839915472044,False,True,True,True,True,False,False,eligible,eligible,missing_investment
6,2020-06,66,SCS.HM,4127862073924,2020-06-30,2020-08-31,2021-01-31,True,SCS.HM,2020-04-21,1125720645541.0,0.138873,,False,SCS.HM,Industrials,0.2727127567203027,False,True,True,True,True,False,False,eligible,eligible,missing_investment
6,2020-06,29,SHB.HM,21058883513265,2020-06-30,2020-08-31,2021-01-31,True,SHB.HM,2020-05-05,19204365000000.0,0.094847,,False,SHB.HM,Financials,0.9119365225560587,True,True,True,True,True,False,False,eligible,eligible,missing_investment
6,2020-06,57,SIP.HM,4933966806383,2020-06-30,2020-08-31,2021-01-31,True,SIP.HM,2020-05-04,1866564187830.0,,,False,SIP.HM,Real Estate,0.3783090282276025,False,True,True,True,False,False,False,eligible,missing_operating_profitability,missing_investment
6,2020-06,86,SJS.HM,2670895716943,2020-06-30,2020-08-31,2021-01-31,True,SJS.HM,2020-04-29,2241247516895.0,0.028091,,False,SJS.HM,Real Estate,0.8391370365669844,False,True,True,True,True,False,False,eligible,eligible,missing_investment
6,2020-06,46,SSI.HM,6787393022537,2020-06-30,2020-08-31,2021-01-31,True,SSI.HM,2020-05-04,9280116093365.0,0.045986,,False,SSI.HM,Financials,1.3672578061342715,True,True,True,True,True,False,False,eligible,eligible,missing_investment
6,2020-06,30,STB.HM,19389274361750,2020-06-30,2020-08-31,2021-01-31,True,STB.HM,2020-04-20,27546545000000.0,0.029197,,False,STB.HM,Financials,1.4207104652839497,True,True,True,True,True,False,False,eligible,eligible,missing_investment
6,2020-06,9,TCB.HM,66661890095249,2020-06-30,2020-08-31,2021-01-31,True,TCB.HM,2020-04-29,64590770000000.0,0.045694,,False,TCB.HM,Financials,0.9689309725198354,True,True,True,True,True,False,False,eligible,eligible,missing_investment
6,2020-06,51,TCH.HM,5830281436321,2020-06-30,2020-08-31,2021-01-31,True,TCH.HM,2020-05-27,4720347588195.0,0.008677,,False,TCH.HM,Industrials,0.8096260257332645,False,True,True,True,True,False,False,eligible,eligible,missing_investment
6,2020-06,99,TLG.HM,2043883183788,2020-06-30,2020-08-31,2021-01-31,True,TLG.HM,2020-04-29,1729586339383.0,0.043717,,False,TLG.HM,Industrials,0.8462256322191062,False,True,True,True,True,False,False,eligible,eligible,missing_investment
6,2020-06,31,TPB.HM,13750547476670,2020-06-30,2020-08-31,2021-01-31,True,TPB.HM,2020-04-20,13862837000000.0,0.06671,,False,TPB.HM,Financials,1.0081661856388275,True,True,True,True,True,False,False,eligible,eligible,missing_investment
6,2020-06,53,VBB.HM,5447254412401,2020-06-30,2020-08-31,2021-01-31,True,VBB.HM,2020-04-23,5188865000000.0,0.012859,,False,VBB.HM,Financials,0.9525652020561476,True,True,True,True,True,False,False,eligible,eligible,missing_investment
6,2020-06,2,VCB.HM,289714740130440,2020-06-30,2020-08-31,2021-01-31,True,VCB.HM,2020-04-22,85071986000000.0,0.123053,,False,VCB.HM,Financials,0.2936405167431161,True,True,True,True,True,False,False,eligible,eligible,missing_investment
6,2020-06,75,VCF.HM,3678361490092,2020-06-30,2020-08-31,2021-01-31,True,VCF.HM,2020-05-04,1545036131434.0,0.177559,,False,VCF.HM,Consumer Staples,0.4200337937409618,False,True,True,True,True,False,False,eligible,eligible,missing_investment
6,2020-06,35,VCG.HM,10124183840192,2020-06-30,2020-08-31,2021-01-31,True,VCG.HM,2020-05-07,7671598309151.0,0.03532,,False,VCG.HM,Industrials,0.7577498028725556,False,True,True,True,True,False,False,eligible,eligible,missing_investment
6,2020-06,49,VGC.HM,6069921723845,2020-06-30,2020-08-31,2021-01-31,True,VGC.HM,2020-04-28,7168151656574.0,0.021524,,False,VGC.HM,Industrials,1.180929834468001,False,True,True,True,True,False,False,eligible,eligible,missing_investment
6,2020-06,54,VHC.HM,5257570293649,2020-06-30,2020-08-31,2021-01-31,True,VHC.HM,2020-04-20,5029417714201.0,0.115752,,False,VHC.HM,Consumer Staples,0.9566049397906098,False,True,True,True,True,False,False,eligible,eligible,missing_investment
6,2020-06,5,VHM.HM,114934631923835,2020-06-30,2020-08-31,2021-01-31,True,VHM.HM,2020-04-28,72338579000000.0,0.036949,,False,VHM.HM,Real Estate,0.6293888777399783,False,True,True,True,True,False,False,eligible,eligible,missing_investment
6,2020-06,33,VIB.HM,11825472108398,2020-06-30,2020-08-31,2021-01-31,True,VIB.HM,2020-04-21,14284804000000.0,0.07662,,False,VIB.HM,Financials,1.2079690239052254,True,True,True,True,True,False,False,eligible,eligible,missing_investment
6,2020-06,1,VIC.HM,301036342833983,2020-06-30,2020-08-31,2021-01-31,True,VIC.HM,2020-04-29,122112342000000.0,0.055014,,False,VIC.HM,Real Estate,0.4056398667696515,False,True,True,True,True,False,False,eligible,eligible,missing_investment
6,2020-06,15,VJC.HM,43518911634131,2020-06-30,2020-08-31,2021-01-31,True,VJC.HM,2020-05-15,13753711508856.0,0.14254,,False,VJC.HM,Industrials,0.3160398776625021,False,True,True,True,True,False,False,eligible,eligible,missing_investment
6,2020-06,91,VND.HM,2389924195381,2020-06-30,2020-08-31,2021-01-31,True,VND.HM,2020-04-29,3306660899260.0,0.067037,,False,VND.HM,Financials,1.3835840089199376,True,True,True,True,True,False,False,eligible,eligible,missing_investment
6,2020-06,3,VNM.HM,143177909992769,2020-06-30,2020-08-31,2021-01-31,True,VNM.HM,2020-04-29,32246764035922.0,0.099421,,False,VNM.HM,Consumer Staples,0.22522164234378458,False,True,True,True,True,False,False,eligible,eligible,missing_investment
6,2020-06,16,VPB.HM,43157025374684,2020-06-30,2020-08-31,2021-01-31,True,VPB.HM,2020-04-21,44523737000000.0,0.112,,False,VPB.HM,Financials,1.0316683463109513,True,True,True,True,True,False,False,eligible,eligible,missing_investment
6,2020-06,50,VPI.HM,6056709844311,2020-06-30,2020-08-31,2021-01-31,True,VPI.HM,2020-04-29,2693492327274.0,0.170988,,False,VPI.HM,Real Estate,0.44471212861616066,False,True,True,True,True,False,False,eligible,eligible,missing_investment
6,2020-06,13,VRE.HM,56353496568000,2020-06-30,2020-08-31,2021-01-31,True,VRE.HM,2020-04-28,27445705000000.0,0.031549,,False,VRE.HM,Real Estate,0.4870275434796158,False,True,True,True,True,False,False,eligible,eligible,missing_investment
6,2020-06,83,VSH.HM,2820676360547,2020-06-30,2020-08-31,2021-01-31,True,VSH.HM,2020-04-29,3148025829147.0,0.007267,,False,VSH.HM,Utilities,1.1160535370802054,False,True,True,True,True,False,False,eligible,eligible,missing_investment
6,2020-06,43,VTP.HM,7233204085703,2020-06-30,2020-08-31,2021-01-31,True,VTP.HM,2020-05-05,1066160994280.0,0.156355,,False,VTP.HM,Industrials,0.14739816292303318,False,True,True,True,True,False,False,eligible,eligible,missing_investment
7,2020-12,17,ACB.HM,55045076162731,2020-12-31,2021-02-28,2021-07-31,True,ACB.HM,2020-10-26,32918968000000.0,0.044615,0.164518,False,ACB.HM,Financials,0.5980365601217612,True,True,True,True,True,True,False,eligible,eligible,eligible
7,2020-12,48,APH.HM,10424315289641,2020-12-31,2021-02-28,2021-07-31,True,APH.HM,2020-11-02,4329542365824.0,,,False,APH.HM,Materials,0.41533110286163494,False,True,True,True,False,False,False,eligible,missing_operating_profitability,missing_investment
7,2020-12,95,ASM.HM,3912733926957,2020-12-31,2021-02-28,2021-07-31,True,ASM.HM,2020-11-02,6740022546501.0,0.018628,0.302356,False,ASM.HM,Real Estate,1.7225864759331668,False,True,True,True,True,True,False,eligible,eligible,eligible
7,2020-12,24,BCM.HM,39699245422170,2020-12-31,2021-02-28,2021-07-31,True,BCM.HM,2020-10-30,16242076084744.0,0.03063,-0.036947,False,BCM.HM,Real Estate,0.4091280806983205,False,True,True,True,True,True,False,eligible,eligible,eligible
7,2020-12,40,BHN.HM,15036029192033,2020-12-31,2021-02-28,2021-07-31,True,BHN.HM,2020-10-30,5617610579947.0,0.028286,-0.15546,False,BHN.HM,Consumer Staples,0.37360998094653547,False,True,True,True,True,True,False,eligible,eligible,eligible
7,2020-12,3,BID.HM,175474997002076,2020-12-31,2021-02-28,2021-07-31,True,BID.HM,2020-10-29,81440725000000.0,0.071123,0.134889,False,BID.HM,Financials,0.4641158363948369,True,True,True,True,True,True,False,eligible,eligible,eligible
7,2020-12,29,BSR.HM,28369793434596,2020-12-31,2021-02-28,2021-07-31,True,BSR.HM,2020-10-23,29830279646578.0,0.049086,0.006998,False,BSR.HM,Energy,1.0514803259089291,False,True,True,True,True,True,False,eligible,eligible,eligible
7,2020-12,81,BVB.HM,5105349989528,2020-12-31,2021-02-28,2021-07-31,True,BVB.HM,2020-11-10,3840310000000.0,0.020257,0.11293,False,BVB.HM,Financials,0.7522128762723757,True,True,True,True,True,True,False,eligible,eligible,eligible
7,2020-12,22,BVH.HM,42402267721199,2020-12-31,2021-02-28,2021-07-31,True,BVH.HM,2020-10-30,20919332187040.0,0.609772,0.133099,False,BVH.HM,Financials,0.49335408956397364,True,True,True,True,True,True,False,eligible,eligible,eligible
7,2020-12,79,BWE.HM,5462614901000,2020-12-31,2021-02-28,2021-07-31,True,BWE.HM,2020-10-26,2505259685837.0,0.076273,-0.549464,False,BWE.HM,Utilities,0.4586191286115338,False,True,True,True,True,True,False,eligible,eligible,eligible
7,2020-12,89,CII.HM,4521262416441,2020-12-31,2021-02-28,2021-07-31,True,CII.HM,2020-10-30,8490149444106.0,-0.02172,0.313284,False,CII.HM,Industrials,1.8778271779210698,False,True,True,True,True,True,False,eligible,eligible,eligible
7,2020-12,97,CMG.HM,3779176743816,2020-12-31,2021-02-28,2021-07-31,True,CMG.HM,2020-11-30,2257613351003.0,0.0398,0.314684,False,CMG.HM,Information Technology,0.5973823147322264,False,True,True,True,True,True,False,eligible,eligible,eligible
7,2020-12,75,CTD.HM,5686295929197,2020-12-31,2021-02-28,2021-07-31,True,CTD.HM,2020-10-30,8509884683498.0,0.031594,-0.03712,False,CTD.HM,Industrials,1.4965602897666528,False,True,True,True,True,True,False,eligible,eligible,eligible
7,2020-12,7,CTG.HM,124562380883362,2020-12-31,2021-02-28,2021-07-31,True,CTG.HM,2020-10-29,83322463000000.0,0.057311,0.065638,False,CTG.HM,Financials,0.6689215669217311,True,True,True,True,True,True,False,eligible,eligible,eligible
7,2020-12,90,CTR.HM,4449243307929,2020-12-31,2021-02-28,2021-07-31,True,CTR.HM,2020-10-29,960170974471.0,0.092009,0.052902,False,CTR.HM,Industrials,0.21580545454996325,False,True,True,True,True,True,False,eligible,eligible,eligible
7,2020-12,73,DBC.HM,5740447348327,2020-12-31,2021-02-28,2021-07-31,True,DBC.HM,2020-10-21,3943554131038.0,0.090677,0.148732,False,DBC.HM,Consumer Staples,0.6869767967103316,False,True,True,True,True,True,False,eligible,eligible,eligible
7,2020-12,74,DCM.HM,5718381842024,2020-12-31,2021-02-28,2021-07-31,True,DCM.HM,2020-10-28,6510575276373.0,0.02046,-0.077783,False,DCM.HM,Materials,1.1385345463514214,False,True,True,True,True,True,False,eligible,eligible,eligible
7,2020-12,65,DGC.HM,6397371624063,2020-12-31,2021-02-28,2021-07-31,True,DGC.HM,2020-10-19,4059597940374.0,0.053603,-0.001721,False,DGC.HM,Materials,0.6345727869089667,False,True,True,True,True,True,False,eligible,eligible,eligible
7,2020-12,99,DGW.HM,3416564505606,2020-12-31,2021-02-28,2021-07-31,True,DGW.HM,2020-10-20,1059346777792.0,0.052489,0.081733,False,DGW.HM,Information Technology,0.31006198655222006,False,True,True,True,True,True,False,eligible,eligible,eligible
7,2020-12,50,DHG.HM,9918807987519,2020-12-31,2021-02-28,2021-07-31,True,DHG.HM,2020-10-20,3358561888248.0,0.07534,-0.014062,False,DHG.HM,Health Care,0.3386053941637074,False,True,True,True,True,True,False,eligible,eligible,eligible
7,2020-12,53,DIG.HM,8495261793944,2020-12-31,2021-02-28,2021-07-31,True,DIG.HM,2020-10-30,4094387085874.0,0.087498,0.19981,False,DIG.HM,Industrials,0.48196126089872326,False,True,True,True,True,True,False,eligible,eligible,eligible
7,2020-12,86,DPM.HM,4845044087293,2020-12-31,2021-02-28,2021-07-31,True,DPM.HM,2020-10-20,8194956393631.0,0.035711,0.027487,False,DPM.HM,Materials,1.6914100771804632,False,True,True,True,True,True,False,eligible,eligible,eligible
7,2020-12,57,DXG.HM,7251470039369,2020-12-31,2021-02-28,2021-07-31,True,DXG.HM,2020-10-21,9083353401101.0,0.069044,0.448097,False,DXG.HM,Real Estate,1.2526223444055495,False,True,True,True,True,True,False,eligible,eligible,eligible
7,2020-12,32,EIB.HM,23308876631957,2020-12-31,2021-02-28,2021-07-31,True,EIB.HM,2020-10-30,16597111000000.0,0.031044,0.097518,False,EIB.HM,Financials,0.7120510894654178,True,True,True,True,True,True,False,eligible,eligible,eligible
7,2020-12,96,FIT.HM,3910111533674,2020-12-31,2021-02-28,2021-07-31,True,FIT.HM,2020-10-30,4023275218422.0,0.003319,0.01682,False,FIT.HM,Financials,1.0289412933041502,True,True,True,True,True,True,False,eligible,eligible,eligible
7,2020-12,25,FPT.HM,38177866429566,2020-12-31,2021-02-28,2021-07-31,True,FPT.HM,2020-10-27,18181401005669.0,0.066063,0.122226,False,FPT.HM,Information Technology,0.4762288390109935,False,True,True,True,True,True,False,eligible,eligible,eligible
7,2020-12,6,GAS.HM,136178265769663,2020-12-31,2021-02-28,2021-07-31,True,GAS.HM,2020-11-17,47794064016827.0,0.075915,-0.006957,False,GAS.HM,Utilities,0.35096690170564854,False,True,True,True,True,True,False,eligible,eligible,eligible
7,2020-12,80,GEG.HM,5257497222604,2020-12-31,2021-02-28,2021-07-31,True,GEG.HM,2020-11-02,2757844984691.0,0.031264,0.550998,False,GEG.HM,Utilities,0.5245547202258073,False,True,True,True,True,True,False,eligible,eligible,eligible
7,2020-12,49,GEX.HM,9981044800888,2020-12-31,2021-02-28,2021-07-31,True,GEX.HM,2020-10-30,7742712526991.0,0.027934,0.230999,False,GEX.HM,Industrials,0.7757416865118311,False,True,True,True,True,True,False,eligible,eligible,eligible
7,2020-12,52,GMD.HM,8541777524849,2020-12-31,2021-02-28,2021-07-31,True,GMD.HM,2020-10-30,6510591090828.0,0.002689,0.013606,False,GMD.HM,Industrials,0.7622056500403988,False,True,True,True,True,True,False,eligible,eligible,eligible
7,2020-12,9,GVR.HM,111970791004000,2020-12-31,2021-02-28,2021-07-31,True,GVR.HM,2020-10-29,49024354726522.0,0.021734,0.014783,False,GVR.HM,Materials,0.4378316370451529,False,True,True,True,True,True,False,eligible,eligible,eligible
7,2020-12,85,HAG.HM,4868846235750,2020-12-31,2021-02-28,2021-07-31,True,HAG.HM,2020-10-30,15731531245000.0,-0.042038,-0.302132,False,HAG.HM,Consumer Staples,3.231059368745233,False,True,True,True,True,True,False,eligible,eligible,eligible
7,2020-12,60,HCM.HM,7007224185089,2020-12-31,2021-02-28,2021-07-31,True,HCM.HM,2020-10-20,4455571453904.0,0.039819,0.424704,False,HCM.HM,Financials,0.6358539895705376,True,True,True,True,True,True,False,eligible,eligible,eligible
7,2020-12,26,HDB.HM,34491480797775,2020-12-31,2021-02-28,2021-07-31,True,HDB.HM,2020-10-30,23885162000000.0,0.088781,0.062112,False,HDB.HM,Financials,0.6924945362606989,True,True,True,True,True,True,False,eligible,eligible,eligible
7,2020-12,77,HDG.HM,5633413143285,2020-12-31,2021-02-28,2021-07-31,True,HDG.HM,2020-11-02,3916659080298.0,0.10088,0.250158,False,HDG.HM,Industrials,0.6952550755072239,False,True,True,True,True,True,False,eligible,eligible,eligible
7,2020-12,88,HHV.HM,4545527170534,2020-12-31,2021-02-28,2021-07-31,True,HHV.HM,2020-10-23,7248051533441.0,-0.012205,,False,HHV.HM,Industrials,1.5945458604726617,False,True,True,True,True,False,False,eligible,eligible,missing_investment
7,2020-12,8,HPG.HM,119965680229582,2020-12-31,2021-02-28,2021-07-31,True,HPG.HM,2020-10-26,54987270970996.0,0.047101,0.301101,False,HPG.HM,Materials,0.4583583477021526,False,True,True,True,True,True,False,eligible,eligible,eligible
7,2020-12,55,HPX.HM,7538093670259,2020-12-31,2021-02-28,2021-07-31,True,HPX.HM,2020-10-30,3075152245621.0,0.036268,-0.095905,False,HPX.HM,Real Estate,0.40794826651647875,False,True,True,True,True,True,False,eligible,eligible,eligible
7,2020-12,59,HSG.HM,7166505301091,2020-12-31,2021-02-28,2021-07-31,True,HSG.HM,2020-12-28,6590738511323.0,0.039542,-0.156754,False,HSG.HM,Materials,0.9196586389630734,False,True,True,True,True,True,False,eligible,eligible,eligible
7,2020-12,71,HT1.HM,5870380622005,2020-12-31,2021-02-28,2021-07-31,True,HT1.HM,2020-10-21,5703999685742.0,0.051789,-0.032543,False,HT1.HM,Materials,0.971657555620955,False,True,True,True,True,True,False,eligible,eligible,eligible
7,2020-12,23,HVN.HM,40137664523835,2020-12-31,2021-02-28,2021-07-31,True,HVN.HM,2020-11-02,6610716058469.0,-0.030306,-0.07204,False,HVN.HM,Industrials,0.16470106412253632,False,True,True,True,True,True,False,eligible,eligible,eligible
7,2020-12,98,IMP.HM,3427758193454,2020-12-31,2021-02-28,2021-07-31,True,IMP.HM,2020-10-16,1632588690777.0,0.045474,0.041103,False,IMP.HM,Health Care,0.4762846731414017,False,True,True,True,True,True,False,eligible,eligible,eligible
7,2020-12,46,KBC.HM,11462148617700,2020-12-31,2021-02-28,2021-07-31,True,KBC.HM,2020-10-30,10429634216023.0,0.048278,-0.028193,False,KBC.HM,Real Estate,0.9099196462971543,False,True,True,True,True,True,False,eligible,eligible,eligible
7,2020-12,58,KDC.HM,7193651558429,2020-12-31,2021-02-28,2021-07-31,True,KDC.HM,2020-10-21,7928924440294.0,-0.002161,-0.048049,False,KDC.HM,Consumer Staples,1.1022113562066347,False,True,True,True,True,True,False,eligible,eligible,eligible
7,2020-12,37,KDH.HM,16373040868406,2020-12-31,2021-02-28,2021-07-31,True,KDH.HM,2020-10-29,7775066942000.0,0.068824,0.294238,False,KDH.HM,Real Estate,0.4748700625919187,False,True,True,True,True,True,False,eligible,eligible,eligible
7,2020-12,68,KLB.HM,6173992429870,2020-12-31,2021-02-28,2021-07-31,True,KLB.HM,2020-10-21,3907418000000.0,-0.032622,0.207808,False,KLB.HM,Financials,0.632883510043804,True,True,True,True,True,True,False,eligible,eligible,eligible
7,2020-12,94,KOS.HM,4010261440500,2020-12-31,2021-02-28,2021-07-31,True,KOS.HM,2020-10-20,1145855992724.0,0.002989,,False,KOS.HM,Real Estate,0.28573099527923407,False,True,True,True,True,False,False,eligible,eligible,missing_investment
7,2020-12,45,LGC.HM,11973332834811,2020-12-31,2021-02-28,2021-07-31,True,LGC.HM,2020-10-30,4408688042192.0,0.009007,0.20267,False,LGC.HM,Industrials,0.3682089275405657,False,True,True,True,True,True,False,eligible,eligible,eligible
7,2020-12,42,LPB.HM,12412797277792,2020-12-31,2021-02-28,2021-07-31,True,LPB.HM,2020-10-21,13765259000000.0,0.040895,0.153994,False,LPB.HM,Financials,1.1089570458568367,True,True,True,True,True,True,False,eligible,eligible,eligible
7,2020-12,21,MBB.HM,48412235739589,2020-12-31,2021-02-28,2021-07-31,True,MBB.HM,2020-10-16,48253994000000.0,0.077566,0.135686,False,MBB.HM,Financials,0.9967313688952482,True,True,True,True,True,True,False,eligible,eligible,eligible
7,2020-12,20,MCH.HM,50173818932751,2020-12-31,2021-02-28,2021-07-31,True,MCH.HM,2020-11-02,12779583589799.0,0.12925,0.200366,False,MCH.HM,Consumer Staples,0.2547062165414942,False,True,True,True,True,True,False,eligible,eligible,eligible
7,2020-12,69,MCM.HM,5997237864420,2020-12-31,2021-02-28,2021-07-31,True,MCM.HM,2020-10-20,925036702180.0,,,False,MCM.HM,Consumer Staples,0.15424379074039968,False,True,True,True,False,False,False,eligible,missing_operating_profitability,missing_investment
7,2020-12,34,MSB.HM,22089993740089,2020-12-31,2021-02-28,2021-07-31,True,MSB.HM,2020-10-20,16161842000000.0,0.028997,0.139431,False,MSB.HM,Financials,0.7316363322760672,True,True,True,True,True,True,False,eligible,eligible,eligible
7,2020-12,11,MSN.HM,102782271793358,2020-12-31,2021-02-28,2021-07-31,True,MSN.HM,2020-10-30,28595736000000.0,0.038876,0.506648,False,MSN.HM,Consumer Staples,0.27821661752613563,False,True,True,True,True,True,False,eligible,eligible,eligible
7,2020-12,18,MWG.HM,51690936374699,2020-12-31,2021-02-28,2021-07-31,True,MWG.HM,2020-10-29,15220230064162.0,0.090105,0.483085,False,MWG.HM,Consumer Discretionary,0.2944467856769528,False,True,True,True,True,True,False,eligible,eligible,eligible
7,2020-12,62,NAB.HM,6755418152116,2020-12-31,2021-02-28,2021-07-31,True,NAB.HM,2020-11-26,6113031000000.0,0.065025,0.261507,False,NAB.HM,Financials,0.904907862451892,True,True,True,True,True,True,False,eligible,eligible,eligible
7,2020-12,56,NLG.HM,7427575670735,2020-12-31,2021-02-28,2021-07-31,True,NLG.HM,2020-10-21,6223878478978.0,0.060252,0.138911,False,NLG.HM,Real Estate,0.8379421166317262,False,True,True,True,True,True,False,eligible,eligible,eligible
7,2020-12,83,NT2.HM,5016632758120,2020-12-31,2021-02-28,2021-07-31,True,NT2.HM,2020-11-23,4094378520443.0,0.063327,-0.145515,False,NT2.HM,Utilities,0.8161607033753417,False,True,True,True,True,True,False,eligible,eligible,eligible
7,2020-12,78,NTC.HM,5574048732108,2020-12-31,2021-02-28,2021-07-31,True,NTC.HM,2020-10-20,727432454409.0,0.083922,0.040113,False,NTC.HM,Real Estate,0.13050342567311907,False,True,True,True,True,True,False,eligible,eligible,eligible
7,2020-12,15,NVL.HM,65094866659145,2020-12-31,2021-02-28,2021-07-31,True,NVL.HM,2020-10-30,31199689301541.0,-0.012155,0.301743,False,NVL.HM,Real Estate,0.47929569415836326,False,True,True,True,True,True,False,eligible,eligible,eligible
7,2020-12,66,PAN.HM,6332762274282,2020-12-31,2021-02-28,2021-07-31,True,PAN.HM,2020-10-30,6033442389713.0,0.025359,0.140464,False,PAN.HM,Consumer Staples,0.9527347038140735,False,True,True,True,True,True,False,eligible,eligible,eligible
7,2020-12,93,PC1.HM,4253920945649,2020-12-31,2021-02-28,2021-07-31,True,PC1.HM,2020-10-30,4662673993436.0,0.020789,0.260481,False,PC1.HM,Industrials,1.0960885387879813,False,True,True,True,True,True,False,eligible,eligible,eligible
7,2020-12,35,PDR.HM,20402752487942,2020-12-31,2021-02-28,2021-07-31,True,PDR.HM,2020-10-20,5298252902111.0,0.137186,0.262625,False,PDR.HM,Real Estate,0.25968324152548833,False,True,True,True,True,True,False,eligible,eligible,eligible
7,2020-12,39,PGV.HM,15182390597963,2020-12-31,2021-02-28,2021-07-31,True,PGV.HM,2020-10-30,13597222919247.0,0.025707,,False,PGV.HM,Utilities,0.8955916943061207,False,True,True,True,True,False,False,eligible,eligible,missing_investment
7,2020-12,61,PHR.HM,6827394704179,2020-12-31,2021-02-28,2021-07-31,True,PHR.HM,2020-10-27,3270742463892.0,0.008799,0.150803,False,PHR.HM,Materials,0.4790615755509201,False,True,True,True,True,True,False,eligible,eligible,eligible
7,2020-12,16,PLX.HM,57214327475418,2020-12-31,2021-02-28,2021-07-31,True,PLX.HM,2020-11-02,23304983270050.0,0.037774,0.097352,False,PLX.HM,Energy,0.407327749855365,False,True,True,True,True,True,False,eligible,eligible,eligible
7,2020-12,47,PNJ.HM,10974336211128,2020-12-31,2021-02-28,2021-07-31,True,PNJ.HM,2020-10-21,4903259166387.0,0.10921,0.336301,False,PNJ.HM,Consumer Discretionary,0.4467932339648101,False,True,True,True,True,True,False,eligible,eligible,eligible
7,2020-12,27,POW.HM,31327357674790,2020-12-31,2021-02-28,2021-07-31,True,POW.HM,2020-10-30,30765245247525.0,0.014173,,False,POW.HM,Utilities,0.9820568196941376,False,True,True,True,True,False,False,eligible,eligible,missing_investment
7,2020-12,87,PPC.HM,4700108764052,2020-12-31,2021-02-28,2021-07-31,True,PPC.HM,2020-10-20,6090427764295.0,0.085391,0.040243,False,PPC.HM,Utilities,1.2958057079182133,False,True,True,True,True,True,False,eligible,eligible,eligible
7,2020-12,63,PVD.HM,6671696327243,2020-12-31,2021-02-28,2021-07-31,True,PVD.HM,2020-10-29,14044557752340.0,0.002176,-0.005336,False,PVD.HM,Energy,2.1050954754926248,False,True,True,True,True,True,False,eligible,eligible,eligible
7,2020-12,92,PVT.HM,4267376651495,2020-12-31,2021-02-28,2021-07-31,True,PVT.HM,2020-10-29,6000937189619.0,0.03518,0.077931,False,PVT.HM,Energy,1.4062356524157946,False,True,True,True,True,True,False,eligible,eligible,eligible
7,2020-12,41,REE.HM,14125976234014,2020-12-31,2021-02-28,2021-07-31,True,REE.HM,2020-10-30,11586354155712.0,0.017254,0.266012,False,REE.HM,Industrials,0.8202161722326254,False,True,True,True,True,True,False,eligible,eligible,eligible
7,2020-12,12,SAB.HM,101090501493189,2020-12-31,2021-02-28,2021-07-31,True,SAB.HM,2020-10-29,21045524314961.0,0.068049,0.205472,False,SAB.HM,Consumer Staples,0.2081849828035421,False,True,True,True,True,True,False,eligible,eligible,eligible
7,2020-12,43,SBT.HM,12197600523283,2020-12-31,2021-02-28,2021-07-31,True,SBT.HM,2020-10-30,7685364960328.0,-0.022845,0.019558,False,SBT.HM,Consumer Staples,0.6300718691072098,False,True,True,True,True,True,False,eligible,eligible,eligible
7,2020-12,100,SCR.HM,3337506168436,2020-12-31,2021-02-28,2021-07-31,True,SCR.HM,2020-10-30,4810106289301.0,0.021977,0.000555,False,SCR.HM,Real Estate,1.4412276851476442,False,True,True,True,True,True,False,eligible,eligible,eligible
7,2020-12,84,SCS.HM,4889926882308,2020-12-31,2021-02-28,2021-07-31,True,SCS.HM,2020-10-19,1056870459636.0,0.145676,0.105554,False,SCS.HM,Industrials,0.21613216006558505,False,True,True,True,True,True,False,eligible,eligible,eligible
7,2020-12,30,SHB.HM,27538539980153,2020-12-31,2021-02-28,2021-07-31,True,SHB.HM,2020-10-30,23876090000000.0,0.102332,0.129853,False,SHB.HM,Financials,0.8670063851317998,True,True,True,True,True,True,False,eligible,eligible,eligible
7,2020-12,44,SIP.HM,12176817651285,2020-12-31,2021-02-28,2021-07-31,True,SIP.HM,2020-11-03,2328679069396.0,0.173729,,False,SIP.HM,Real Estate,0.19123872394937755,False,True,True,True,True,False,False,eligible,eligible,missing_investment
7,2020-12,38,SSI.HM,16095153479314,2020-12-31,2021-02-28,2021-07-31,True,SSI.HM,2020-10-29,9496490331467.0,0.033558,0.135085,False,SSI.HM,Financials,0.5900217319252152,True,True,True,True,True,True,False,eligible,eligible,eligible
7,2020-12,28,STB.HM,30481742950100,2020-12-31,2021-02-28,2021-07-31,True,STB.HM,2020-10-20,28204602000000.0,0.022985,0.117083,False,STB.HM,Financials,0.9252949231338975,True,True,True,True,True,True,False,eligible,eligible,eligible
7,2020-12,10,TCB.HM,107555446524602,2020-12-31,2021-02-28,2021-07-31,True,TCB.HM,2020-10-26,70608353000000.0,0.059245,0.195367,False,TCB.HM,Financials,0.656483286356393,True,True,True,True,True,True,False,eligible,eligible,eligible
7,2020-12,72,TCH.HM,5750382252341,2020-12-31,2021-02-28,2021-07-31,True,TCH.HM,2020-11-16,7110511758979.0,0.060554,0.572092,False,TCH.HM,Industrials,1.236528537921855,False,True,True,True,True,True,False,eligible,eligible,eligible
7,2020-12,33,TPB.HM,22600997999554,2020-12-31,2021-02-28,2021-07-31,True,TPB.HM,2020-10-20,15438070000000.0,0.087482,0.207514,False,TPB.HM,Financials,0.6830702785914431,True,True,True,True,True,True,False,eligible,eligible,eligible
7,2020-12,82,VBB.HM,5028234842642,2020-12-31,2021-02-28,2021-07-31,True,VBB.HM,2020-10-22,5302882000000.0,0.034481,0.333954,False,VBB.HM,Financials,1.054620988468727,True,True,True,True,True,True,False,eligible,eligible,eligible
7,2020-12,2,VCB.HM,356094308116287,2020-12-31,2021-02-28,2021-07-31,True,VCB.HM,2020-10-22,93576020000000.0,0.088004,0.138532,False,VCB.HM,Financials,0.2627843744400475,True,True,True,True,True,True,False,eligible,eligible,eligible
7,2020-12,91,VCF.HM,4364789388681,2020-12-31,2021-02-28,2021-07-31,True,VCF.HM,2020-11-02,1910024062989.0,0.203172,0.003921,False,VCF.HM,Consumer Staples,0.4375982190440103,False,True,True,True,True,True,False,eligible,eligible,eligible
7,2020-12,36,VCG.HM,17813926527321,2020-12-31,2021-02-28,2021-07-31,True,VCG.HM,2020-10-23,8797139744181.0,0.025383,-0.038178,False,VCG.HM,Industrials,0.4938349628134446,False,True,True,True,True,True,False,eligible,eligible,eligible
7,2020-12,67,VCI.HM,6267570833953,2020-12-31,2021-02-28,2021-07-31,True,VCI.HM,2020-10-20,4000108060474.0,0.055268,0.112591,False,VCI.HM,Financials,0.6382230319287998,True,True,True,True,True,True,False,eligible,eligible,eligible
7,2020-12,51,VGC.HM,9023504689668,2020-12-31,2021-02-28,2021-07-31,True,VGC.HM,2020-10-27,6962545061064.0,0.028372,0.197768,False,VGC.HM,Industrials,0.7716009799425473,False,True,True,True,True,True,False,eligible,eligible,eligible
7,2020-12,64,VHC.HM,6489330587839,2020-12-31,2021-02-28,2021-07-31,True,VHC.HM,2020-10-21,5369929450590.0,0.041675,0.049837,False,VHC.HM,Consumer Staples,0.827501292760958,False,True,True,True,True,True,False,eligible,eligible,eligible
7,2020-12,5,VHM.HM,136247014003248,2020-12-31,2021-02-28,2021-07-31,True,VHM.HM,2020-10-29,78777807000000.0,0.120457,0.64795,False,VHM.HM,Real Estate,0.5781984109987321,False,True,True,True,True,True,False,eligible,eligible,eligible
7,2020-12,31,VIB.HM,26423780717727,2020-12-31,2021-02-28,2021-07-31,True,VIB.HM,2020-10-22,16551900000000.0,0.092093,0.325979,False,VIB.HM,Financials,0.6264016560240291,True,True,True,True,True,True,False,eligible,eligible,eligible
7,2020-12,1,VIC.HM,368976802005294,2020-12-31,2021-02-28,2021-07-31,True,VIC.HM,2020-10-30,124551607000000.0,-0.014756,0.401259,False,VIC.HM,Real Estate,0.33755945176795416,False,True,True,True,True,True,False,eligible,eligible,eligible
7,2020-12,19,VJC.HM,50369110687652,2020-12-31,2021-02-28,2021-07-31,True,VJC.HM,2020-11-02,13982767795999.0,-0.011672,0.250026,False,VJC.HM,Industrials,0.2776060090222494,False,True,True,True,True,True,False,eligible,eligible,eligible
7,2020-12,76,VND.HM,5666112019991,2020-12-31,2021-02-28,2021-07-31,True,VND.HM,2020-10-28,3568173539283.0,0.051379,0.108887,False,VND.HM,Financials,0.6297393215478059,True,True,True,True,True,True,False,eligible,eligible,eligible
7,2020-12,4,VNM.HM,168050274320128,2020-12-31,2021-02-28,2021-07-31,True,VNM.HM,2020-11-19,31691521476430.0,0.089781,0.196268,False,VNM.HM,Consumer Staples,0.18858357479416615,False,True,True,True,True,True,False,eligible,eligible,eligible
7,2020-12,14,VPB.HM,69065260988617,2020-12-31,2021-02-28,2021-07-31,True,VPB.HM,2020-10-20,49726273000000.0,0.146897,0.166763,False,VPB.HM,Financials,0.7199896487496897,True,True,True,True,True,True,False,eligible,eligible,eligible
7,2020-12,70,VPI.HM,5947914362576,2020-12-31,2021-02-28,2021-07-31,True,VPI.HM,2020-10-28,2992417550647.0,0.228912,0.334701,False,VPI.HM,Real Estate,0.5031036710069586,False,True,True,True,True,True,False,eligible,eligible,eligible
7,2020-12,13,VRE.HM,71350798074000,2020-12-31,2021-02-28,2021-07-31,True,VRE.HM,2020-10-29,28361267000000.0,0.040792,-0.073545,False,VRE.HM,Real Estate,0.39749053641398235,False,True,True,True,True,True,False,eligible,eligible,eligible
7,2020-12,54,VTP.HM,8172227668407,2020-12-31,2021-02-28,2021-07-31,True,VTP.HM,2020-11-03,1145061541741.0,0.163251,0.197444,False,VTP.HM,Industrials,0.14011620676791608,False,True,True,True,True,True,False,eligible,eligible,eligible
8,2021-06,87,AAA.HM,5400348994974,2021-06-30,2021-08-31,2022-01-31,True,AAA.HM,2021-04-29,4127655391361.0,0.025845,0.060868,False,AAA.HM,Materials,0.7643312302968805,False,True,True,True,True,True,False,eligible,eligible,eligible
8,2021-06,16,ACB.HM,87415890525933,2021-06-30,2021-08-31,2022-01-31,True,ACB.HM,2021-04-23,37929335000000.0,0.044615,0.164518,False,ACB.HM,Financials,0.4338951965346369,True,True,True,True,True,True,False,eligible,eligible,eligible
8,2021-06,56,APH.HM,11433296124640,2021-06-30,2021-08-31,2022-01-31,True,APH.HM,2021-04-29,4468033806171.0,,,False,APH.HM,Materials,0.39079140061297807,False,True,True,True,False,False,False,eligible,missing_operating_profitability,missing_investment
8,2021-06,25,BCM.HM,52418421139410,2021-06-30,2021-08-31,2022-01-31,True,BCM.HM,2021-04-29,17032817299126.0,0.03063,-0.036947,False,BCM.HM,Real Estate,0.3249395332573291,False,True,True,True,True,True,False,eligible,eligible,eligible
8,2021-06,49,BHN.HM,13250106480594,2021-06-30,2021-08-31,2022-01-31,True,BHN.HM,2021-04-29,5118494670488.0,0.028286,-0.15546,False,BHN.HM,Consumer Staples,0.3862983801665674,False,True,True,True,True,True,False,eligible,eligible,eligible
8,2021-06,8,BID.HM,173093812285973,2021-06-30,2021-08-31,2022-01-31,True,BID.HM,2021-04-29,82263294000000.0,0.071123,0.134889,False,BID.HM,Financials,0.4752526558493643,True,True,True,True,True,True,False,eligible,eligible,eligible
8,2021-06,21,BSR.HM,60178349709447,2021-06-30,2021-08-31,2022-01-31,True,BSR.HM,2021-05-05,32910835629251.0,0.049086,0.006998,False,BSR.HM,Energy,0.5468883043179322,False,True,True,True,True,True,False,eligible,eligible,eligible
8,2021-06,69,BVB.HM,8516489218620,2021-06-30,2021-08-31,2022-01-31,True,BVB.HM,2021-05-07,4024644000000.0,0.020257,0.11293,False,BVB.HM,Financials,0.47257078552987913,True,True,True,True,True,True,False,eligible,eligible,eligible
8,2021-06,32,BVH.HM,37519582347562,2021-06-30,2021-08-31,2022-01-31,True,BVH.HM,2021-05-04,21267188664667.0,0.609772,0.133099,False,BVH.HM,Financials,0.566829035239752,True,True,True,True,True,True,False,eligible,eligible,eligible
8,2021-06,81,BWE.HM,6093324450072,2021-06-30,2021-08-31,2022-01-31,True,BWE.HM,2021-04-26,3488397005901.0,0.076273,-0.549464,False,BWE.HM,Utilities,0.5724948727881675,False,True,True,True,True,True,False,eligible,eligible,eligible
8,2021-06,99,CTD.HM,4610243107131,2021-06-30,2021-08-31,2022-01-31,True,CTD.HM,2021-04-29,8375066730366.0,0.031594,-0.03712,False,CTD.HM,Industrials,1.8166214960360056,False,True,True,True,True,True,False,eligible,eligible,eligible
8,2021-06,4,CTG.HM,189998190231221,2021-06-30,2021-08-31,2022-01-31,True,CTG.HM,2021-04-29,91837105000000.0,0.057311,0.065638,False,CTG.HM,Financials,0.4833577882412329,True,True,True,True,True,True,False,eligible,eligible,eligible
8,2021-06,83,CTR.HM,5890354835435,2021-06-30,2021-08-31,2022-01-31,True,CTR.HM,2021-05-05,1143032605164.0,0.092009,0.052902,False,CTR.HM,Industrials,0.19405157025308264,False,True,True,True,True,True,False,eligible,eligible,eligible
8,2021-06,74,DBC.HM,7027185105684,2021-06-30,2021-08-31,2022-01-31,True,DBC.HM,2021-04-20,4529060191194.0,0.090677,0.148732,False,DBC.HM,Consumer Staples,0.6445056054565333,False,True,True,True,True,True,False,eligible,eligible,eligible
8,2021-06,68,DCM.HM,8577572763036,2021-06-30,2021-08-31,2022-01-31,True,DCM.HM,2021-04-28,6458299949955.0,0.02046,-0.077783,False,DCM.HM,Materials,0.7529286114349567,False,True,True,True,True,True,False,eligible,eligible,eligible
8,2021-06,53,DGC.HM,11748042130470,2021-06-30,2021-08-31,2022-01-31,True,DGC.HM,2021-04-19,4305754630086.0,0.053603,-0.001721,False,DGC.HM,Materials,0.3665082728056016,False,True,True,True,True,True,False,eligible,eligible,eligible
8,2021-06,91,DGW.HM,5310892880493,2021-06-30,2021-08-31,2022-01-31,True,DGW.HM,2021-04-29,1265479210468.0,0.052489,0.081733,False,DGW.HM,Information Technology,0.23827993502111983,False,True,True,True,True,True,False,eligible,eligible,eligible
8,2021-06,64,DHG.HM,9487930495891,2021-06-30,2021-08-31,2022-01-31,True,DHG.HM,2021-04-22,3771995116540.0,0.07534,-0.014062,False,DHG.HM,Health Care,0.3975572036677084,False,True,True,True,True,True,False,eligible,eligible,eligible
8,2021-06,59,DIG.HM,10504662565749,2021-06-30,2021-08-31,2022-01-31,True,DIG.HM,2021-04-29,4810658667889.0,0.087498,0.19981,False,DIG.HM,Industrials,0.45795461184773356,False,True,True,True,True,True,False,eligible,eligible,eligible
8,2021-06,79,DPM.HM,6365700345319,2021-06-30,2021-08-31,2022-01-31,True,DPM.HM,2021-04-27,8149506859764.0,0.035711,0.027487,False,DPM.HM,Materials,1.2802215652134359,False,True,True,True,True,True,False,eligible,eligible,eligible
8,2021-06,58,DXG.HM,10911302879891,2021-06-30,2021-08-31,2022-01-31,True,DXG.HM,2021-04-22,9679544448677.0,0.069044,0.448097,False,DXG.HM,Real Estate,0.887111700154152,False,True,True,True,True,True,False,eligible,eligible,eligible
8,2021-06,33,EIB.HM,36688777243414,2021-06-30,2021-08-31,2022-01-31,True,EIB.HM,2021-04-29,16992637000000.0,0.031044,0.097518,False,EIB.HM,Financials,0.4631562640330388,True,True,True,True,True,True,False,eligible,eligible,eligible
8,2021-06,19,FPT.HM,66397239674646,2021-06-30,2021-08-31,2022-01-31,True,FPT.HM,2021-04-23,19730300427822.0,0.066063,0.122226,False,FPT.HM,Information Technology,0.2971554318297373,False,True,True,True,True,True,False,eligible,eligible,eligible
8,2021-06,9,GAS.HM,150860386614033,2021-06-30,2021-08-31,2022-01-31,True,GAS.HM,2021-04-28,51576578924572.0,0.075915,-0.006957,False,GAS.HM,Utilities,0.3418828499792162,False,True,True,True,True,True,False,eligible,eligible,eligible
8,2021-06,100,GEG.HM,4593671815913,2021-06-30,2021-08-31,2022-01-31,True,GEG.HM,2021-04-29,3336365076233.0,0.031264,0.550998,False,GEG.HM,Utilities,0.7262959153232177,False,True,True,True,True,True,False,eligible,eligible,eligible
8,2021-06,45,GEX.HM,16221973747692,2021-06-30,2021-08-31,2022-01-31,True,GEX.HM,2021-05-04,8580731839100.0,0.027934,0.230999,False,GEX.HM,Industrials,0.5289573249568865,False,True,True,True,True,True,False,eligible,eligible,eligible
8,2021-06,57,GMD.HM,10948577147029,2021-06-30,2021-08-31,2022-01-31,True,GMD.HM,2021-05-04,6755926692863.0,0.002689,0.013606,False,GMD.HM,Industrials,0.6170597879648941,False,True,True,True,True,True,False,eligible,eligible,eligible
8,2021-06,12,GVR.HM,130850673960000,2021-06-30,2021-08-31,2022-01-31,True,GVR.HM,2021-04-27,52137156673305.0,0.021734,0.014783,False,GVR.HM,Materials,0.39844775036652014,False,True,True,True,True,True,False,eligible,eligible,eligible
8,2021-06,85,HAG.HM,5471655769700,2021-06-30,2021-08-31,2022-01-31,True,HAG.HM,2021-04-29,4744055209000.0,-0.042038,-0.302132,False,HAG.HM,Consumer Staples,0.867023696057566,False,True,True,True,True,True,False,eligible,eligible,eligible
8,2021-06,55,HCM.HM,11643911428511,2021-06-30,2021-08-31,2022-01-31,True,HCM.HM,2021-04-16,4762167799069.0,0.039819,0.424704,False,HCM.HM,Financials,0.4089835128261515,True,True,True,True,True,True,False,eligible,eligible,eligible
8,2021-06,26,HDB.HM,51555687088701,2021-06-30,2021-08-31,2022-01-31,True,HDB.HM,2021-04-23,26411472000000.0,0.088781,0.062112,False,HDB.HM,Financials,0.5122901757580953,True,True,True,True,True,True,False,eligible,eligible,eligible
8,2021-06,76,HDG.HM,6437496427330,2021-06-30,2021-08-31,2022-01-31,True,HDG.HM,2021-05-04,4354200083981.0,0.10088,0.250158,False,HDG.HM,Industrials,0.6763809709463307,False,True,True,True,True,True,False,eligible,eligible,eligible
8,2021-06,96,HHV.HM,4866387911925,2021-06-30,2021-08-31,2022-01-31,True,HHV.HM,2021-05-05,7443787025605.0,-0.012205,,False,HHV.HM,Industrials,1.529632894115187,False,True,True,True,True,False,False,eligible,eligible,missing_investment
8,2021-06,3,HPG.HM,202337516490627,2021-06-30,2021-08-31,2022-01-31,True,HPG.HM,2021-04-26,66221560358804.0,0.047101,0.301101,False,HPG.HM,Materials,0.32728265873457835,False,True,True,True,True,True,False,eligible,eligible,eligible
8,2021-06,65,HPX.HM,9177959661683,2021-06-30,2021-08-31,2022-01-31,True,HPX.HM,2021-04-29,3688837149071.0,0.036268,-0.095905,False,HPX.HM,Real Estate,0.40192344323232326,False,True,True,True,True,True,False,eligible,eligible,eligible
8,2021-06,47,HSG.HM,14922953803177,2021-06-30,2021-08-31,2022-01-31,True,HSG.HM,2021-05-18,8144885034869.0,0.039542,-0.156754,False,HSG.HM,Materials,0.5457957682034107,False,True,True,True,True,True,False,eligible,eligible,eligible
8,2021-06,88,HT1.HM,5382583951234,2021-06-30,2021-08-31,2022-01-31,True,HT1.HM,2021-04-20,5477191305197.0,0.051789,-0.032543,False,HT1.HM,Materials,1.017576568209644,False,True,True,True,True,True,False,eligible,eligible,eligible
8,2021-06,31,HVN.HM,39144860101266,2021-06-30,2021-08-31,2022-01-31,True,HVN.HM,2021-04-29,1030377592715.0,-0.030306,-0.07204,False,HVN.HM,Industrials,0.026322168224626664,False,True,True,True,True,True,False,eligible,eligible,eligible
8,2021-06,84,IJC.HM,5721594039690,2021-06-30,2021-08-31,2022-01-31,True,IJC.HM,2021-04-19,3363596259383.0,0.039621,-0.069294,False,IJC.HM,Industrials,0.5878774754115974,False,True,True,True,True,True,False,eligible,eligible,eligible
8,2021-06,95,IMP.HM,4951365706381,2021-06-30,2021-08-31,2022-01-31,True,IMP.HM,2021-04-22,1772341662982.0,0.045474,0.041103,False,IMP.HM,Health Care,0.3579500622823963,False,True,True,True,True,True,False,eligible,eligible,eligible
8,2021-06,42,KBC.HM,18038791267200,2021-06-30,2021-08-31,2022-01-31,True,KBC.HM,2021-04-29,11367533678606.0,0.048278,-0.028193,False,KBC.HM,Real Estate,0.6301715846823743,False,True,True,True,True,True,False,eligible,eligible,eligible
8,2021-06,51,KDC.HM,12015342332733,2021-06-30,2021-08-31,2022-01-31,True,KDC.HM,2021-04-20,7833798052931.0,-0.002161,-0.048049,False,KDC.HM,Consumer Staples,0.6519829261617992,False,True,True,True,True,True,False,eligible,eligible,eligible
8,2021-06,40,KDH.HM,23396904673006,2021-06-30,2021-08-31,2022-01-31,True,KDH.HM,2021-04-29,8363886027000.0,0.068824,0.294238,False,KDH.HM,Real Estate,0.3574783136441877,False,True,True,True,True,True,False,eligible,eligible,eligible
8,2021-06,70,KLB.HM,8349285099749,2021-06-30,2021-08-31,2022-01-31,True,KLB.HM,2021-04-23,4442805000000.0,-0.032622,0.207808,False,KLB.HM,Financials,0.5321180133294959,True,True,True,True,True,True,False,eligible,eligible,eligible
8,2021-06,97,KOS.HM,4769405581500,2021-06-30,2021-08-31,2022-01-31,True,KOS.HM,2021-04-20,1728345995641.0,0.002989,,False,KOS.HM,Real Estate,0.3623818453069003,False,True,True,True,True,False,False,eligible,eligible,missing_investment
8,2021-06,63,LGC.HM,9682782205615,2021-06-30,2021-08-31,2022-01-31,True,LGC.HM,2021-04-28,4535612244229.0,0.009007,0.20267,False,LGC.HM,Industrials,0.4684203514976119,False,True,True,True,True,True,False,eligible,eligible,eligible
8,2021-06,37,LPB.HM,29980909554077,2021-06-30,2021-08-31,2022-01-31,True,LPB.HM,2021-04-22,15108700000000.0,0.040895,0.153994,False,LPB.HM,Financials,0.503944017200286,True,True,True,True,True,True,False,eligible,eligible,eligible
8,2021-06,14,MBB.HM,92089361997746,2021-06-30,2021-08-31,2022-01-31,True,MBB.HM,2021-04-27,53723765000000.0,0.077566,0.135686,False,MBB.HM,Financials,0.5833873080944458,True,True,True,True,True,True,False,eligible,eligible,eligible
8,2021-06,20,MCH.HM,64446682729168,2021-06-30,2021-08-31,2022-01-31,True,MCH.HM,2021-05-04,15177836347781.0,0.12925,0.200366,False,MCH.HM,Consumer Staples,0.23550997049087283,False,True,True,True,True,True,False,eligible,eligible,eligible
8,2021-06,34,MSB.HM,34941403560059,2021-06-30,2021-08-31,2022-01-31,True,MSB.HM,2021-04-29,17781310000000.0,0.028997,0.139431,False,MSB.HM,Financials,0.508889403066955,True,True,True,True,True,True,False,eligible,eligible,eligible
8,2021-06,13,MSN.HM,129437352664435,2021-06-30,2021-08-31,2022-01-31,True,MSN.HM,2021-04-29,25405101000000.0,0.038876,0.506648,False,MSN.HM,Consumer Staples,0.19627333591921076,False,True,True,True,True,True,False,eligible,eligible,eligible
8,2021-06,18,MWG.HM,69395823708707,2021-06-30,2021-08-31,2022-01-31,True,MWG.HM,2021-05-04,16953524255179.0,0.090105,0.483085,False,MWG.HM,Consumer Discretionary,0.24430179438956445,False,True,True,True,True,True,False,eligible,eligible,eligible
8,2021-06,62,NAB.HM,10133127227398,2021-06-30,2021-08-31,2022-01-31,True,NAB.HM,2021-05-04,6966721000000.0,0.065025,0.261507,False,NAB.HM,Financials,0.687519345574123,True,True,True,True,True,True,False,eligible,eligible,eligible
8,2021-06,90,NKG.HM,5358161090983,2021-06-30,2021-08-31,2022-01-31,True,NKG.HM,2021-04-20,3499807786851.0,0.00473,-0.007099,False,NKG.HM,Materials,0.6531733046885552,False,True,True,True,True,True,False,eligible,eligible,eligible
8,2021-06,61,NLG.HM,10235390250985,2021-06-30,2021-08-31,2022-01-31,True,NLG.HM,2021-04-22,9800568476631.0,0.060252,0.138911,False,NLG.HM,Real Estate,0.9575178118575249,False,True,True,True,True,True,False,eligible,eligible,eligible
8,2021-06,7,NVL.HM,178306331248516,2021-06-30,2021-08-31,2022-01-31,True,NVL.HM,2021-04-29,37758920568046.0,-0.012155,0.301743,False,NVL.HM,Real Estate,0.21176432885840255,False,True,True,True,True,True,False,eligible,eligible,eligible
8,2021-06,36,OCB.HM,31912623563437,2021-06-30,2021-08-31,2022-01-31,True,OCB.HM,2021-04-15,18463379087690.0,0.085476,,False,OCB.HM,Financials,0.5785603634557925,True,True,True,True,True,False,False,eligible,eligible,missing_investment
8,2021-06,92,ORS.HM,5080001882856,2021-06-30,2021-08-31,2022-01-31,True,ORS.HM,2021-04-20,1057385458533.0,0.091905,3.573756,False,ORS.HM,Financials,0.20814666665803147,True,True,True,True,True,True,False,eligible,eligible,eligible
8,2021-06,94,PAN.HM,5047681893433,2021-06-30,2021-08-31,2022-01-31,True,PAN.HM,2021-04-29,6088491192970.0,0.025359,0.140464,False,PAN.HM,Consumer Staples,1.2061955015214183,False,True,True,True,True,True,False,eligible,eligible,eligible
8,2021-06,93,PC1.HM,5066467642889,2021-06-30,2021-08-31,2022-01-31,True,PC1.HM,2021-04-29,5152088740050.0,0.020789,0.260481,False,PC1.HM,Industrials,1.016899564587405,False,True,True,True,True,True,False,eligible,eligible,eligible
8,2021-06,30,PDR.HM,45464506308501,2021-06-30,2021-08-31,2022-01-31,True,PDR.HM,2021-04-20,6867628972286.0,0.137186,0.262625,False,PDR.HM,Real Estate,0.15105473543879402,False,True,True,True,True,True,False,eligible,eligible,eligible
8,2021-06,46,PGV.HM,15182390597963,2021-06-30,2021-08-31,2022-01-31,True,PGV.HM,2021-05-04,15754242684095.0,0.025707,,False,PGV.HM,Utilities,1.0376654837353958,False,True,True,True,True,False,False,eligible,eligible,missing_investment
8,2021-06,80,PHR.HM,6133818099299,2021-06-30,2021-08-31,2022-01-31,True,PHR.HM,2021-04-20,3317389206611.0,0.008799,0.150803,False,PHR.HM,Materials,0.5408359284391113,False,True,True,True,True,True,False,eligible,eligible,eligible
8,2021-06,22,PLX.HM,59826904228320,2021-06-30,2021-08-31,2022-01-31,True,PLX.HM,2021-05-05,26477615549430.0,0.037774,0.097352,False,PLX.HM,Energy,0.4425703768388605,False,True,True,True,True,True,False,eligible,eligible,eligible
8,2021-06,48,PNJ.HM,13688551415972,2021-06-30,2021-08-31,2022-01-31,True,PNJ.HM,2021-04-22,5752949273818.0,0.10921,0.336301,False,PNJ.HM,Consumer Discretionary,0.42027451254669473,False,True,True,True,True,True,False,eligible,eligible,eligible
8,2021-06,39,POW.HM,27756960293362,2021-06-30,2021-08-31,2022-01-31,True,POW.HM,2021-04-29,31543505924155.0,0.014173,,False,POW.HM,Utilities,1.1364178782825345,False,True,True,True,True,False,False,eligible,eligible,missing_investment
8,2021-06,89,PPC.HM,5375129251636,2021-06-30,2021-08-31,2022-01-31,True,PPC.HM,2021-04-15,6237671584113.0,0.085391,0.040243,False,PPC.HM,Utilities,1.1604691333170216,False,True,True,True,True,True,False,eligible,eligible,eligible
8,2021-06,67,PVD.HM,9060328345168,2021-06-30,2021-08-31,2022-01-31,True,PVD.HM,2021-04-29,13906383787230.0,0.002176,-0.005336,False,PVD.HM,Energy,1.5348653224743747,False,True,True,True,True,True,False,eligible,eligible,eligible
8,2021-06,77,PVT.HM,6401064977500,2021-06-30,2021-08-31,2022-01-31,True,PVT.HM,2021-04-27,6453647349991.0,0.03518,0.077931,False,PVT.HM,Energy,1.0082146287650304,False,True,True,True,True,True,False,eligible,eligible,eligible
8,2021-06,44,REE.HM,16597344361208,2021-06-30,2021-08-31,2022-01-31,True,REE.HM,2021-04-29,12627484663949.0,0.017254,0.266012,False,REE.HM,Industrials,0.7608135608406414,False,True,True,True,True,True,False,eligible,eligible,eligible
8,2021-06,15,SAB.HM,88369415767850,2021-06-30,2021-08-31,2022-01-31,True,SAB.HM,2021-04-29,21181019750926.0,0.068049,0.205472,False,SAB.HM,Consumer Staples,0.23968722172577658,False,True,True,True,True,True,False,eligible,eligible,eligible
8,2021-06,50,SBT.HM,12226711741536,2021-06-30,2021-08-31,2022-01-31,True,SBT.HM,2021-05-04,8200192005036.0,-0.022845,0.019558,False,SBT.HM,Consumer Staples,0.6706784439170754,False,True,True,True,True,True,False,eligible,eligible,eligible
8,2021-06,86,SCS.HM,5442759922246,2021-06-30,2021-08-31,2022-01-31,True,SCS.HM,2021-04-20,1153034979700.0,0.145676,0.105554,False,SCS.HM,Industrials,0.2118474810890043,False,True,True,True,True,True,False,eligible,eligible,eligible
8,2021-06,27,SHB.HM,51012974371368,2021-06-30,2021-08-31,2022-01-31,True,SHB.HM,2021-05-05,25612349000000.0,0.102332,0.129853,False,SHB.HM,Financials,0.5020751939211648,True,True,True,True,True,True,False,eligible,eligible,eligible
8,2021-06,52,SIP.HM,11905293415502,2021-06-30,2021-08-31,2022-01-31,True,SIP.HM,2021-05-04,3009180523002.0,0.173729,,False,SIP.HM,Real Estate,0.25275987898657887,False,True,True,True,True,False,False,eligible,eligible,missing_investment
8,2021-06,75,SJS.HM,6549104636244,2021-06-30,2021-08-31,2022-01-31,True,SJS.HM,2021-04-29,2180192344946.0,0.050108,0.031139,False,SJS.HM,Real Estate,0.33289929937603957,False,True,True,True,True,True,False,eligible,eligible,eligible
8,2021-06,29,SSB.HM,49739861031231,2021-06-30,2021-08-31,2022-01-31,True,SSB.HM,2021-04-20,14225440000000.0,,,False,SSB.HM,Financials,0.2859967781387253,True,True,True,True,False,False,False,eligible,missing_operating_profitability,missing_investment
8,2021-06,38,SSI.HM,29802291735530,2021-06-30,2021-08-31,2022-01-31,True,SSI.HM,2021-04-29,11447215220302.0,0.033558,0.135085,False,SSI.HM,Financials,0.3841051997573308,True,True,True,True,True,True,False,eligible,eligible,eligible
8,2021-06,24,STB.HM,55191794927400,2021-06-30,2021-08-31,2022-01-31,True,STB.HM,2021-05-04,29733870000000.0,0.022985,0.117083,False,STB.HM,Financials,0.5387371445178095,True,True,True,True,True,True,False,eligible,eligible,eligible
8,2021-06,5,TCB.HM,179941969264968,2021-06-30,2021-08-31,2022-01-31,True,TCB.HM,2021-04-26,79092765000000.0,0.059245,0.195367,False,TCB.HM,Financials,0.4395459565274313,True,True,True,True,True,True,False,eligible,eligible,eligible
8,2021-06,73,TCH.HM,7116406024089,2021-06-30,2021-08-31,2022-01-31,True,TCH.HM,2021-05-10,8859986123666.0,0.060554,0.572092,False,TCH.HM,Industrials,1.2450085188612046,False,True,True,True,True,True,False,eligible,eligible,eligible
8,2021-06,82,TCM.HM,6008971759393,2021-06-30,2021-08-31,2022-01-31,True,TCM.HM,2021-04-20,1668431433540.0,0.050924,-0.099935,False,TCM.HM,Consumer Discretionary,0.27765672736470604,False,True,True,True,True,True,False,eligible,eligible,eligible
8,2021-06,35,TPB.HM,32194165307046,2021-06-30,2021-08-31,2022-01-31,True,TPB.HM,2021-04-20,17949826000000.0,0.087482,0.207514,False,TPB.HM,Financials,0.5575490412255387,True,True,True,True,True,True,False,eligible,eligible,eligible
8,2021-06,66,VBB.HM,9075963273270,2021-06-30,2021-08-31,2022-01-31,True,VBB.HM,2021-04-22,5387700000000.0,0.034481,0.333954,False,VBB.HM,Financials,0.5936229398225465,True,True,True,True,True,True,False,eligible,eligible,eligible
8,2021-06,1,VCB.HM,423384856636704,2021-06-30,2021-08-31,2022-01-31,True,VCB.HM,2021-05-04,101007679000000.0,0.088004,0.138532,False,VCB.HM,Financials,0.2385717803002864,True,True,True,True,True,True,False,eligible,eligible,eligible
8,2021-06,98,VCF.HM,4635054985506,2021-06-30,2021-08-31,2022-01-31,True,VCF.HM,2021-05-04,1574761507473.0,0.203172,0.003921,False,VCF.HM,Consumer Staples,0.33975034004932875,False,True,True,True,True,True,False,eligible,eligible,eligible
8,2021-06,41,VCG.HM,19733423255524,2021-06-30,2021-08-31,2022-01-31,True,VCG.HM,2021-04-29,7693170918814.0,0.025383,-0.038178,False,VCG.HM,Industrials,0.38985485788232116,False,True,True,True,True,True,False,eligible,eligible,eligible
8,2021-06,54,VCI.HM,11668605436666,2021-06-30,2021-08-31,2022-01-31,True,VCI.HM,2021-04-20,4910901295895.0,0.055268,0.112591,False,VCI.HM,Financials,0.4208644574152438,True,True,True,True,True,True,False,eligible,eligible,eligible
8,2021-06,60,VGC.HM,10471308258235,2021-06-30,2021-08-31,2022-01-31,True,VGC.HM,2021-04-26,7294873687793.0,0.028372,0.197768,False,VGC.HM,Industrials,0.6966535133808193,False,True,True,True,True,True,False,eligible,eligible,eligible
8,2021-06,72,VHC.HM,7131993762170,2021-06-30,2021-08-31,2022-01-31,True,VHC.HM,2021-04-20,5371121758127.0,0.041675,0.049837,False,VHC.HM,Consumer Staples,0.7531024194968965,False,True,True,True,True,True,False,eligible,eligible,eligible
8,2021-06,6,VHM.HM,179632934665674,2021-06-30,2021-08-31,2022-01-31,True,VHM.HM,2021-04-29,94604677000000.0,0.120457,0.64795,False,VHM.HM,Real Estate,0.5266555221406065,False,True,True,True,True,True,False,eligible,eligible,eligible
8,2021-06,23,VIB.HM,56460419980532,2021-06-30,2021-08-31,2022-01-31,True,VIB.HM,2021-04-29,19325737000000.0,0.092093,0.325979,False,VIB.HM,Financials,0.3422882261000479,True,True,True,True,True,True,False,eligible,eligible,eligible
8,2021-06,2,VIC.HM,405806279469779,2021-06-30,2021-08-31,2022-01-31,True,VIC.HM,2021-05-04,139774455000000.0,-0.014756,0.401259,False,VIC.HM,Real Estate,0.34443640246924573,False,True,True,True,True,True,False,eligible,eligible,eligible
8,2021-06,28,VJC.HM,50619843709795,2021-06-30,2021-08-31,2022-01-31,True,VJC.HM,2021-05-05,14629565813435.0,-0.011672,0.250026,False,VJC.HM,Industrials,0.28900851407812944,False,True,True,True,True,True,False,eligible,eligible,eligible
8,2021-06,43,VND.HM,17498865670321,2021-06-30,2021-08-31,2022-01-31,True,VND.HM,2021-04-23,4491709041048.0,0.051379,0.108887,False,VND.HM,Financials,0.25668572613059004,True,True,True,True,True,True,False,eligible,eligible,eligible
8,2021-06,11,VNM.HM,140940189938342,2021-06-30,2021-08-31,2022-01-31,True,VNM.HM,2021-04-29,33963940621427.0,0.089781,0.196268,False,VNM.HM,Consumer Staples,0.24098123208352012,False,True,True,True,True,True,False,eligible,eligible,eligible
8,2021-06,10,VPB.HM,143868251352469,2021-06-30,2021-08-31,2022-01-31,True,VPB.HM,2021-04-20,55995312000000.0,0.146897,0.166763,False,VPB.HM,Financials,0.38921243202445466,True,True,True,True,True,True,False,eligible,eligible,eligible
8,2021-06,78,VPI.HM,6375950178751,2021-06-30,2021-08-31,2022-01-31,True,VPI.HM,2021-04-29,2964383559109.0,0.228912,0.334701,False,VPI.HM,Real Estate,0.4649320455778248,False,True,True,True,True,True,False,eligible,eligible,eligible
8,2021-06,17,VRE.HM,72146109517500,2021-06-30,2021-08-31,2022-01-31,True,VRE.HM,2021-04-28,30116953000000.0,0.040792,-0.073545,False,VRE.HM,Real Estate,0.4174438954701325,False,True,True,True,True,True,False,eligible,eligible,eligible
8,2021-06,71,VTP.HM,7831436878853,2021-06-30,2021-08-31,2022-01-31,True,VTP.HM,2021-05-05,1317241382157.0,0.163251,0.197444,False,VTP.HM,Industrials,0.16819919543933354,False,True,True,True,True,True,False,eligible,eligible,eligible
9,2021-12,15,ACB.HM,84477541265094,2021-12-31,2022-02-28,2022-07-31,True,ACB.HM,2021-10-26,42483436000000.0,0.081272,0.159096,False,ACB.HM,Financials,0.502896217903469,True,True,True,True,True,True,False,eligible,eligible,eligible
9,2021-12,86,ACG.HM,8081052162097,2021-12-31,2022-02-28,2022-07-31,True,ACG.HM,2021-10-26,3628462615642.0,0.063059,0.06548,False,ACG.HM,Materials,0.44900868635160857,False,True,True,True,True,True,False,eligible,eligible,eligible
9,2021-12,97,APH.HM,7248241485160,2021-12-31,2022-02-28,2022-07-31,True,APH.HM,2021-11-01,5737894838485.0,0.009334,,False,APH.HM,Materials,0.7916257826443458,False,True,True,True,True,False,False,eligible,eligible,missing_investment
9,2021-12,23,BCM.HM,62772960327525,2021-12-31,2022-02-28,2022-07-31,True,BCM.HM,2021-11-01,16309700930545.0,0.034691,0.126947,False,BCM.HM,Real Estate,0.25982048393842344,False,True,True,True,True,True,False,eligible,eligible,eligible
9,2021-12,64,BHN.HM,12219991495181,2021-12-31,2022-02-28,2022-07-31,True,BHN.HM,2021-11-02,5405534115903.0,-0.008558,-0.011334,False,BHN.HM,Consumer Staples,0.4423517085126199,False,True,True,True,True,True,False,eligible,eligible,eligible
9,2021-12,6,BID.HM,171729209565378,2021-12-31,2022-02-28,2022-07-31,True,BID.HM,2021-11-01,86018243000000.0,0.085764,0.017939,False,BID.HM,Financials,0.5008946539595671,True,True,True,True,True,True,False,eligible,eligible,eligible
9,2021-12,21,BSR.HM,66196184682394,2021-12-31,2022-02-28,2022-07-31,True,BSR.HM,2021-10-30,35056734992765.0,0.041392,0.043127,False,BSR.HM,Energy,0.5295884522796211,False,True,True,True,True,True,False,eligible,eligible,eligible
9,2021-12,80,BVB.HM,8589907229029,2021-12-31,2022-02-28,2022-07-31,True,BVB.HM,2021-10-26,4697916000000.0,0.032045,0.179369,False,BVB.HM,Financials,0.5469111452244463,True,True,True,True,True,True,False,eligible,eligible,eligible
9,2021-12,39,BVH.HM,36489964311616,2021-12-31,2022-02-28,2022-07-31,True,BVH.HM,2021-11-01,22124900322637.0,0.457089,0.141725,False,BVH.HM,Financials,0.6063283628806918,True,True,True,True,True,True,False,eligible,eligible,eligible
9,2021-12,93,BWE.HM,7599191394048,2021-12-31,2022-02-28,2022-07-31,True,BWE.HM,2021-10-26,3907809360129.0,0.052476,0.328372,False,BWE.HM,Utilities,0.5142401549709299,False,True,True,True,True,True,False,eligible,eligible,eligible
9,2021-12,74,CII.HM,9808718568939,2021-12-31,2022-02-28,2022-07-31,True,CII.HM,2021-11-01,7792172799067.0,0.018202,0.010185,False,CII.HM,Industrials,0.7944129240023523,False,True,True,True,True,True,False,eligible,eligible,eligible
9,2021-12,83,CRE.HM,8265578901326,2021-12-31,2022-02-28,2022-07-31,True,CRE.HM,2021-11-01,2356656616549.0,0.060396,0.421207,False,CRE.HM,Real Estate,0.28511694639693475,False,True,True,True,True,True,False,eligible,eligible,eligible
9,2021-12,89,CTD.HM,7874603759978,2021-12-31,2022-02-28,2022-07-31,True,CTD.HM,2021-11-01,8311046056356.0,-0.009257,-0.126009,False,CTD.HM,Industrials,1.0554240327108495,False,True,True,True,True,True,False,eligible,eligible,eligible
9,2021-12,9,CTG.HM,161605820193944,2021-12-31,2022-02-28,2022-07-31,True,CTG.HM,2021-11-30,95601232000000.0,0.076262,0.081243,False,CTG.HM,Financials,0.591570476145404,True,True,True,True,True,True,False,eligible,eligible,eligible
9,2021-12,96,CTR.HM,7288066152266,2021-12-31,2022-02-28,2022-07-31,True,CTR.HM,2021-11-02,1188027162563.0,0.125649,0.587429,False,CTR.HM,Industrials,0.1630099312687522,False,True,True,True,True,True,False,eligible,eligible,eligible
9,2021-12,81,DBC.HM,8412475556871,2021-12-31,2022-02-28,2022-07-31,True,DBC.HM,2021-10-19,4806149727859.0,0.076197,0.053102,False,DBC.HM,Consumer Staples,0.5713121774164935,False,True,True,True,True,True,False,eligible,eligible,eligible
9,2021-12,55,DCM.HM,14990329542869,2021-12-31,2022-02-28,2022-07-31,True,DCM.HM,2021-10-26,6663869507503.0,0.03454,-0.143043,False,DCM.HM,Materials,0.44454456377665474,False,True,True,True,True,True,False,eligible,eligible,eligible
9,2021-12,46,DGC.HM,23164133963729,2021-12-31,2022-02-28,2022-07-31,True,DGC.HM,2021-10-19,5126964352983.0,0.067713,0.244457,False,DGC.HM,Materials,0.22133201098780267,False,True,True,True,True,True,False,eligible,eligible,eligible
9,2021-12,70,DGW.HM,10184760593840,2021-12-31,2022-02-28,2022-07-31,True,DGW.HM,2021-11-01,1457107060851.0,0.08044,0.275957,False,DGW.HM,Information Technology,0.14306738459147436,False,True,True,True,True,True,False,eligible,eligible,eligible
9,2021-12,68,DHG.HM,11214813243094,2021-12-31,2022-02-28,2022-07-31,True,DHG.HM,2021-10-20,3622649659711.0,0.07805,0.07251,False,DHG.HM,Health Care,0.32302362787376787,False,True,True,True,True,True,False,eligible,eligible,eligible
9,2021-12,32,DIG.HM,48339439680336,2021-12-31,2022-02-28,2022-07-31,True,DIG.HM,2021-11-01,5094189562241.0,0.015621,0.442703,False,DIG.HM,Industrials,0.10538371143580436,False,True,True,True,True,True,False,eligible,eligible,eligible
9,2021-12,57,DPM.HM,13781216499923,2021-12-31,2022-02-28,2022-07-31,True,DPM.HM,2021-10-21,9071210795049.0,-0.001797,-0.01227,False,DPM.HM,Materials,0.6582300477682564,False,True,True,True,True,True,False,eligible,eligible,eligible
9,2021-12,51,DXG.HM,18299024609695,2021-12-31,2022-02-28,2022-07-31,True,DXG.HM,2021-11-22,13103314126547.0,0.002888,0.172577,False,DXG.HM,Real Estate,0.7160662606904599,False,True,True,True,True,True,False,eligible,eligible,eligible
9,2021-12,59,DXS.HM,13360909296747,2021-12-31,2022-02-28,2022-07-31,True,DXS.HM,2021-01-28,,,,False,DXS.HM,Real Estate,,False,True,False,False,False,False,False,missing_or_nonpositive_book_equity,missing_or_nonpositive_book_equity,missing_or_nonpositive_book_equity
9,2021-12,37,EIB.HM,40805669738674,2021-12-31,2022-02-28,2022-07-31,True,EIB.HM,2021-11-01,17644836000000.0,0.032107,-0.042397,False,EIB.HM,Financials,0.4324113808938889,True,True,True,True,True,True,False,eligible,eligible,eligible
9,2021-12,18,FPT.HM,70916274820154,2021-12-31,2022-02-28,2022-07-31,True,FPT.HM,2021-10-22,20324133210432.0,0.073605,0.249749,False,FPT.HM,Information Technology,0.28659335620736803,False,True,True,True,True,True,False,eligible,eligible,eligible
9,2021-12,90,FRT.HM,7853657153967,2021-12-31,2022-02-28,2022-07-31,True,FRT.HM,2021-11-01,1343780369295.0,0.005846,-0.182929,False,FRT.HM,Consumer Discretionary,0.1711024995044807,False,True,True,True,True,True,False,eligible,eligible,eligible
9,2021-12,94,FTS.HM,7487846233099,2021-12-31,2022-02-28,2022-07-31,True,FTS.HM,2021-10-19,2808433181656.0,0.035697,0.345558,False,FTS.HM,Financials,0.3750655521265521,True,True,True,True,True,True,False,eligible,eligible,eligible
9,2021-12,10,GAS.HM,156051281638069,2021-12-31,2022-02-28,2022-07-31,True,GAS.HM,2021-10-22,50193145379848.0,0.042459,0.016559,False,GAS.HM,Utilities,0.3216451979949858,False,True,True,True,True,True,False,eligible,eligible,eligible
9,2021-12,43,GEX.HM,32671363701175,2021-12-31,2022-02-28,2022-07-31,True,GEX.HM,2021-11-01,19615676217543.0,0.044856,0.278925,False,GEX.HM,Industrials,0.6003935555600189,False,True,True,True,True,True,False,eligible,eligible,eligible
9,2021-12,62,GMD.HM,12350277506386,2021-12-31,2022-02-28,2022-07-31,True,GMD.HM,2021-11-01,6628217064562.0,0.003269,-0.028198,False,GMD.HM,Industrials,0.5366856786120575,False,True,True,True,True,True,False,eligible,eligible,eligible
9,2021-12,11,GVR.HM,138140925792000,2021-12-31,2022-02-28,2022-07-31,True,GVR.HM,2021-10-29,53421350396417.0,0.021118,0.02243,False,GVR.HM,Materials,0.386716319513118,False,True,True,True,True,True,False,eligible,eligible,eligible
9,2021-12,63,HAG.HM,12334410463900,2021-12-31,2022-02-28,2022-07-31,True,HAG.HM,2021-11-01,4963774760000.0,-0.222856,0.109913,False,HAG.HM,Consumer Staples,0.4024330773268681,False,True,True,True,True,True,False,eligible,eligible,eligible
9,2021-12,53,HCM.HM,15716475145876,2021-12-31,2022-02-28,2022-07-31,True,HCM.HM,2021-10-20,5123860326991.0,0.055483,0.667694,False,HCM.HM,Financials,0.32601841567099094,True,True,True,True,True,True,False,eligible,eligible,eligible
9,2021-12,26,HDB.HM,56003173174702,2021-12-31,2022-02-28,2022-07-31,True,HDB.HM,2021-10-27,29270128000000.0,0.074227,0.390671,False,HDB.HM,Financials,0.5226512417196751,True,True,True,True,True,True,False,eligible,eligible,eligible
9,2021-12,100,HDC.HM,7143143055980,2021-12-31,2022-02-28,2022-07-31,True,HDC.HM,2021-10-21,1382452906378.0,0.133727,0.352758,False,HDC.HM,Real Estate,0.19353566007902595,False,True,True,True,True,True,False,eligible,eligible,eligible
9,2021-12,61,HDG.HM,12468352788724,2021-12-31,2022-02-28,2022-07-31,True,HDG.HM,2021-10-18,4797904846450.0,0.084354,0.001347,False,HDG.HM,Industrials,0.3848066322593213,False,True,True,True,True,True,False,eligible,eligible,eligible
9,2021-12,98,HHV.HM,7192628287487,2021-12-31,2022-02-28,2022-07-31,True,HHV.HM,2021-11-05,7604158839619.0,0.009635,0.093526,False,HHV.HM,Industrials,1.0572156012633016,False,True,True,True,True,True,False,eligible,eligible,eligible
9,2021-12,4,HPG.HM,182300209028755,2021-12-31,2022-02-28,2022-07-31,True,HPG.HM,2021-11-01,84325684009499.0,0.089995,0.292165,False,HPG.HM,Materials,0.46256493318775044,False,True,True,True,True,True,False,eligible,eligible,eligible
9,2021-12,72,HPX.HM,10128813747300,2021-12-31,2022-02-28,2022-07-31,True,HPX.HM,2021-11-01,3782208525537.0,-0.00237,0.080368,False,HPX.HM,Real Estate,0.373410808007523,False,True,True,True,True,True,False,eligible,eligible,eligible
9,2021-12,58,HSG.HM,13440084874025,2021-12-31,2022-02-28,2022-07-31,True,HSG.HM,2021-11-01,10831793828854.0,0.099792,0.037413,False,HSG.HM,Materials,0.8059319513515932,False,True,True,True,True,True,False,eligible,eligible,eligible
9,2021-12,88,HT1.HM,7882610984460,2021-12-31,2022-02-28,2022-07-31,True,HT1.HM,2021-10-20,5579751980748.0,0.036443,-0.024108,False,HT1.HM,Materials,0.7078558096737336,False,True,True,True,True,True,False,eligible,eligible,eligible
9,2021-12,31,HVN.HM,51263239769315,2021-12-31,2022-02-28,2022-07-31,True,HVN.HM,2021-11-26,1475382981893.0,-0.131358,-0.181711,False,HVN.HM,Industrials,0.02878052554876039,False,True,True,True,True,True,False,eligible,eligible,eligible
9,2021-12,40,KBC.HM,34641966691200,2021-12-31,2022-02-28,2022-07-31,True,KBC.HM,2021-10-25,15245825844094.0,0.004338,0.447447,False,KBC.HM,Real Estate,0.4400970066161646,False,True,True,True,True,True,False,eligible,eligible,eligible
9,2021-12,66,KDC.HM,11664790608003,2021-12-31,2022-02-28,2022-07-31,True,KDC.HM,2021-10-21,8004168768267.0,0.004141,0.034948,False,KDC.HM,Consumer Staples,0.6861819502165333,False,True,True,True,True,True,False,eligible,eligible,eligible
9,2021-12,41,KDH.HM,32789803505146,2021-12-31,2022-02-28,2022-07-31,True,KDH.HM,2021-11-01,9804007241000.0,0.059052,0.052665,False,KDH.HM,Real Estate,0.2989956081762237,False,True,True,True,True,True,False,eligible,eligible,eligible
9,2021-12,78,KLB.HM,9037049613323,2021-12-31,2022-02-28,2022-07-31,True,KLB.HM,2021-12-24,4573522000000.0,-0.0226,0.120932,False,KLB.HM,Financials,0.5060857465314144,True,True,True,True,True,True,False,eligible,eligible,eligible
9,2021-12,82,LGC.HM,8346627671953,2021-12-31,2022-02-28,2022-07-31,True,LGC.HM,2021-11-01,4603025091339.0,0.011779,0.057323,False,LGC.HM,Industrials,0.5514832184028586,False,True,True,True,True,True,False,eligible,eligible,eligible
9,2021-12,45,LPB.HM,25001673942865,2021-12-31,2022-02-28,2022-07-31,True,LPB.HM,2021-10-20,16157167000000.0,0.069951,0.199373,False,LPB.HM,Financials,0.6462434090182568,True,True,True,True,True,True,False,eligible,eligible,eligible
9,2021-12,16,MBB.HM,82880396695329,2021-12-31,2022-02-28,2022-07-31,True,MBB.HM,2021-10-26,58847393000000.0,0.079788,0.202909,False,MBB.HM,Financials,0.7100278877323055,True,True,True,True,True,True,False,eligible,eligible,eligible
9,2021-12,22,MCH.HM,65997247057888,2021-12-31,2022-02-28,2022-07-31,True,MCH.HM,2021-11-02,15060134018136.0,0.126272,0.247381,False,MCH.HM,Consumer Staples,0.22819336698887369,False,True,True,True,True,True,False,eligible,eligible,eligible
9,2021-12,34,MSB.HM,44297491272261,2021-12-31,2022-02-28,2022-07-31,True,MSB.HM,2021-11-01,21288585000000.0,0.046563,0.125621,False,MSB.HM,Financials,0.4805821817121926,True,True,True,True,True,True,False,eligible,eligible,eligible
9,2021-12,3,MSN.HM,200396479431549,2021-12-31,2022-02-28,2022-07-31,True,MSN.HM,2021-10-28,32366715000000.0,0.004952,0.189515,False,MSN.HM,Consumer Staples,0.16151339131212508,False,True,True,True,True,True,False,eligible,eligible,eligible
9,2021-12,14,MWG.HM,93239610999422,2021-12-31,2022-02-28,2022-07-31,True,MWG.HM,2021-11-01,18807267226035.0,0.082718,0.103644,False,MWG.HM,Consumer Discretionary,0.20170898424438502,False,True,True,True,True,True,False,eligible,eligible,eligible
9,2021-12,73,NAB.HM,10114780900382,2021-12-31,2022-02-28,2022-07-31,True,NAB.HM,2021-10-28,7729600000000.0,0.089382,0.418511,False,NAB.HM,Financials,0.7641885747330504,True,True,True,True,True,True,False,eligible,eligible,eligible
9,2021-12,95,NKG.HM,7460446800085,2021-12-31,2022-02-28,2022-07-31,True,NKG.HM,2021-10-28,5277791222726.0,0.054655,-0.037358,False,NKG.HM,Materials,0.7074363458587852,False,True,True,True,True,True,False,eligible,eligible,eligible
9,2021-12,47,NLG.HM,22857522455800,2021-12-31,2022-02-28,2022-07-31,True,NLG.HM,2021-11-30,13008706281072.0,0.007461,0.25112,False,NLG.HM,Real Estate,0.5691214481458858,False,True,True,True,True,True,False,eligible,eligible,eligible
9,2021-12,5,NVL.HM,175668340029000,2021-12-31,2022-02-28,2022-07-31,True,NVL.HM,2021-11-01,40484796431336.0,0.003557,0.60633,False,NVL.HM,Real Estate,0.23046154147442058,False,True,True,True,True,True,False,eligible,eligible,eligible
9,2021-12,44,OCB.HM,30845997861017,2021-12-31,2022-02-28,2022-07-31,True,OCB.HM,2021-10-20,20425117966732.0,0.124541,0.290868,False,OCB.HM,Financials,0.6621642800716507,True,True,True,True,True,True,False,eligible,eligible,eligible
9,2021-12,99,PAN.HM,7171060992504,2021-12-31,2022-02-28,2022-07-31,True,PAN.HM,2021-10-28,6277317712430.0,0.022402,0.053113,False,PAN.HM,Consumer Staples,0.8753680548794326,False,True,True,True,True,True,False,eligible,eligible,eligible
9,2021-12,76,PC1.HM,9253522848192,2021-12-31,2022-02-28,2022-07-31,True,PC1.HM,2021-11-01,6035216510406.0,0.034181,0.289394,False,PC1.HM,Industrials,0.6522074467655516,False,True,True,True,True,True,False,eligible,eligible,eligible
9,2021-12,33,PDR.HM,46911896017191,2021-12-31,2022-02-28,2022-07-31,True,PDR.HM,2021-10-18,7761692847805.0,0.122876,0.118621,False,PDR.HM,Real Estate,0.16545255056330926,False,True,True,True,True,True,False,eligible,eligible,eligible
9,2021-12,38,PGV.HM,36631921788294,2021-12-31,2022-02-28,2022-07-31,True,PGV.HM,2021-11-01,16780534883528.0,0.058505,-0.041114,False,PGV.HM,Utilities,0.458085027056657,False,True,True,True,True,True,False,eligible,eligible,eligible
9,2021-12,84,PHR.HM,8241839537070,2021-12-31,2022-02-28,2022-07-31,True,PHR.HM,2021-08-12,3120704065377.0,0.008799,0.150803,False,PHR.HM,Materials,0.37864169174135853,False,True,True,True,True,True,False,eligible,eligible,eligible
9,2021-12,24,PLX.HM,60111250199717,2021-12-31,2022-02-28,2022-07-31,True,PLX.HM,2021-08-31,27402713165083.0,0.037774,0.097352,False,PLX.HM,Energy,0.45586663185408194,False,True,True,True,True,True,False,eligible,eligible,eligible
9,2021-12,60,PNJ.HM,13237449026776,2021-12-31,2022-02-28,2022-07-31,True,PNJ.HM,2021-10-22,5559332736154.0,0.102299,-0.013928,False,PNJ.HM,Consumer Discretionary,0.41997009581747063,False,True,True,True,True,True,False,eligible,eligible,eligible
9,2021-12,36,POW.HM,40982768711590,2021-12-31,2022-02-28,2022-07-31,True,POW.HM,2021-11-01,32728292046950.0,0.036803,-0.030014,False,POW.HM,Utilities,0.798586651801648,False,True,True,True,True,True,False,eligible,eligible,eligible
9,2021-12,65,PVD.HM,12210851610759,2021-12-31,2022-02-28,2022-07-31,True,PVD.HM,2021-11-01,13806327128880.0,-0.010167,-0.001701,False,PVD.HM,Energy,1.1306604624296002,False,True,True,True,True,True,False,eligible,eligible,eligible
9,2021-12,92,PVT.HM,7627436499860,2021-12-31,2022-02-28,2022-07-31,True,PVT.HM,2021-10-28,6639030674390.0,0.065998,0.009284,False,PVT.HM,Energy,0.8704144143988427,False,True,True,True,True,True,False,eligible,eligible,eligible
9,2021-12,49,REE.HM,19876542380425,2021-12-31,2022-02-28,2022-07-31,True,REE.HM,2021-11-02,15664525915726.0,0.022739,0.046257,False,REE.HM,Industrials,0.7880910882746329,False,True,True,True,True,True,False,eligible,eligible,eligible
9,2021-12,17,SAB.HM,78910595983522,2021-12-31,2022-02-28,2022-07-31,True,SAB.HM,2021-10-28,22567221740870.0,0.083744,0.015299,False,SAB.HM,Consumer Staples,0.2859846825334136,False,True,True,True,True,True,False,eligible,eligible,eligible
9,2021-12,79,SAM.HM,9012419632660,2021-12-31,2022-02-28,2022-07-31,True,SAM.HM,2021-10-25,4502898247387.0,0.006275,0.087884,False,SAM.HM,Industrials,0.4996325549543877,False,True,True,True,True,True,False,eligible,eligible,eligible
9,2021-12,54,SBT.HM,15372641334808,2021-12-31,2022-02-28,2022-07-31,True,SBT.HM,2021-11-01,8485521820290.0,0.016029,0.113985,False,SBT.HM,Consumer Staples,0.5519885383051502,False,True,True,True,True,True,False,eligible,eligible,eligible
9,2021-12,91,SCR.HM,7821707650505,2021-12-31,2022-02-28,2022-07-31,True,SCR.HM,2021-11-01,5031272747154.0,-0.129528,0.048581,False,SCR.HM,Real Estate,0.6432447966562853,False,True,True,True,True,True,False,eligible,eligible,eligible
9,2021-12,27,SHB.HM,54883114638790,2021-12-31,2022-02-28,2022-07-31,True,SHB.HM,2021-11-01,28679972000000.0,0.130246,0.129842,False,SHB.HM,Financials,0.5225645845494657,True,True,True,True,True,True,False,eligible,eligible,eligible
9,2021-12,67,SIP.HM,11612014625691,2021-12-31,2022-02-28,2022-07-31,True,SIP.HM,2021-10-28,3358512316149.0,0.15615,0.240189,False,SIP.HM,Real Estate,0.28922735842223796,False,True,True,True,True,True,False,eligible,eligible,eligible
9,2021-12,75,SJS.HM,9339592698616,2021-12-31,2022-02-28,2022-07-31,True,SJS.HM,2021-11-01,2180663813576.0,0.143676,0.059318,False,SJS.HM,Real Estate,0.23348596496067164,False,True,True,True,True,True,False,eligible,eligible,eligible
9,2021-12,20,SSB.HM,67419106973201,2021-12-31,2022-02-28,2022-07-31,True,SSB.HM,2021-10-20,16034544000000.0,,,False,SSB.HM,Financials,0.23783382367217812,True,True,True,True,False,False,False,eligible,missing_operating_profitability,missing_investment
9,2021-12,35,SSI.HM,42101455948790,2021-12-31,2022-02-28,2022-07-31,True,SSI.HM,2021-11-01,12077936585211.0,0.040457,0.322636,False,SSI.HM,Financials,0.28687693366001327,True,True,True,True,True,True,False,eligible,eligible,eligible
9,2021-12,25,STB.HM,59384295054000,2021-12-31,2022-02-28,2022-07-31,True,STB.HM,2021-10-29,33383145000000.0,0.058063,0.085839,False,STB.HM,Financials,0.5621544377961153,True,True,True,True,True,True,False,eligible,eligible,eligible
9,2021-12,7,TCB.HM,171015606536141,2021-12-31,2022-02-28,2022-07-31,True,TCB.HM,2021-10-20,88384441000000.0,0.063812,0.145696,False,TCB.HM,Financials,0.5168209076948868,True,True,True,True,True,True,False,eligible,eligible,eligible
9,2021-12,56,TCH.HM,13857437124562,2021-12-31,2022-02-28,2022-07-31,True,TCH.HM,2021-11-02,9474889899753.0,0.025575,0.340611,False,TCH.HM,Industrials,0.6837404214491414,False,True,True,True,True,True,False,eligible,eligible,eligible
9,2021-12,30,TPB.HM,53077494800114,2021-12-31,2022-02-28,2022-07-31,True,TPB.HM,2021-10-20,24759130000000.0,0.097628,0.254661,False,TPB.HM,Financials,0.46647133767788196,True,True,True,True,True,True,False,eligible,eligible,eligible
9,2021-12,87,VAB.HM,7964843233679,2021-12-31,2022-02-28,2022-07-31,True,,,,,,False,VAB.HM,Financials,,True,True,False,False,False,False,False,no_statement_available_at_formation,no_statement_available_at_formation,no_statement_available_at_formation
9,2021-12,77,VBB.HM,9075963273270,2021-12-31,2022-02-28,2022-07-31,True,VBB.HM,2021-10-22,5563510000000.0,-0.00832,0.329797,False,VBB.HM,Financials,0.6129938864324547,True,True,True,True,True,True,False,eligible,eligible,eligible
9,2021-12,1,VCB.HM,370219911771783,2021-12-31,2022-02-28,2022-07-31,True,VCB.HM,2021-11-01,109526852000000.0,0.117397,0.084572,False,VCB.HM,Financials,0.2958426830038151,True,True,True,True,True,True,False,eligible,eligible,eligible
9,2021-12,48,VCG.HM,21078656266304,2021-12-31,2022-02-28,2022-07-31,True,VCG.HM,2021-11-01,7608915541823.0,0.036623,0.015095,False,VCG.HM,Industrials,0.36097725802315445,False,True,True,True,True,True,False,eligible,eligible,eligible
9,2021-12,52,VCI.HM,16542067482548,2021-12-31,2022-02-28,2022-07-31,True,VCI.HM,2021-10-20,6337617080778.0,0.075166,0.157318,False,VCI.HM,Financials,0.38312122033501744,True,True,True,True,True,True,False,eligible,eligible,eligible
9,2021-12,50,VGC.HM,18569119978187,2021-12-31,2022-02-28,2022-07-31,True,VGC.HM,2021-10-28,7403266523991.0,0.018919,-0.092194,False,VGC.HM,Industrials,0.3986869885426751,False,True,True,True,True,True,False,eligible,eligible,eligible
9,2021-12,71,VHC.HM,10146605173840,2021-12-31,2022-02-28,2022-07-31,True,VHC.HM,2021-10-20,5728937029426.0,0.030001,0.089143,False,VHC.HM,Consumer Staples,0.5646161382327518,False,True,True,True,True,True,False,eligible,eligible,eligible
9,2021-12,8,VHM.HM,167039775816606,2021-12-31,2022-02-28,2022-07-31,True,VHM.HM,2021-11-01,119542265000000.0,0.063533,0.091692,False,VHM.HM,Real Estate,0.715651493278141,False,True,True,True,True,True,False,eligible,eligible,eligible
9,2021-12,28,VIB.HM,54005619109917,2021-12-31,2022-02-28,2022-07-31,True,VIB.HM,2021-10-29,22158569000000.0,0.110684,0.325929,False,VIB.HM,Financials,0.41030117541844907,True,True,True,True,True,True,False,eligible,eligible,eligible
9,2021-12,2,VIC.HM,364840120206900,2021-12-31,2022-02-28,2022-07-31,True,VIC.HM,2021-11-01,164297080000000.0,-0.033353,0.048546,False,VIC.HM,Real Estate,0.45032624127748755,False,True,True,True,True,True,False,eligible,eligible,eligible
9,2021-12,85,VIX.HM,8171901078612,2021-12-31,2022-02-28,2022-07-31,True,VIX.HM,2021-10-19,2323293265625.0,0.046259,0.197381,False,VIX.HM,Financials,0.2843026663288504,True,True,True,True,True,True,False,eligible,eligible,eligible
9,2021-12,29,VJC.HM,53452888460631,2021-12-31,2022-02-28,2022-07-31,True,VJC.HM,2021-12-13,16928612752429.0,0.023548,-0.074949,False,VJC.HM,Industrials,0.3167015523379475,False,True,True,True,True,True,False,eligible,eligible,eligible
9,2021-12,42,VND.HM,32763288511123,2021-12-31,2022-02-28,2022-07-31,True,VND.HM,2021-11-01,8542861708536.0,0.062096,0.282009,False,VND.HM,Financials,0.2607449403510192,True,True,True,True,True,True,False,eligible,eligible,eligible
9,2021-12,12,VNM.HM,137031794473043,2021-12-31,2022-02-28,2022-07-31,True,VNM.HM,2021-10-29,33874917735869.0,0.071335,0.083504,False,VNM.HM,Consumer Staples,0.24720480284254687,False,True,True,True,True,True,False,eligible,eligible,eligible
9,2021-12,13,VPB.HM,111109988972726,2021-12-31,2022-02-28,2022-07-31,True,VPB.HM,2021-11-01,62322495000000.0,0.135505,0.110875,False,VPB.HM,Financials,0.5609081197487852,True,True,True,True,True,True,False,eligible,eligible,eligible
9,2021-12,69,VPI.HM,10770444770320,2021-12-31,2022-02-28,2022-07-31,True,VPI.HM,2021-11-01,3057576072388.0,0.093955,0.081494,False,VPI.HM,Real Estate,0.2838857760836145,False,True,True,True,True,True,False,eligible,eligible,eligible
9,2021-12,19,VRE.HM,68396784141000,2021-12-31,2022-02-28,2022-07-31,True,VRE.HM,2021-11-01,30528956000000.0,0.041169,0.11099,False,VRE.HM,Real Estate,0.44635075147779674,False,True,True,True,True,True,False,eligible,eligible,eligible
10,2022-06,18,ACB.HM,73458731545249,2022-06-30,2022-08-31,2023-01-31,True,ACB.HM,2022-04-27,48203333000000.0,0.081272,0.159096,False,ACB.HM,Financials,0.6561960979452495,True,True,True,True,True,True,False,eligible,eligible,eligible
10,2022-06,74,ACG.HM,7953369277581,2022-06-30,2022-08-31,2023-01-31,True,ACG.HM,2022-05-01,3852890388909.0,0.063059,0.06548,False,ACG.HM,Materials,0.4844349928236764,False,True,True,True,True,True,False,eligible,eligible,eligible
10,2022-06,89,ANV.HM,5998520292530,2022-06-30,2022-08-31,2023-01-31,True,ANV.HM,2022-04-28,2542215577261.0,0.034524,0.169178,False,ANV.HM,Consumer Staples,0.4238071146357276,False,True,True,True,True,True,False,eligible,eligible,eligible
10,2022-06,100,BAF.HM,4764863438456,2022-06-30,2022-08-31,2023-01-31,True,BAF.HM,2022-05-04,1542534050633.0,,,False,BAF.HM,Consumer Staples,0.3237310094101754,False,True,True,True,False,False,False,eligible,missing_operating_profitability,missing_investment
10,2022-06,20,BCM.HM,65715442843185,2022-06-30,2022-08-31,2023-01-31,True,BCM.HM,2022-05-31,17530052480011.0,0.034691,0.126947,False,BCM.HM,Real Estate,0.266756970988425,False,True,True,True,True,True,False,eligible,eligible,eligible
10,2022-06,59,BHN.HM,11064519617280,2022-06-30,2022-08-31,2023-01-31,True,BHN.HM,2022-04-29,4869328953404.0,-0.008558,-0.011334,False,BHN.HM,Consumer Staples,0.440084985325466,False,True,True,True,True,True,False,eligible,eligible,eligible
10,2022-06,5,BID.HM,155065458766580,2022-06-30,2022-08-31,2023-01-31,True,BID.HM,2022-05-09,89837725000000.0,0.085764,0.017939,False,BID.HM,Financials,0.5793535563276713,True,True,True,True,True,True,False,eligible,eligible,eligible
10,2022-06,16,BSR.HM,81670617463536,2022-06-30,2022-08-31,2023-01-31,True,BSR.HM,2022-04-28,39876036714550.0,0.041392,0.043127,False,BSR.HM,Energy,0.4882543802531395,False,True,True,True,True,True,False,eligible,eligible,eligible
10,2022-06,99,BVB.HM,4808879688309,2022-06-30,2022-08-31,2023-01-31,True,BVB.HM,2022-04-28,4779401000000.0,0.032045,0.179369,False,BVB.HM,Financials,0.993869946802648,True,True,True,True,True,True,False,eligible,eligible,eligible
10,2022-06,33,BVH.HM,34209341542650,2022-06-30,2022-08-31,2023-01-31,True,BVH.HM,2022-04-29,22527184452951.0,0.457089,0.141725,False,BVH.HM,Financials,0.6585097355605504,True,True,True,True,True,True,False,eligible,eligible,eligible
10,2022-06,64,BWE.HM,9034003755018,2022-06-30,2022-08-31,2023-01-31,True,BWE.HM,2022-04-26,3967740518173.0,0.052476,0.328372,False,BWE.HM,Utilities,0.43920067179173916,False,True,True,True,True,True,False,eligible,eligible,eligible
10,2022-06,88,CMG.HM,6341502847772,2022-06-30,2022-08-31,2023-01-31,True,CMG.HM,2022-05-11,2689874436917.0,0.039915,0.079807,False,CMG.HM,Information Technology,0.42416986974342374,False,True,True,True,True,True,False,eligible,eligible,eligible
10,2022-06,8,CTG.HM,124660536813569,2022-06-30,2022-08-31,2023-01-31,True,CTG.HM,2022-04-28,98296423000000.0,0.076262,0.081243,False,CTG.HM,Financials,0.7885127524118015,True,True,True,True,True,True,False,eligible,eligible,eligible
10,2022-06,85,CTR.HM,6427966592437,2022-06-30,2022-08-31,2023-01-31,True,CTR.HM,2022-04-29,1403376175285.0,0.125649,0.587429,False,CTR.HM,Industrials,0.21832350170210602,False,True,True,True,True,True,False,eligible,eligible,eligible
10,2022-06,54,DCM.HM,13376928951953,2022-06-30,2022-08-31,2023-01-31,True,DCM.HM,2022-04-29,8972810919256.0,0.03454,-0.143043,False,DCM.HM,Materials,0.67076762921328,False,True,True,True,True,True,False,eligible,eligible,eligible
10,2022-06,29,DGC.HM,36622814884758,2022-06-30,2022-08-31,2023-01-31,True,DGC.HM,2022-04-20,7611589983458.0,0.067713,0.244457,False,DGC.HM,Materials,0.2078373824461499,False,True,True,True,True,True,False,eligible,eligible,eligible
10,2022-06,62,DGW.HM,9772349555233,2022-06-30,2022-08-31,2023-01-31,True,DGW.HM,2022-04-26,1995001839954.0,0.08044,0.275957,False,DGW.HM,Information Technology,0.20414761349645905,False,True,True,True,True,True,False,eligible,eligible,eligible
10,2022-06,66,DHG.HM,8996990933395,2022-06-30,2022-08-31,2023-01-31,True,DHG.HM,2022-04-20,3561515959085.0,0.07805,0.07251,False,DHG.HM,Health Care,0.39585634635524386,False,True,True,True,True,True,False,eligible,eligible,eligible
10,2022-06,48,DIG.HM,17696134070953,2022-06-30,2022-08-31,2023-01-31,True,DIG.HM,2022-04-29,7666777137431.0,0.015621,0.442703,False,DIG.HM,Industrials,0.43324587769797096,False,True,True,True,True,True,False,eligible,eligible,eligible
10,2022-06,52,DPM.HM,14056840829731,2022-06-30,2022-08-31,2023-01-31,True,DPM.HM,2022-04-20,12389446724213.0,-0.001797,-0.01227,False,DPM.HM,Materials,0.881382017075176,False,True,True,True,True,True,False,eligible,eligible,eligible
10,2022-06,61,DXG.HM,10391946796963,2022-06-30,2022-08-31,2023-01-31,True,DXG.HM,2022-04-29,13970778280177.0,0.002888,0.172577,False,DXG.HM,Real Estate,1.3443850852142447,False,True,True,True,True,True,False,eligible,eligible,eligible
10,2022-06,79,DXS.HM,7579514997692,2022-06-30,2022-08-31,2023-01-31,True,DXS.HM,2022-04-29,8003220003882.0,,,False,DXS.HM,Real Estate,1.055901334890032,False,True,True,True,False,False,False,eligible,missing_operating_profitability,missing_investment
10,2022-06,28,EIB.HM,38747223491044,2022-06-30,2022-08-31,2023-01-31,True,EIB.HM,2022-04-29,18449045000000.0,0.032107,-0.042397,False,EIB.HM,Financials,0.47613850329854723,True,True,True,True,True,True,False,eligible,eligible,eligible
10,2022-06,17,FPT.HM,79461292001351,2022-06-30,2022-08-31,2023-01-31,True,FPT.HM,2022-04-22,22959401841586.0,0.073605,0.249749,False,FPT.HM,Information Technology,0.288938189441919,False,True,True,True,True,True,False,eligible,eligible,eligible
10,2022-06,60,FRT.HM,10722339120796,2022-06-30,2022-08-31,2023-01-31,True,FRT.HM,2022-04-29,1848628582518.0,0.005846,-0.182929,False,FRT.HM,Consumer Discretionary,0.17240907619985466,False,True,True,True,True,True,False,eligible,eligible,eligible
10,2022-06,3,GAS.HM,187358867248017,2022-06-30,2022-08-31,2023-01-31,True,GAS.HM,2022-04-29,55709324244294.0,0.042459,0.016559,False,GAS.HM,Utilities,0.29734020632473496,False,True,True,True,True,True,False,eligible,eligible,eligible
10,2022-06,77,GEE.HM,7692270958260,2022-06-30,2022-08-31,2023-01-31,True,GEE.HM,2022-05-04,,,,False,GEE.HM,Industrials,,False,True,False,False,False,False,False,missing_or_nonpositive_book_equity,missing_or_nonpositive_book_equity,missing_or_nonpositive_book_equity
10,2022-06,75,GEG.HM,7887452580014,2022-06-30,2022-08-31,2023-01-31,True,GEG.HM,2022-04-29,3907820012669.0,0.02729,0.149321,False,GEG.HM,Utilities,0.49544767122543687,False,True,True,True,True,True,False,eligible,eligible,eligible
10,2022-06,49,GEX.HM,15712796072297,2022-06-30,2022-08-31,2023-01-31,True,GEX.HM,2022-04-26,21735573192169.0,0.044856,0.278925,False,GEX.HM,Industrials,1.3833039703538614,False,True,True,True,True,True,False,eligible,eligible,eligible
10,2022-06,53,GMD.HM,13577472099699,2022-06-30,2022-08-31,2023-01-31,True,GMD.HM,2022-04-25,7366300951856.0,0.003269,-0.028198,False,GMD.HM,Industrials,0.5425384709145751,False,True,True,True,True,True,False,eligible,eligible,eligible
10,2022-06,14,GVR.HM,84305219936000,2022-06-30,2022-08-31,2023-01-31,True,GVR.HM,2022-05-31,53917936779193.0,0.021118,0.02243,False,GVR.HM,Materials,0.6395563266441224,False,True,True,True,True,True,False,eligible,eligible,eligible
10,2022-06,76,HAG.HM,7715962034560,2022-06-30,2022-08-31,2023-01-31,True,HAG.HM,2022-04-26,4796594196000.0,-0.222856,0.109913,False,HAG.HM,Consumer Staples,0.6216456450298649,False,True,True,True,True,True,False,eligible,eligible,eligible
10,2022-06,98,HAH.HM,4901335783916,2022-06-30,2022-08-31,2023-01-31,True,HAH.HM,2022-04-27,2087143501968.0,0.044668,0.146102,False,HAH.HM,Industrials,0.4258315679609373,False,True,True,True,True,True,False,eligible,eligible,eligible
10,2022-06,84,HCM.HM,6977424130968,2022-06-30,2022-08-31,2023-01-31,True,HCM.HM,2022-04-20,7608069739170.0,0.055483,0.667694,False,HCM.HM,Financials,1.0903837284884255,True,True,True,True,True,True,False,eligible,eligible,eligible
10,2022-06,26,HDB.HM,44005493685367,2022-06-30,2022-08-31,2023-01-31,True,HDB.HM,2022-04-28,32811485000000.0,0.074227,0.390671,False,HDB.HM,Financials,0.7456224723803222,True,True,True,True,True,True,False,eligible,eligible,eligible
10,2022-06,57,HDG.HM,11153017483451,2022-06-30,2022-08-31,2023-01-31,True,HDG.HM,2022-05-04,5704576205002.0,0.084354,0.001347,False,HDG.HM,Industrials,0.5114827636078333,False,True,True,True,True,True,False,eligible,eligible,eligible
10,2022-06,11,HPG.HM,115765214227987,2022-06-30,2022-08-31,2023-01-31,True,HPG.HM,2022-04-29,98957937963037.0,0.089995,0.292165,False,HPG.HM,Materials,0.8548158323980648,False,True,True,True,True,True,False,eligible,eligible,eligible
10,2022-06,70,HPX.HM,8303802261300,2022-06-30,2022-08-31,2023-01-31,True,HPX.HM,2022-04-29,3546409529390.0,-0.00237,0.080368,False,HPX.HM,Real Estate,0.4270826083995397,False,True,True,True,True,True,False,eligible,eligible,eligible
10,2022-06,91,HSG.HM,5785704986140,2022-06-30,2022-08-31,2023-01-31,True,HSG.HM,2022-04-29,11505119791970.0,0.099792,0.037413,False,HSG.HM,Materials,1.9885424195549546,False,True,True,True,True,True,False,eligible,eligible,eligible
10,2022-06,93,HT1.HM,5467375445771,2022-06-30,2022-08-31,2023-01-31,True,HT1.HM,2022-04-21,5200158659252.0,0.036443,-0.024108,False,HT1.HM,Materials,0.9511252173607921,False,True,True,True,True,True,False,eligible,eligible,eligible
10,2022-06,32,HVN.HM,34323119499974,2022-06-30,2022-08-31,2023-01-31,True,HVN.HM,2022-05-24,-2160834262634.0,-0.131358,-0.181711,False,HVN.HM,Industrials,-0.06295564896528816,False,True,False,False,False,False,False,missing_or_nonpositive_book_equity,missing_or_nonpositive_book_equity,missing_or_nonpositive_book_equity
10,2022-06,39,KBC.HM,25100675619300,2022-06-30,2022-08-31,2023-01-31,True,KBC.HM,2022-05-04,17029378214165.0,0.004338,0.447447,False,KBC.HM,Real Estate,0.6784430217117762,False,True,True,True,True,True,False,eligible,eligible,eligible
10,2022-06,51,KDC.HM,14179880622218,2022-06-30,2022-08-31,2023-01-31,True,KDC.HM,2022-04-20,6829275676812.0,0.004141,0.034948,False,KDC.HM,Consumer Staples,0.48161728993059555,False,True,True,True,True,True,False,eligible,eligible,eligible
10,2022-06,40,KDH.HM,25010261888919,2022-06-30,2022-08-31,2023-01-31,True,KDH.HM,2022-04-29,11140668843000.0,0.059052,0.052665,False,KDH.HM,Real Estate,0.4454439098830854,False,True,True,True,True,True,False,eligible,eligible,eligible
10,2022-06,65,KLB.HM,9000901415244,2022-06-30,2022-08-31,2023-01-31,True,KLB.HM,2022-05-05,4784675000000.0,-0.0226,0.120932,False,KLB.HM,Financials,0.5315773142339539,True,True,True,True,True,True,False,eligible,eligible,eligible
10,2022-06,82,KOS.HM,7403661657000,2022-06-30,2022-08-31,2023-01-31,True,KOS.HM,2022-04-29,2267384844926.0,0.007604,0.151815,False,KOS.HM,Real Estate,0.3062518183529142,False,True,True,True,True,True,False,eligible,eligible,eligible
10,2022-06,83,LGC.HM,7279439310523,2022-06-30,2022-08-31,2023-01-31,True,LGC.HM,2022-04-21,4696319263319.0,0.011779,0.057323,False,LGC.HM,Industrials,0.6451484878141786,False,True,True,True,True,True,False,eligible,eligible,eligible
10,2022-06,47,LPB.HM,18277821382612,2022-06-30,2022-08-31,2023-01-31,True,LPB.HM,2022-04-20,18222660000000.0,0.069951,0.199373,False,LPB.HM,Financials,0.9969820592149743,True,True,True,True,True,True,False,eligible,eligible,eligible
10,2022-06,19,MBB.HM,69401577854098,2022-06-30,2022-08-31,2023-01-31,True,MBB.HM,2022-04-27,67063548000000.0,0.079788,0.202909,False,MBB.HM,Financials,0.966311574946996,True,True,True,True,True,True,False,eligible,eligible,eligible
10,2022-06,23,MCH.HM,55233747537884,2022-06-30,2022-08-31,2023-01-31,True,MCH.HM,2022-05-05,18189830395040.0,0.126272,0.247381,False,MCH.HM,Consumer Staples,0.32932457430240214,False,True,True,True,True,True,False,eligible,eligible,eligible
10,2022-06,38,MSB.HM,25967494884893,2022-06-30,2022-08-31,2023-01-31,True,MSB.HM,2022-04-26,23114849000000.0,0.046563,0.125621,False,MSB.HM,Financials,0.8901455108574,True,True,True,True,True,True,False,eligible,eligible,eligible
10,2022-06,4,MSN.HM,158292181570365,2022-06-30,2022-08-31,2023-01-31,True,MSN.HM,2022-05-05,36738444000000.0,0.004952,0.189515,False,MSN.HM,Consumer Staples,0.23209260012421273,False,True,True,True,True,True,False,eligible,eligible,eligible
10,2022-06,12,MWG.HM,101384196066342,2022-06-30,2022-08-31,2023-01-31,True,MWG.HM,2022-04-29,21810290601684.0,0.082718,0.103644,False,MWG.HM,Consumer Discretionary,0.21512515212343516,False,True,True,True,True,True,False,eligible,eligible,eligible
10,2022-06,67,NAB.HM,8927593481600,2022-06-30,2022-08-31,2023-01-31,True,NAB.HM,2022-04-30,11375519000000.0,0.089382,0.418511,False,NAB.HM,Financials,1.274197690950561,True,True,True,True,True,True,False,eligible,eligible,eligible
10,2022-06,55,NLG.HM,12904550046596,2022-06-30,2022-08-31,2023-01-31,True,NLG.HM,2022-04-21,12939988944147.0,0.007461,0.25112,False,NLG.HM,Real Estate,1.0027462327181527,False,True,True,True,True,True,False,eligible,eligible,eligible
10,2022-06,92,NT2.HM,5779533242510,2022-06-30,2022-08-31,2023-01-31,True,NT2.HM,2022-04-18,4371158112435.0,0.060518,-0.156369,False,NT2.HM,Utilities,0.7563168043197628,False,True,True,True,True,True,False,eligible,eligible,eligible
10,2022-06,6,NVL.HM,145258584968000,2022-06-30,2022-08-31,2023-01-31,True,NVL.HM,2022-04-29,43451511660117.0,0.003557,0.60633,False,NVL.HM,Real Estate,0.2991321419638586,False,True,True,True,True,True,False,eligible,eligible,eligible
10,2022-06,46,OCB.HM,18982152528218,2022-06-30,2022-08-31,2023-01-31,True,OCB.HM,2022-04-27,22472101670974.0,0.124541,0.290868,False,OCB.HM,Financials,1.1838542355809227,True,True,True,True,True,True,False,eligible,eligible,eligible
10,2022-06,63,PC1.HM,9288796759907,2022-06-30,2022-08-31,2023-01-31,True,PC1.HM,2022-04-28,6434187295170.0,0.034181,0.289394,False,PC1.HM,Industrials,0.692682535906235,False,True,True,True,True,True,False,eligible,eligible,eligible
10,2022-06,31,PDR.HM,34791268003852,2022-06-30,2022-08-31,2023-01-31,True,PDR.HM,2022-04-20,8388470947612.0,0.122876,0.118621,False,PDR.HM,Real Estate,0.2411085145469044,False,True,True,True,True,True,False,eligible,eligible,eligible
10,2022-06,42,PGV.HM,24483580379171,2022-06-30,2022-08-31,2023-01-31,True,PGV.HM,2022-04-29,18252917457718.0,0.058505,-0.041114,False,PGV.HM,Utilities,0.7455166758717351,False,True,True,True,True,True,False,eligible,eligible,eligible
10,2022-06,81,PHR.HM,7513598455966,2022-06-30,2022-08-31,2023-01-31,True,PHR.HM,2022-04-19,3392385230948.0,0.04342,0.116903,False,PHR.HM,Materials,0.4514994048230451,False,True,True,True,True,True,False,eligible,eligible,eligible
10,2022-06,25,PLX.HM,44944033079908,2022-06-30,2022-08-31,2023-01-31,True,PLX.HM,2022-05-05,28676054167106.0,0.041904,-0.010625,False,PLX.HM,Energy,0.6380391834467006,False,True,True,True,True,True,False,eligible,eligible,eligible
10,2022-06,45,PNJ.HM,19054220448985,2022-06-30,2022-08-31,2023-01-31,True,PNJ.HM,2022-04-21,8008233244684.0,0.102299,-0.013928,False,PNJ.HM,Consumer Discretionary,0.4202865851229611,False,True,True,True,True,True,False,eligible,eligible,eligible
10,2022-06,36,POW.HM,31849465972481,2022-06-30,2022-08-31,2023-01-31,True,POW.HM,2022-04-29,31748177550178.0,0.036803,-0.030014,False,POW.HM,Utilities,0.9968197764323422,False,True,True,True,True,True,False,eligible,eligible,eligible
10,2022-06,72,PVD.HM,8203718721032,2022-06-30,2022-08-31,2023-01-31,True,PVD.HM,2022-04-29,13793078374600.0,-0.010167,-0.001701,False,PVD.HM,Energy,1.6813202455660106,False,True,True,True,True,True,False,eligible,eligible,eligible
10,2022-06,87,PVT.HM,6393121049811,2022-06-30,2022-08-31,2023-01-31,True,PVT.HM,2022-04-26,7162575342571.0,0.065998,0.009284,False,PVT.HM,Energy,1.1203565968429063,False,True,True,True,True,True,False,eligible,eligible,eligible
10,2022-06,37,REE.HM,28839679948204,2022-06-30,2022-08-31,2023-01-31,True,REE.HM,2022-04-28,16945607993973.0,0.022739,0.046257,False,REE.HM,Industrials,0.587579613380151,False,True,True,True,True,True,False,eligible,eligible,eligible
10,2022-06,15,SAB.HM,82574355581647,2022-06-30,2022-08-31,2023-01-31,True,SAB.HM,2022-04-27,22822331344680.0,0.083744,0.015299,False,SAB.HM,Consumer Staples,0.2763852189208304,False,True,True,True,True,True,False,eligible,eligible,eligible
10,2022-06,58,SBT.HM,11069488837997,2022-06-30,2022-08-31,2023-01-31,True,SBT.HM,2022-05-04,9575645648841.0,0.016029,0.113985,False,SBT.HM,Consumer Staples,0.8650485843548393,False,True,True,True,True,True,False,eligible,eligible,eligible
10,2022-06,86,SCS.HM,6394783283653,2022-06-30,2022-08-31,2023-01-31,True,SCS.HM,2022-04-20,1436849298487.0,0.136454,0.019593,False,SCS.HM,Industrials,0.22469085108169676,False,True,True,True,True,True,False,eligible,eligible,eligible
10,2022-06,35,SHB.HM,33225203930097,2022-06-30,2022-08-31,2023-01-31,True,SHB.HM,2022-05-31,37818788000000.0,0.130246,0.129842,False,SHB.HM,Financials,1.138256008287188,True,True,True,True,True,True,False,eligible,eligible,eligible
10,2022-06,68,SIP.HM,8609479415102,2022-06-30,2022-08-31,2023-01-31,True,SIP.HM,2022-05-05,3539536260274.0,0.15615,0.240189,False,SIP.HM,Real Estate,0.4111208227137698,False,True,True,True,True,True,False,eligible,eligible,eligible
10,2022-06,73,SJS.HM,8189228231880,2022-06-30,2022-08-31,2023-01-31,True,SJS.HM,2022-04-29,2210898377402.0,0.143676,0.059318,False,SJS.HM,Real Estate,0.2699764025131394,False,True,True,True,True,True,False,eligible,eligible,eligible
10,2022-06,22,SSB.HM,62596417456639,2022-06-30,2022-08-31,2023-01-31,True,SSB.HM,2022-05-31,22590832000000.0,,,False,SSB.HM,Financials,0.36089656433850764,True,True,True,True,False,False,False,eligible,missing_operating_profitability,missing_investment
10,2022-06,41,SSI.HM,24501927107338,2022-06-30,2022-08-31,2023-01-31,True,SSI.HM,2022-04-20,15068014323538.0,0.040457,0.322636,False,SSI.HM,Financials,0.6149726206240052,True,True,True,True,True,True,False,eligible,eligible,eligible
10,2022-06,27,STB.HM,40532137894000,2022-06-30,2022-08-31,2023-01-31,True,STB.HM,2022-04-29,35481093000000.0,0.058063,0.085839,False,STB.HM,Financials,0.8753817302405924,True,True,True,True,True,True,False,eligible,eligible,eligible
10,2022-06,9,TCB.HM,121592096247196,2022-06-30,2022-08-31,2023-01-31,True,TCB.HM,2022-04-26,98585990000000.0,0.063812,0.145696,False,TCB.HM,Financials,0.810792749222575,True,True,True,True,True,True,False,eligible,eligible,eligible
10,2022-06,90,TCH.HM,5833719496485,2022-06-30,2022-08-31,2023-01-31,True,TCH.HM,2022-05-31,12342107784432.0,0.025575,0.340611,False,TCH.HM,Industrials,2.115649851157312,False,True,True,True,True,True,False,eligible,eligible,eligible
10,2022-06,78,TMS.HM,7632470413629,2022-06-30,2022-08-31,2023-01-31,True,TMS.HM,2022-04-29,3760633474418.0,0.018342,0.184072,False,TMS.HM,Industrials,0.4927151067238709,False,True,True,True,True,True,False,eligible,eligible,eligible
10,2022-06,30,TPB.HM,35104847354079,2022-06-30,2022-08-31,2023-01-31,True,TPB.HM,2022-04-20,27380476000000.0,0.097628,0.254661,False,TPB.HM,Financials,0.7799628274645818,True,True,True,True,True,True,False,eligible,eligible,eligible
10,2022-06,95,VAB.HM,5075619182499,2022-06-30,2022-08-31,2023-01-31,True,VAB.HM,2022-04-29,6441728791959.0,,,False,VAB.HM,Financials,1.269151321314731,True,True,True,True,False,False,False,eligible,missing_operating_profitability,missing_investment
10,2022-06,97,VBB.HM,4920127458559,2022-06-30,2022-08-31,2023-01-31,True,VBB.HM,2022-04-30,5828568000000.0,-0.00832,0.329797,False,VBB.HM,Financials,1.1846376032110075,True,True,True,True,True,True,False,eligible,eligible,eligible
10,2022-06,1,VCB.HM,351427022851775,2022-06-30,2022-08-31,2023-01-31,True,VCB.HM,2022-05-04,117077688000000.0,0.117397,0.084572,False,VCB.HM,Financials,0.3331493607120277,True,True,True,True,True,True,False,eligible,eligible,eligible
10,2022-06,96,VCF.HM,5014154669399,2022-06-30,2022-08-31,2023-01-31,True,VCF.HM,2022-04-28,1345023991234.0,0.208154,-0.042039,False,VCF.HM,Consumer Staples,0.26824541321841905,False,True,True,True,True,True,False,eligible,eligible,eligible
10,2022-06,71,VCG.HM,8206503996456,2022-06-30,2022-08-31,2023-01-31,True,VCG.HM,2022-04-29,9148961289732.0,0.036623,0.015095,False,VCG.HM,Industrials,1.1148427264134646,False,True,True,True,True,True,False,eligible,eligible,eligible
10,2022-06,80,VCI.HM,7554930025500,2022-06-30,2022-08-31,2023-01-31,True,VCI.HM,2022-04-21,7150187464685.0,0.075166,0.157318,False,VCI.HM,Financials,0.9464266962832375,True,True,True,True,True,True,False,eligible,eligible,eligible
10,2022-06,44,VGC.HM,19256750267646,2022-06-30,2022-08-31,2023-01-31,True,VGC.HM,2022-04-22,9097221336788.0,0.018919,-0.092194,False,VGC.HM,Industrials,0.47241726721006444,False,True,True,True,True,True,False,eligible,eligible,eligible
10,2022-06,50,VHC.HM,15225617440083,2022-06-30,2022-08-31,2023-01-31,True,VHC.HM,2022-04-20,6437222482044.0,0.030001,0.089143,False,VHC.HM,Consumer Staples,0.42278892842121146,False,True,True,True,True,True,False,eligible,eligible,eligible
10,2022-06,7,VHM.HM,130195592898723,2022-06-30,2022-08-31,2023-01-31,True,VHM.HM,2022-05-09,136071897000000.0,0.063533,0.091692,False,VHM.HM,Real Estate,1.0451344317456897,False,True,True,True,True,True,False,eligible,eligible,eligible
10,2022-06,34,VIB.HM,33312551316480,2022-06-30,2022-08-31,2023-01-31,True,VIB.HM,2022-05-05,26011471000000.0,0.110684,0.325929,False,VIB.HM,Financials,0.7808309472571651,True,True,True,True,True,True,False,eligible,eligible,eligible
10,2022-06,2,VIC.HM,282342637862250,2022-06-30,2022-08-31,2023-01-31,True,VIC.HM,2022-04-29,134558447000000.0,-0.033353,0.048546,False,VIC.HM,Real Estate,0.47657855724096726,False,True,True,True,True,True,False,eligible,eligible,eligible
10,2022-06,24,VJC.HM,54161149648340,2022-06-30,2022-08-31,2023-01-31,True,VJC.HM,2022-05-09,17111332642160.0,0.023548,-0.074949,False,VJC.HM,Industrials,0.3159337043851773,False,True,True,True,True,True,False,eligible,eligible,eligible
10,2022-06,43,VND.HM,19866700873143,2022-06-30,2022-08-31,2023-01-31,True,VND.HM,2022-03-02,9822482839646.0,0.062096,0.282009,False,VND.HM,Financials,0.49441942587078574,True,True,True,True,True,True,False,eligible,eligible,eligible
10,2022-06,10,VNM.HM,116423435174620,2022-06-30,2022-08-31,2023-01-31,True,VNM.HM,2022-04-29,34977211542030.0,0.071335,0.083504,False,VNM.HM,Consumer Staples,0.3004310213795765,False,True,True,True,True,True,False,eligible,eligible,eligible
10,2022-06,13,VPB.HM,90005298330581,2022-06-30,2022-08-31,2023-01-31,True,VPB.HM,2022-04-20,95202019000000.0,0.135505,0.110875,False,VPB.HM,Financials,1.0577379417190744,True,True,True,True,True,True,False,eligible,eligible,eligible
10,2022-06,56,VPI.HM,12359526785694,2022-06-30,2022-08-31,2023-01-31,True,VPI.HM,2022-05-05,3220216901672.0,0.093955,0.081494,False,VPI.HM,Real Estate,0.26054532325617524,False,True,True,True,True,True,False,eligible,eligible,eligible
10,2022-06,21,VRE.HM,64874690605500,2022-06-30,2022-08-31,2023-01-31,True,VRE.HM,2022-04-29,31028426000000.0,0.041169,0.11099,False,VRE.HM,Real Estate,0.4782824505273162,False,True,True,True,True,True,False,eligible,eligible,eligible
10,2022-06,69,VSH.HM,8513643536053,2022-06-30,2022-08-31,2023-01-31,True,VSH.HM,2022-04-27,4414304773159.0,0.024065,0.069329,False,VSH.HM,Utilities,0.518497721271228,False,True,True,True,True,True,False,eligible,eligible,eligible
10,2022-06,94,VTP.HM,5312831571991,2022-06-30,2022-08-31,2023-01-31,True,VTP.HM,2022-05-06,1417371636307.0,0.076801,0.292742,False,VTP.HM,Industrials,0.2667827159775433,False,True,True,True,True,True,False,eligible,eligible,eligible
11,2022-12,16,ACB.HM,67031092536418,2022-12-31,2023-02-28,2023-07-31,True,ACB.HM,2022-10-24,55734731000000.0,0.074198,0.187254,False,ACB.HM,Financials,0.8314757956498966,True,True,True,True,True,True,False,eligible,eligible,eligible
11,2022-12,92,ACG.HM,4310928920223,2022-12-31,2023-02-28,2023-07-31,True,ACG.HM,2022-10-24,3890996961805.0,0.035778,0.118973,False,ACG.HM,Materials,0.9025889857640526,False,True,True,True,True,True,False,eligible,eligible,eligible
11,2022-12,97,AGG.HM,3803598387200,2022-12-31,2023-02-28,2023-07-31,True,AGG.HM,2022-07-29,3055233228156.0,0.03463,0.806547,False,AGG.HM,Real Estate,0.8032481132702064,False,True,True,True,True,True,False,eligible,eligible,eligible
11,2022-12,13,BCM.HM,79681391053065,2022-12-31,2023-02-28,2023-07-31,True,BCM.HM,2022-10-31,18591634435382.0,0.040846,-0.000843,False,BCM.HM,Real Estate,0.23332467204294446,False,True,True,True,True,True,False,eligible,eligible,eligible
11,2022-12,57,BHN.HM,9657834960165,2022-12-31,2023-02-28,2023-07-31,True,BHN.HM,2022-10-26,5305244203518.0,-0.005249,-0.077609,False,BHN.HM,Consumer Staples,0.5493202384799669,False,True,True,True,True,True,False,eligible,eligible,eligible
11,2022-12,3,BID.HM,178672439056830,2022-12-31,2023-02-28,2023-07-31,True,BID.HM,2022-10-31,100925060000000.0,0.088886,0.161543,False,BID.HM,Financials,0.5648608175539539,True,True,True,True,True,True,False,eligible,eligible,eligible
11,2022-12,24,BSR.HM,38593365023834,2022-12-31,2023-02-28,2023-07-31,True,BSR.HM,2022-10-27,49421765120698.0,0.074622,0.195022,False,BSR.HM,Energy,1.2805767284137244,False,True,True,True,True,True,False,eligible,eligible,eligible
11,2022-12,28,BVH.HM,32376685652376,2022-12-31,2023-02-28,2023-07-31,True,BVH.HM,2022-10-31,23165265256868.0,0.431847,0.157714,False,BVH.HM,Financials,0.7154921756226147,True,True,True,True,True,True,False,eligible,eligible,eligible
11,2022-12,60,BWE.HM,8768297762329,2022-12-31,2023-02-28,2023-07-31,True,BWE.HM,2022-10-26,4367370062766.0,0.056772,0.100416,False,BWE.HM,Utilities,0.4980864223760071,False,True,True,True,True,True,False,eligible,eligible,eligible
11,2022-12,75,CMG.HM,5990839242528,2022-12-31,2023-02-28,2023-07-31,True,CMG.HM,2022-12-20,2943631302433.0,0.049197,0.175408,False,CMG.HM,Information Technology,0.49135541503711816,False,True,True,True,True,True,False,eligible,eligible,eligible
11,2022-12,86,CRE.HM,4775887787800,2022-12-31,2023-02-28,2023-07-31,True,CRE.HM,2022-10-31,3661192654400.0,0.047093,0.645439,False,CRE.HM,Real Estate,0.7665993878148714,False,True,True,True,True,True,False,eligible,eligible,eligible
11,2022-12,6,CTG.HM,129904383486712,2022-12-31,2023-02-28,2023-07-31,True,CTG.HM,2022-10-31,106108656000000.0,0.069406,0.141689,False,CTG.HM,Financials,0.816821212279214,True,True,True,True,True,True,False,eligible,eligible,eligible
11,2022-12,82,CTR.HM,5225314778380,2022-12-31,2023-02-28,2023-07-31,True,CTR.HM,2022-10-31,1498247370550.0,0.125536,0.021742,False,CTR.HM,Industrials,0.28672863436841606,False,True,True,True,True,True,False,eligible,eligible,eligible
11,2022-12,52,DCM.HM,11469223751344,2022-12-31,2023-02-28,2023-07-31,True,DCM.HM,2022-10-24,9740728992381.0,0.143755,0.270106,False,DCM.HM,Materials,0.849292785942863,False,True,True,True,True,True,False,eligible,eligible,eligible
11,2022-12,40,DGC.HM,19814420901931,2022-12-31,2023-02-28,2023-07-31,True,DGC.HM,2022-10-19,10975210253764.0,0.232281,0.449996,False,DGC.HM,Materials,0.5539001269875325,False,True,True,True,True,True,False,eligible,eligible,eligible
11,2022-12,78,DGW.HM,5774176627059,2022-12-31,2023-02-28,2023-07-31,True,DGW.HM,2022-10-31,2240708775029.0,0.213621,1.132734,False,DGW.HM,Information Technology,0.38805684684610614,False,True,True,True,True,True,False,eligible,eligible,eligible
11,2022-12,62,DHG.HM,8699823806909,2022-12-31,2023-02-28,2023-07-31,True,DHG.HM,2022-10-18,4058418933189.0,0.057579,0.037552,False,DHG.HM,Health Care,0.46649438233059276,False,True,True,True,True,True,False,eligible,eligible,eligible
11,2022-12,61,DIG.HM,8720882620657,2022-12-31,2023-02-28,2023-07-31,True,DIG.HM,2022-10-31,7519635451079.0,0.024593,0.424545,False,DIG.HM,Industrials,0.8622562392099364,False,True,True,True,True,True,False,eligible,eligible,eligible
11,2022-12,47,DPM.HM,12852025526913,2022-12-31,2023-02-28,2023-07-31,True,DPM.HM,2022-10-27,12995512683582.0,0.182391,0.231682,False,DPM.HM,Materials,1.0111645558412974,False,True,True,True,True,True,False,eligible,eligible,eligible
11,2022-12,74,DXG.HM,6822718738676,2022-12-31,2023-02-28,2023-07-31,True,DXG.HM,2022-10-31,14576818926511.0,0.018328,0.212026,False,DXG.HM,Real Estate,2.1365117755593928,False,True,True,True,True,True,False,eligible,eligible,eligible
11,2022-12,27,EIB.HM,33843278018311,2022-12-31,2023-02-28,2023-07-31,True,EIB.HM,2022-10-25,20122762000000.0,0.033342,0.033639,False,EIB.HM,Financials,0.594586670626661,True,True,True,True,True,True,False,eligible,eligible,eligible
11,2022-12,14,FPT.HM,71712586450331,2022-12-31,2023-02-28,2023-07-31,True,FPT.HM,2022-10-25,24055768329616.0,0.076374,0.286661,False,FPT.HM,Information Technology,0.33544694899935473,False,True,True,True,True,True,False,eligible,eligible,eligible
11,2022-12,65,FRT.HM,8112296045207,2022-12-31,2023-02-28,2023-07-31,True,FRT.HM,2022-10-31,1941184320086.0,0.245085,1.002026,False,FRT.HM,Consumer Discretionary,0.23928913704189986,False,True,True,True,True,True,False,eligible,eligible,eligible
11,2022-12,4,GAS.HM,169139177545708,2022-12-31,2023-02-28,2023-07-31,True,GAS.HM,2022-10-31,58013029322215.0,0.047751,0.246165,False,GAS.HM,Utilities,0.3429898984020873,False,True,True,True,True,True,False,eligible,eligible,eligible
11,2022-12,67,GEE.HM,7590403628010,2022-12-31,2023-02-28,2023-07-31,True,GEE.HM,2022-10-31,5881605188569.0,,,False,GEE.HM,Industrials,0.7748738376526887,False,True,True,True,False,False,False,eligible,missing_operating_profitability,missing_investment
11,2022-12,84,GEG.HM,5150989439994,2022-12-31,2023-02-28,2023-07-31,True,GEG.HM,2022-10-31,4894334263272.0,0.014437,0.604593,False,GEG.HM,Utilities,0.9501736162125972,False,True,True,True,True,True,False,eligible,eligible,eligible
11,2022-12,54,GEX.HM,10201218725501,2022-12-31,2023-02-28,2023-07-31,True,GEX.HM,2022-10-31,20912836341226.0,0.025247,1.253578,False,GEX.HM,Industrials,2.0500331287817706,False,True,True,True,True,True,False,eligible,eligible,eligible
11,2022-12,49,GMD.HM,12151774522012,2022-12-31,2023-02-28,2023-07-31,True,GMD.HM,2022-10-31,8118493849658.0,0.023503,0.091175,False,GMD.HM,Industrials,0.6680912186900749,False,True,True,True,True,True,False,eligible,eligible,eligible
11,2022-12,20,GVR.HM,52971505684000,2022-12-31,2023-02-28,2023-07-31,True,GVR.HM,2022-10-31,54845730121378.0,0.036744,-0.015745,False,GVR.HM,Materials,1.0353817474730402,False,True,True,True,True,True,False,eligible,eligible,eligible
11,2022-12,63,HAG.HM,8494977432280,2022-12-31,2023-02-28,2023-07-31,True,HAG.HM,2022-10-26,4934339935000.0,-0.030265,-0.505185,False,HAG.HM,Consumer Staples,0.5808538014768632,False,True,True,True,True,True,False,eligible,eligible,eligible
11,2022-12,72,HCM.HM,6908340723706,2022-12-31,2023-02-28,2023-07-31,True,HCM.HM,2022-10-20,7995107746365.0,0.063047,0.951272,False,HCM.HM,Financials,1.1573123078498075,True,True,True,True,True,True,False,eligible,eligible,eligible
11,2022-12,26,HDB.HM,36556647096699,2022-12-31,2023-02-28,2023-07-31,True,HDB.HM,2022-10-26,37162665000000.0,0.096034,0.173862,False,HDB.HM,Financials,1.0165775023540309,True,True,True,True,True,True,False,eligible,eligible,eligible
11,2022-12,68,HDG.HM,7437959237322,2022-12-31,2023-02-28,2023-07-31,True,HDG.HM,2022-10-31,6464817722902.0,0.137737,0.145035,False,HDG.HM,Industrials,0.8691655219704626,False,True,True,True,True,True,False,eligible,eligible,eligible
11,2022-12,9,HPG.HM,93442773819307,2022-12-31,2023-02-28,2023-07-31,True,HPG.HM,2022-10-31,98075482927856.0,0.088978,0.355292,False,HPG.HM,Materials,1.049578034974726,False,True,True,True,True,True,False,eligible,eligible,eligible
11,2022-12,85,HSG.HM,5030167600875,2022-12-31,2023-02-28,2023-07-31,True,HSG.HM,2022-10-31,10883569967814.0,0.060918,0.32168,False,HSG.HM,Materials,2.1636595102558407,False,True,True,True,True,True,False,eligible,eligible,eligible
11,2022-12,98,HT1.HM,3796829518998,2022-12-31,2023-02-28,2023-07-31,True,HT1.HM,2022-10-19,5058567797048.0,0.019403,-0.115291,False,HT1.HM,Materials,1.332313650569957,False,True,True,True,True,True,False,eligible,eligible,eligible
11,2022-12,29,HVN.HM,30780087809654,2022-12-31,2023-02-28,2023-07-31,True,HVN.HM,2022-10-31,-7510580954550.0,-2.955487,0.007922,False,HVN.HM,Industrials,-0.2440077819464293,False,True,False,False,False,False,False,missing_or_nonpositive_book_equity,missing_or_nonpositive_book_equity,missing_or_nonpositive_book_equity
11,2022-12,96,IMP.HM,3820518591410,2022-12-31,2023-02-28,2023-07-31,True,IMP.HM,2022-10-18,1825909565443.0,0.046075,0.094562,False,IMP.HM,Health Care,0.4779219160321191,False,True,True,True,True,True,False,eligible,eligible,eligible
11,2022-12,42,KBC.HM,18576035167800,2022-12-31,2023-02-28,2023-07-31,True,KBC.HM,2022-10-31,18641291592327.0,0.026045,0.303372,False,KBC.HM,Real Estate,1.0035129360995245,False,True,True,True,True,True,False,eligible,eligible,eligible
11,2022-12,46,KDC.HM,14647040487022,2022-12-31,2023-02-28,2023-07-31,True,KDC.HM,2022-10-20,7010033456394.0,0.0189,0.139568,False,KDC.HM,Consumer Staples,0.4785972608326737,False,True,True,True,True,True,False,eligible,eligible,eligible
11,2022-12,41,KDH.HM,18996000499848,2022-12-31,2023-02-28,2023-07-31,True,KDH.HM,2022-10-31,11683525492000.0,0.032299,0.031449,False,KDH.HM,Real Estate,0.6150518627378162,False,True,True,True,True,True,False,eligible,eligible,eligible
11,2022-12,91,KLB.HM,4373932013223,2022-12-31,2023-02-28,2023-07-31,True,KLB.HM,2022-11-01,5033837000000.0,0.033454,0.463331,False,KLB.HM,Financials,1.1508722551658361,True,True,True,True,True,True,False,eligible,eligible,eligible
11,2022-12,64,KOS.HM,8226290730000,2022-12-31,2023-02-28,2023-07-31,True,KOS.HM,2022-10-31,2283119504196.0,-0.003657,0.762504,False,KOS.HM,Real Estate,0.2775393648403185,False,True,True,True,True,True,False,eligible,eligible,eligible
11,2022-12,55,LGC.HM,9972509428097,2022-12-31,2023-02-28,2023-07-31,True,LGC.HM,2022-10-26,4876547110372.0,0.006088,0.022887,False,LGC.HM,Industrials,0.4889989972466303,False,True,True,True,True,True,False,eligible,eligible,eligible
11,2022-12,38,LPB.HM,21099808354936,2022-12-31,2023-02-28,2023-07-31,True,LPB.HM,2022-10-20,23387256000000.0,0.075417,0.193325,False,LPB.HM,Financials,1.108410825661783,True,True,True,True,True,True,False,eligible,eligible,eligible
11,2022-12,19,MBB.HM,58847972800286,2022-12-31,2023-02-28,2023-07-31,True,MBB.HM,2022-11-25,75909876000000.0,0.091357,0.226591,False,MBB.HM,Financials,1.2899318767974803,True,True,True,True,True,True,False,eligible,eligible,eligible
11,2022-12,23,MCH.HM,42413741933428,2022-12-31,2023-02-28,2023-07-31,True,MCH.HM,2022-11-01,20580599579189.0,0.139356,0.182927,False,MCH.HM,Consumer Staples,0.48523423402471805,False,True,True,True,True,True,False,eligible,eligible,eligible
11,2022-12,95,MCM.HM,3889557210660,2022-12-31,2023-02-28,2023-07-31,True,MCM.HM,2022-10-21,2254917122712.0,0.044838,1.034169,False,MCM.HM,Consumer Staples,0.5797362014709572,False,True,True,True,True,True,False,eligible,eligible,eligible
11,2022-12,34,MSB.HM,24999987574667,2022-12-31,2023-02-28,2023-07-31,True,MSB.HM,2022-10-24,25796727000000.0,0.038437,0.152621,False,MSB.HM,Financials,1.0318695928529322,True,True,True,True,True,True,False,eligible,eligible,eligible
11,2022-12,5,MSN.HM,132406404819000,2022-12-31,2023-02-28,2023-07-31,True,MSN.HM,2022-10-31,35601518000000.0,0.171078,0.089487,False,MSN.HM,Consumer Staples,0.2688806334456962,False,True,True,True,True,True,False,eligible,eligible,eligible
11,2022-12,17,MWG.HM,60816682020192,2022-12-31,2023-02-28,2023-07-31,True,MWG.HM,2022-10-31,23313451611414.0,0.096011,0.368025,False,MWG.HM,Consumer Discretionary,0.38333974884840977,False,True,True,True,True,True,False,eligible,eligible,eligible
11,2022-12,70,NAB.HM,7110048308594,2022-12-31,2023-02-28,2023-07-31,True,NAB.HM,2022-10-31,12356306000000.0,0.106487,0.14088,False,NAB.HM,Financials,1.737865266690915,True,True,True,True,True,True,False,eligible,eligible,eligible
11,2022-12,53,NLG.HM,11326625213124,2022-12-31,2023-02-28,2023-07-31,True,NLG.HM,2022-10-24,12921462429015.0,0.067914,0.731155,False,NLG.HM,Real Estate,1.1408042718711204,False,True,True,True,True,True,False,eligible,eligible,eligible
11,2022-12,73,NT2.HM,6892425726744,2022-12-31,2023-02-28,2023-07-31,True,NT2.HM,2022-10-19,4453991363439.0,0.029728,0.03804,False,NT2.HM,Utilities,0.6462153587171229,False,True,True,True,True,True,False,eligible,eligible,eligible
11,2022-12,32,NVL.HM,27301463532000,2022-12-31,2023-02-28,2023-07-31,True,NVL.HM,2022-10-31,44667583828083.0,0.026973,0.396421,False,NVL.HM,Real Estate,1.636087522404365,False,True,True,True,True,True,False,eligible,eligible,eligible
11,2022-12,39,OCB.HM,20338020566709,2022-12-31,2023-02-28,2023-07-31,True,OCB.HM,2022-10-31,23881660568620.0,0.088687,0.209548,False,OCB.HM,Financials,1.1742372120378093,True,True,True,True,True,True,False,eligible,eligible,eligible
11,2022-12,81,PC1.HM,5462742504701,2022-12-31,2023-02-28,2023-07-31,True,PC1.HM,2022-10-31,6550800627677.0,0.039046,0.742922,False,PC1.HM,Industrials,1.1991779993363525,False,True,True,True,True,True,False,eligible,eligible,eligible
11,2022-12,59,PDR.HM,9134386966259,2022-12-31,2023-02-28,2023-07-31,True,PDR.HM,2022-10-20,10401875575688.0,0.118339,0.315953,False,PDR.HM,Real Estate,1.1387601175766808,False,True,True,True,True,True,False,eligible,eligible,eligible
11,2022-12,43,PGV.HM,18310024558870,2022-12-31,2023-02-28,2023-07-31,True,PGV.HM,2022-10-31,17364480468093.0,0.051244,-0.067802,False,PGV.HM,Utilities,0.9483592123136205,False,True,True,True,True,True,False,eligible,eligible,eligible
11,2022-12,87,PHR.HM,4758398670364,2022-12-31,2023-02-28,2023-07-31,True,PHR.HM,2022-10-20,3589469139702.0,0.048786,-0.078276,False,PHR.HM,Materials,0.7543439270983612,False,True,True,True,True,True,False,eligible,eligible,eligible
11,2022-12,25,PLX.HM,36854717917051,2022-12-31,2023-02-28,2023-07-31,True,PLX.HM,2022-11-01,26412961828355.0,0.017705,0.060305,False,PLX.HM,Energy,0.7166778996328969,False,True,True,True,True,True,False,eligible,eligible,eligible
11,2022-12,44,PNJ.HM,18180885667381,2022-12-31,2023-02-28,2023-07-31,True,PNJ.HM,2022-10-24,8318218050329.0,0.097434,0.251778,False,PNJ.HM,Consumer Discretionary,0.457525458468342,False,True,True,True,True,True,False,eligible,eligible,eligible
11,2022-12,35,POW.HM,24940942102450,2022-12-31,2023-02-28,2023-07-31,True,POW.HM,2022-10-31,32402830342590.0,-0.019902,-0.019856,False,POW.HM,Utilities,1.299182292693226,False,True,True,True,True,True,False,eligible,eligible,eligible
11,2022-12,56,PVD.HM,9703417020998,2022-12-31,2023-02-28,2023-07-31,True,PVD.HM,2022-10-31,14189795210220.0,0.000143,-0.004554,False,PVD.HM,Energy,1.4623503431331013,False,True,True,True,True,True,False,eligible,eligible,eligible
11,2022-12,71,PVT.HM,6962805103759,2022-12-31,2023-02-28,2023-07-31,True,PVT.HM,2022-11-24,7634790339130.0,0.042905,0.125577,False,PVT.HM,Energy,1.0965107058659758,False,True,True,True,True,True,False,eligible,eligible,eligible
11,2022-12,36,REE.HM,23921544272615,2022-12-31,2023-02-28,2023-07-31,True,REE.HM,2022-10-31,18230326656594.0,0.030931,0.550234,False,REE.HM,Industrials,0.7620882016995778,False,True,True,True,True,True,False,eligible,eligible,eligible
11,2022-12,10,SAB.HM,90435952142825,2022-12-31,2023-02-28,2023-07-31,True,SAB.HM,2022-10-21,25845724496618.0,0.070322,0.113682,False,SAB.HM,Consumer Staples,0.2857903730122727,False,True,True,True,True,True,False,eligible,eligible,eligible
11,2022-12,58,SBT.HM,9208711092976,2022-12-31,2023-02-28,2023-07-31,True,SBT.HM,2022-10-31,9934942336739.0,0.023769,0.224107,False,SBT.HM,Consumer Staples,1.0788635061335496,False,True,True,True,True,True,False,eligible,eligible,eligible
11,2022-12,76,SCS.HM,5787740028241,2022-12-31,2023-02-28,2023-07-31,True,SCS.HM,2022-10-20,1528952000219.0,0.135998,0.29355,False,SCS.HM,Industrials,0.26417081499143913,False,True,True,True,True,True,False,eligible,eligible,eligible
11,2022-12,31,SHB.HM,28161281840686,2022-12-31,2023-02-28,2023-07-31,True,SHB.HM,2022-10-31,42294239000000.0,0.106681,0.227597,False,SHB.HM,Financials,1.50185773642219,True,True,True,True,True,True,False,eligible,eligible,eligible
11,2022-12,80,SIP.HM,5625549095919,2022-12-31,2023-02-28,2023-07-31,True,SIP.HM,2022-11-01,3568871931119.0,0.056705,0.06688,False,SIP.HM,Real Estate,0.6344041924206125,False,True,True,True,True,True,False,eligible,eligible,eligible
11,2022-12,83,SJS.HM,5182334973018,2022-12-31,2023-02-28,2023-07-31,True,SJS.HM,2022-12-14,2477809488982.0,0.024577,-0.014401,False,SJS.HM,Real Estate,0.4781260767362198,False,True,True,True,True,True,False,eligible,eligible,eligible
11,2022-12,15,SSB.HM,67125847535678,2022-12-31,2023-02-28,2023-07-31,True,SSB.HM,2022-10-24,24620095000000.0,0.061115,,False,SSB.HM,Financials,0.3667751827925032,True,True,True,True,True,False,False,eligible,eligible,missing_investment
11,2022-12,37,SSI.HM,23068282660576,2022-12-31,2023-02-28,2023-07-31,True,SSI.HM,2022-10-31,22161805999290.0,0.073394,0.420009,False,SSI.HM,Financials,0.9607046317827906,True,True,True,True,True,True,False,eligible,eligible,eligible
11,2022-12,22,STB.HM,42417353610000,2022-12-31,2023-02-28,2023-07-31,True,STB.HM,2022-10-31,36940248000000.0,0.051451,0.058071,False,STB.HM,Financials,0.8708758292570907,True,True,True,True,True,True,False,eligible,eligible,eligible
11,2022-12,94,STG.HM,3930134280000,2022-12-31,2023-02-28,2023-07-31,True,STG.HM,2022-10-31,2079447891051.0,0.024276,0.147471,False,STG.HM,Industrials,0.5291035223994942,False,True,True,True,True,True,False,eligible,eligible,eligible
11,2022-12,100,SVC.HM,3624300469809,2022-12-31,2023-02-28,2023-07-31,True,SVC.HM,2022-10-31,2284558100539.0,0.044066,0.039532,False,SVC.HM,Consumer Discretionary,0.6303445643013686,False,True,True,True,True,True,False,eligible,eligible,eligible
11,2022-12,11,TCB.HM,88574318181065,2022-12-31,2023-02-28,2023-07-31,True,TCB.HM,2022-10-20,109899149000000.0,0.066545,0.293733,False,TCB.HM,Financials,1.2407563643373742,True,True,True,True,True,True,False,eligible,eligible,eligible
11,2022-12,90,TCH.HM,4374563343379,2022-12-31,2023-02-28,2023-07-31,True,TCH.HM,2022-11-23,12083297379956.0,0.019888,0.306135,False,TCH.HM,Industrials,2.762172228742405,False,True,True,True,True,True,False,eligible,eligible,eligible
11,2022-12,93,TCM.HM,4060251649357,2022-12-31,2023-02-28,2023-07-31,True,TCM.HM,2022-10-20,1919129543652.0,0.016111,0.211653,False,TCM.HM,Consumer Discretionary,0.47266270896187484,False,True,True,True,True,True,False,eligible,eligible,eligible
11,2022-12,79,TMS.HM,5733798936951,2022-12-31,2023-02-28,2023-07-31,True,TMS.HM,2022-10-31,4022146982490.0,0.022479,0.462931,False,TMS.HM,Industrials,0.7014802972196325,False,True,True,True,True,True,False,eligible,eligible,eligible
11,2022-12,33,TPB.HM,27217570416632,2022-12-31,2023-02-28,2023-07-31,True,TPB.HM,2022-10-20,30637298000000.0,0.08085,0.419323,False,TPB.HM,Financials,1.125644116319739,True,True,True,True,True,True,False,eligible,eligible,eligible
11,2022-12,89,VAB.HM,4643651592384,2022-12-31,2023-02-28,2023-07-31,True,VAB.HM,2022-10-31,6644069030196.0,,,False,VAB.HM,Financials,1.4307854278070435,True,True,True,True,False,False,False,eligible,missing_operating_profitability,missing_investment
11,2022-12,99,VBB.HM,3725921764749,2022-12-31,2023-02-28,2023-07-31,True,VBB.HM,2022-10-25,6142970000000.0,0.098955,0.127829,False,VBB.HM,Financials,1.6487114834559138,True,True,True,True,True,True,False,eligible,eligible,eligible
11,2022-12,1,VCB.HM,375857778450292,2022-12-31,2023-02-28,2023-07-31,True,VCB.HM,2022-10-31,128389550000000.0,0.101106,0.066924,False,VCB.HM,Financials,0.34159077545066635,True,True,True,True,True,True,False,eligible,eligible,eligible
11,2022-12,88,VCF.HM,4708027331704,2022-12-31,2023-02-28,2023-07-31,True,VCF.HM,2022-10-20,1555532778523.0,0.202239,-0.087346,False,VCF.HM,Consumer Staples,0.3304001164241326,False,True,True,True,True,True,False,eligible,eligible,eligible
11,2022-12,66,VCG.HM,8089268225438,2022-12-31,2023-02-28,2023-07-31,True,VCG.HM,2022-12-14,9969947083212.0,0.006688,0.579268,False,VCG.HM,Industrials,1.2324906042625592,False,True,True,True,True,True,False,eligible,eligible,eligible
11,2022-12,69,VCI.HM,7126037997989,2022-12-31,2023-02-28,2023-07-31,True,VCI.HM,2022-10-20,6591328117164.0,0.081752,0.984665,False,VCI.HM,Financials,0.9249639307317898,True,True,True,True,True,True,False,eligible,eligible,eligible
11,2022-12,48,VGC.HM,12595077527470,2022-12-31,2023-02-28,2023-07-31,True,VGC.HM,2022-10-24,8882878438047.0,0.039394,0.223607,False,VGC.HM,Industrials,0.7052658801562235,False,True,True,True,True,True,False,eligible,eligible,eligible
11,2022-12,50,VHC.HM,11669390561221,2022-12-31,2023-02-28,2023-07-31,True,VHC.HM,2022-10-20,7863322592591.0,0.084142,0.213245,False,VHC.HM,Consumer Staples,0.6738417530322371,False,True,True,True,True,True,False,eligible,eligible,eligible
11,2022-12,8,VHM.HM,100634274704327,2022-12-31,2023-02-28,2023-07-31,True,VHM.HM,2022-11-23,140131731000000.0,0.078715,0.070545,False,VHM.HM,Real Estate,1.3924851290648266,False,True,True,True,True,True,False,eligible,eligible,eligible
11,2022-12,30,VIB.HM,29438998838212,2022-12-31,2023-02-28,2023-07-31,True,VIB.HM,2022-10-31,30477741000000.0,0.134642,0.26501,False,VIB.HM,Financials,1.0352845613907122,True,True,True,True,True,True,False,eligible,eligible,eligible
11,2022-12,2,VIC.HM,206667128122300,2022-12-31,2023-02-28,2023-07-31,True,VIC.HM,2022-10-31,137225413000000.0,-0.024704,0.011914,False,VIC.HM,Real Estate,0.66399245127553,False,True,True,True,True,True,False,eligible,eligible,eligible
11,2022-12,21,VJC.HM,45620352973025,2022-12-31,2023-02-28,2023-07-31,True,VJC.HM,2022-10-31,17532081226106.0,-0.006878,0.142861,False,VJC.HM,Industrials,0.38430393636964183,False,True,True,True,True,True,False,eligible,eligible,eligible
11,2022-12,45,VND.HM,15413538081570,2022-12-31,2023-02-28,2023-07-31,True,VND.HM,2022-10-31,14595059263700.0,0.070318,1.476934,False,VND.HM,Financials,0.9468987059597526,True,True,True,True,True,True,False,eligible,eligible,eligible
11,2022-12,7,VNM.HM,129202226923776,2022-12-31,2023-02-28,2023-07-31,True,VNM.HM,2022-10-31,33844385381769.0,0.075376,0.10117,False,VNM.HM,Consumer Staples,0.26194893220947185,False,True,True,True,True,True,False,eligible,eligible,eligible
11,2022-12,12,VPB.HM,82535331763671,2022-12-31,2023-02-28,2023-07-31,True,VPB.HM,2022-10-20,102366254000000.0,0.088445,0.306384,False,VPB.HM,Financials,1.2402719152218618,True,True,True,True,True,True,False,eligible,eligible,eligible
11,2022-12,51,VPI.HM,11610099982271,2022-12-31,2023-02-28,2023-07-31,True,VPI.HM,2022-10-31,3642510966949.0,0.108316,0.013598,False,VPI.HM,Real Estate,0.3137363995582495,False,True,True,True,True,True,False,eligible,eligible,eligible
11,2022-12,18,VRE.HM,59761974183000,2022-12-31,2023-02-28,2023-07-31,True,VRE.HM,2022-10-27,32597473000000.0,0.006682,-0.048798,False,VRE.HM,Real Estate,0.5454550898901318,False,True,True,True,True,True,False,eligible,eligible,eligible
11,2022-12,77,VSH.HM,5776489999129,2022-12-31,2023-02-28,2023-07-31,True,VSH.HM,2022-10-31,4643066021848.0,0.055577,0.035184,False,VSH.HM,Utilities,0.8037867325223619,False,True,True,True,True,True,False,eligible,eligible,eligible
12,2023-06,13,ACB.HM,80794645890955,2023-06-30,2023-08-31,2024-01-31,True,ACB.HM,2023-04-28,62530165000000.0,0.074198,0.187254,False,ACB.HM,Financials,0.7739394648055544,True,True,True,True,True,True,False,eligible,eligible,eligible
12,2023-06,92,ACG.HM,5333861206370,2023-06-30,2023-08-31,2024-01-31,True,ACG.HM,2023-04-24,3958337249910.0,0.035778,0.118973,False,ACG.HM,Materials,0.7421147826611477,False,True,True,True,True,True,False,eligible,eligible,eligible
12,2023-06,15,BCM.HM,78297347040345,2023-06-30,2023-08-31,2024-01-31,True,BCM.HM,2023-04-28,17962155925416.0,0.040846,-0.000843,False,BCM.HM,Real Estate,0.22940950880699026,False,True,True,True,True,True,False,eligible,eligible,eligible
12,2023-06,66,BHN.HM,9227431445670,2023-06-30,2023-08-31,2024-01-31,True,BHN.HM,2023-04-28,5301041532503.0,-0.005249,-0.077609,False,BHN.HM,Consumer Staples,0.5744872301371071,False,True,True,True,True,True,False,eligible,eligible,eligible
12,2023-06,2,BID.HM,200659332467120,2023-06-30,2023-08-31,2024-01-31,True,BID.HM,2023-04-28,109848462000000.0,0.088886,0.161543,False,BID.HM,Financials,0.5474375931057168,True,True,True,True,True,True,False,eligible,eligible,eligible
12,2023-06,84,BMP.HM,5895196244266,2023-06-30,2023-08-31,2024-01-31,True,BMP.HM,2023-04-20,2902063872487.0,0.082609,-0.061112,False,BMP.HM,Industrials,0.492276041753438,False,True,True,True,True,True,False,eligible,eligible,eligible
12,2023-06,88,BSI.HM,5461064626336,2023-06-30,2023-08-31,2024-01-31,True,BSI.HM,2023-04-13,4464085358101.0,0.048233,1.055697,False,BSI.HM,Financials,0.8174386614238065,True,True,True,True,True,True,False,eligible,eligible,eligible
12,2023-06,22,BSR.HM,50200392100666,2023-06-30,2023-08-31,2024-01-31,True,BSR.HM,2023-05-08,52811286003567.0,0.074622,0.195022,False,BSR.HM,Energy,1.05200943246948,False,True,True,True,True,True,False,eligible,eligible,eligible
12,2023-06,90,BVB.HM,5418142021840,2023-06-30,2023-08-31,2024-01-31,True,BVB.HM,2023-05-08,5034120000000.0,0.007316,0.2522,False,BVB.HM,Financials,0.929122931755564,True,True,True,True,True,True,False,eligible,eligible,eligible
12,2023-06,34,BVH.HM,30639738997169,2023-06-30,2023-08-31,2024-01-31,True,BVH.HM,2023-04-28,21807386515307.0,0.431847,0.157714,False,BVH.HM,Financials,0.7117353877368838,True,True,True,True,True,True,False,eligible,eligible,eligible
12,2023-06,71,BWE.HM,8020715907714,2023-06-30,2023-08-31,2024-01-31,True,BWE.HM,2023-04-26,4301107734128.0,0.056772,0.100416,False,BWE.HM,Utilities,0.5362498539552272,False,True,True,True,True,True,False,eligible,eligible,eligible
12,2023-06,79,CMG.HM,6919419325299,2023-06-30,2023-08-31,2024-01-31,True,CMG.HM,2023-04-28,3122742548230.0,0.049197,0.175408,False,CMG.HM,Information Technology,0.4513012438504095,False,True,True,True,True,True,False,eligible,eligible,eligible
12,2023-06,98,CTD.HM,4992105603983,2023-06-30,2023-08-31,2024-01-31,True,CTD.HM,2023-04-24,8236023223454.0,-0.017989,0.063012,False,CTD.HM,Industrials,1.6498094945913822,False,True,True,True,True,True,False,eligible,eligible,eligible
12,2023-06,6,CTG.HM,140630433501371,2023-06-30,2023-08-31,2024-01-31,True,CTG.HM,2023-05-05,112945173000000.0,0.069406,0.141689,False,CTG.HM,Financials,0.8031346429640275,True,True,True,True,True,True,False,eligible,eligible,eligible
12,2023-06,74,CTR.HM,7411303369531,2023-06-30,2023-08-31,2024-01-31,True,CTR.HM,2023-04-28,1749793560466.0,0.125536,0.021742,False,CTR.HM,Industrials,0.23609795379037762,False,True,True,True,True,True,False,eligible,eligible,eligible
12,2023-06,95,DBC.HM,5154637585364,2023-06-30,2023-08-31,2024-01-31,True,DBC.HM,2023-04-28,4320499128754.0,0.029646,0.071681,False,DBC.HM,Consumer Staples,0.8381770895051012,False,True,True,True,True,True,False,eligible,eligible,eligible
12,2023-06,57,DCM.HM,11425943661792,2023-06-30,2023-08-31,2024-01-31,True,DCM.HM,2023-04-25,10810627187875.0,0.143755,0.270106,False,DCM.HM,Materials,0.9461474262318832,False,True,True,True,True,True,False,eligible,eligible,eligible
12,2023-06,42,DGC.HM,21875567452133,2023-06-30,2023-08-31,2024-01-31,True,DGC.HM,2023-04-21,11036724606760.0,0.232281,0.449996,False,DGC.HM,Materials,0.5045228943619404,False,True,True,True,True,True,False,eligible,eligible,eligible
12,2023-06,82,DGW.HM,6519045210856,2023-06-30,2023-08-31,2024-01-31,True,DGW.HM,2023-04-28,2505190217313.0,0.213621,1.132734,False,DGW.HM,Information Technology,0.3842879035631124,False,True,True,True,True,True,False,eligible,eligible,eligible
12,2023-06,50,DHG.HM,13585032304343,2023-06-30,2023-08-31,2024-01-31,True,DHG.HM,2023-04-20,4652500064129.0,0.057579,0.037552,False,DHG.HM,Health Care,0.34247250649832034,False,True,True,True,True,True,False,eligible,eligible,eligible
12,2023-06,52,DIG.HM,12837383158537,2023-06-30,2023-08-31,2024-01-31,True,DIG.HM,2023-04-28,7866878528187.0,0.024593,0.424545,False,DIG.HM,Industrials,0.6128101366948325,False,True,True,True,True,True,False,eligible,eligible,eligible
12,2023-06,55,DPM.HM,11460730742914,2023-06-30,2023-08-31,2024-01-31,True,DPM.HM,2023-04-27,12673816059879.0,0.182391,0.231682,False,DPM.HM,Materials,1.105847117795262,False,True,True,True,True,True,False,eligible,eligible,eligible
12,2023-06,91,DSC.HM,5407748258984,2023-06-30,2023-08-31,2024-01-31,True,DSC.HM,2023-04-24,1076621190813.0,0.006391,,False,DSC.HM,Financials,0.19908862973130964,True,True,True,True,True,False,False,eligible,eligible,missing_investment
12,2023-06,72,DXG.HM,7946460649102,2023-06-30,2023-08-31,2024-01-31,True,DXG.HM,2023-04-28,14007365930501.0,0.018328,0.212026,False,DXG.HM,Real Estate,1.762717585732199,False,True,True,True,True,True,False,eligible,eligible,eligible
12,2023-06,32,EIB.HM,30876609133686,2023-06-30,2023-08-31,2024-01-31,True,EIB.HM,2023-04-27,21151024000000.0,0.033342,0.033639,False,EIB.HM,Financials,0.6850177073662047,True,True,True,True,True,True,False,eligible,eligible,eligible
12,2023-06,14,FPT.HM,80732770976888,2023-06-30,2023-08-31,2024-01-31,True,FPT.HM,2023-04-20,27061179213990.0,0.076374,0.286661,False,FPT.HM,Information Technology,0.33519448033979926,False,True,True,True,True,True,False,eligible,eligible,eligible
12,2023-06,64,FRT.HM,9754955038080,2023-06-30,2023-08-31,2024-01-31,True,FRT.HM,2023-04-28,2051405983668.0,0.245085,1.002026,False,FRT.HM,Consumer Discretionary,0.21029374053083938,False,True,True,True,True,True,False,eligible,eligible,eligible
12,2023-06,89,FTS.HM,5458240158806,2023-06-30,2023-08-31,2024-01-31,True,FTS.HM,2023-04-19,3375683912155.0,0.091009,1.784668,False,FTS.HM,Financials,0.61845646471031,True,True,True,True,True,True,False,eligible,eligible,eligible
12,2023-06,4,GAS.HM,154974812922537,2023-06-30,2023-08-31,2024-01-31,True,GAS.HM,2023-04-28,64569528030699.0,0.047751,0.246165,False,GAS.HM,Utilities,0.41664530392415183,False,True,True,True,True,True,False,eligible,eligible,eligible
12,2023-06,81,GEE.HM,6740625680460,2023-06-30,2023-08-31,2024-01-31,True,GEE.HM,2023-05-05,5938364853137.0,,,False,GEE.HM,Industrials,0.8809812522821693,False,True,True,True,False,False,False,eligible,missing_operating_profitability,missing_investment
12,2023-06,93,GEG.HM,5279764175869,2023-06-30,2023-08-31,2024-01-31,True,GEG.HM,2023-05-05,5733045198741.0,0.014437,0.604593,False,GEG.HM,Utilities,1.0858525130617969,False,True,True,True,True,True,False,eligible,eligible,eligible
12,2023-06,46,GEX.HM,15918837285429,2023-06-30,2023-08-31,2024-01-31,True,GEX.HM,2023-04-28,21030284613092.0,0.025247,1.253578,False,GEX.HM,Industrials,1.3210942631056142,False,True,True,True,True,True,False,eligible,eligible,eligible
12,2023-06,49,GMD.HM,13891566028683,2023-06-30,2023-08-31,2024-01-31,True,GMD.HM,2023-05-05,8199849071365.0,0.023503,0.091175,False,GMD.HM,Industrials,0.590275355163999,False,True,True,True,True,True,False,eligible,eligible,eligible
12,2023-06,16,GVR.HM,74467189148000,2023-06-30,2023-08-31,2024-01-31,True,GVR.HM,2023-04-28,54290962105180.0,0.036744,-0.015745,False,GVR.HM,Materials,0.7290588341837274,False,True,True,True,True,True,False,eligible,eligible,eligible
12,2023-06,73,HAG.HM,7558304156450,2023-06-30,2023-08-31,2024-01-31,True,HAG.HM,2023-05-05,5326233364000.0,-0.030265,-0.505185,False,HAG.HM,Consumer Staples,0.7046862965225835,False,True,True,True,True,True,False,eligible,eligible,eligible
12,2023-06,63,HCM.HM,10118981269083,2023-06-30,2023-08-31,2024-01-31,True,HCM.HM,2023-04-24,8015588231773.0,0.063047,0.951272,False,HCM.HM,Financials,0.7921339133479182,True,True,True,True,True,True,False,eligible,eligible,eligible
12,2023-06,23,HDB.HM,44934661306085,2023-06-30,2023-08-31,2024-01-31,True,HDB.HM,2023-04-28,40827791000000.0,0.096034,0.173862,False,HDB.HM,Financials,0.9086035103700926,True,True,True,True,True,True,False,eligible,eligible,eligible
12,2023-06,67,HDG.HM,9167166321091,2023-06-30,2023-08-31,2024-01-31,True,HDG.HM,2023-04-28,6905162752850.0,0.137737,0.145035,False,HDG.HM,Industrials,0.7532494241937354,False,True,True,True,True,True,False,eligible,eligible,eligible
12,2023-06,97,HHV.HM,5022594988557,2023-06-30,2023-08-31,2024-01-31,True,HHV.HM,2023-04-28,8457837481429.0,0.00961,0.04771,False,HHV.HM,Industrials,1.683957695314579,False,True,True,True,True,True,False,eligible,eligible,eligible
12,2023-06,5,HPG.HM,149326743671869,2023-06-30,2023-08-31,2024-01-31,True,HPG.HM,2023-04-28,96437975271673.0,0.088978,0.355292,False,HPG.HM,Materials,0.645818511140818,False,True,True,True,True,True,False,eligible,eligible,eligible
12,2023-06,76,HSG.HM,7378930229187,2023-06-30,2023-08-31,2024-01-31,True,HSG.HM,2023-04-28,10398305661743.0,0.060918,0.32168,False,HSG.HM,Materials,1.4091887765265767,False,True,True,True,True,True,False,eligible,eligible,eligible
12,2023-06,83,HT1.HM,5942863594853,2023-06-30,2023-08-31,2024-01-31,True,HT1.HM,2023-04-20,5016980414918.0,0.019403,-0.115291,False,HT1.HM,Materials,0.8442025186751906,False,True,True,True,True,True,False,eligible,eligible,eligible
12,2023-06,33,HVN.HM,30780087809654,2023-06-30,2023-08-31,2024-01-31,True,HVN.HM,2023-04-28,-10239011477599.0,-2.955487,0.007922,False,HVN.HM,Industrials,-0.3326504960257973,False,True,False,False,False,False,False,missing_or_nonpositive_book_equity,missing_or_nonpositive_book_equity,missing_or_nonpositive_book_equity
12,2023-06,40,KBC.HM,22529199676650,2023-06-30,2023-08-31,2024-01-31,True,KBC.HM,2023-04-28,18901878098526.0,0.026045,0.303372,False,KBC.HM,Real Estate,0.838994654484621,False,True,True,True,True,True,False,eligible,eligible,eligible
12,2023-06,48,KDC.HM,14106226684210,2023-06-30,2023-08-31,2024-01-31,True,KDC.HM,2023-04-20,6900754329377.0,0.0189,0.139568,False,KDC.HM,Consumer Staples,0.48919916600386515,False,True,True,True,True,True,False,eligible,eligible,eligible
12,2023-06,41,KDH.HM,22078370392183,2023-06-30,2023-08-31,2024-01-31,True,KDH.HM,2023-04-28,11764150082000.0,0.032299,0.031449,False,KDH.HM,Real Estate,0.5328359780649925,False,True,True,True,True,True,False,eligible,eligible,eligible
12,2023-06,99,KLB.HM,4916154989648,2023-06-30,2023-08-31,2024-01-31,True,KLB.HM,2023-05-04,5369891000000.0,0.033454,0.463331,False,KLB.HM,Financials,1.0922948953618095,True,True,True,True,True,True,False,eligible,eligible,eligible
12,2023-06,70,KOS.HM,8247938863500,2023-06-30,2023-08-31,2024-01-31,True,KOS.HM,2023-04-28,2289937577184.0,-0.003657,0.762504,False,KOS.HM,Real Estate,0.2776375546765715,False,True,True,True,True,True,False,eligible,eligible,eligible
12,2023-06,68,LGC.HM,9062736638164,2023-06-30,2023-08-31,2024-01-31,True,LGC.HM,2023-04-27,4890930860869.0,0.006088,0.022887,False,LGC.HM,Industrials,0.5396748306988035,False,True,True,True,True,True,False,eligible,eligible,eligible
12,2023-06,39,LPB.HM,24401686759868,2023-06-30,2023-08-31,2024-01-31,True,LPB.HM,2023-04-20,25298470000000.0,0.075417,0.193325,False,LPB.HM,Financials,1.0367508709113866,True,True,True,True,True,True,False,eligible,eligible,eligible
12,2023-06,17,MBB.HM,71271814821645,2023-06-30,2023-08-31,2024-01-31,True,MBB.HM,2023-04-27,84767483000000.0,0.091357,0.226591,False,MBB.HM,Financials,1.1893549113647155,True,True,True,True,True,True,False,eligible,eligible,eligible
12,2023-06,25,MCH.HM,40826061754776,2023-06-30,2023-08-31,2024-01-31,True,MCH.HM,2023-05-04,23833130607085.0,0.139356,0.182927,False,MCH.HM,Consumer Staples,0.5837724625568839,False,True,True,True,True,True,False,eligible,eligible,eligible
12,2023-06,37,MSB.HM,25199987472598,2023-06-30,2023-08-31,2024-01-31,True,MSB.HM,2023-05-05,27996920000000.0,0.038437,0.152621,False,MSB.HM,Financials,1.11098944118299,True,True,True,True,True,True,False,eligible,eligible,eligible
12,2023-06,10,MSN.HM,107064103681600,2023-06-30,2023-08-31,2024-01-31,True,MSN.HM,2023-04-28,37106108000000.0,0.171078,0.089487,False,MSN.HM,Consumer Staples,0.3465784210023424,False,True,True,True,True,True,False,eligible,eligible,eligible
12,2023-06,19,MWG.HM,61368379741442,2023-06-30,2023-08-31,2024-01-31,True,MWG.HM,2023-04-28,23953417403481.0,0.096011,0.368025,False,MWG.HM,Consumer Discretionary,0.39032181563863716,False,True,True,True,True,True,False,eligible,eligible,eligible
12,2023-06,54,NAB.HM,11934723948694,2023-06-30,2023-08-31,2024-01-31,True,NAB.HM,2023-05-08,13212407000000.0,0.106487,0.14088,False,NAB.HM,Financials,1.1070559366767603,True,True,True,True,True,True,False,eligible,eligible,eligible
12,2023-06,53,NLG.HM,12133207775635,2023-06-30,2023-08-31,2024-01-31,True,NLG.HM,2023-04-20,13055171837256.0,0.067914,0.731155,False,NLG.HM,Real Estate,1.0759868353587763,False,True,True,True,True,True,False,eligible,eligible,eligible
12,2023-06,75,NT2.HM,7396587508637,2023-06-30,2023-08-31,2024-01-31,True,NT2.HM,2023-04-20,4559786799408.0,0.029728,0.03804,False,NT2.HM,Utilities,0.6164716896925149,False,True,True,True,True,True,False,eligible,eligible,eligible
12,2023-06,35,NVL.HM,28959052389300,2023-06-30,2023-08-31,2024-01-31,True,NVL.HM,2023-04-28,44407462146697.0,0.026973,0.396421,False,NVL.HM,Real Estate,1.5334570188872958,False,True,True,True,True,True,False,eligible,eligible,eligible
12,2023-06,44,OCB.HM,20676987577663,2023-06-30,2023-08-31,2024-01-31,True,OCB.HM,2023-04-27,26056494179730.0,0.088687,0.209548,False,OCB.HM,Financials,1.2601687785448201,True,True,True,True,True,True,False,eligible,eligible,eligible
12,2023-06,78,PC1.HM,7220555686703,2023-06-30,2023-08-31,2024-01-31,True,PC1.HM,2023-04-28,7236944335185.0,0.039046,0.742922,False,PC1.HM,Industrials,1.002269721222728,False,True,True,True,True,True,False,eligible,eligible,eligible
12,2023-06,59,PDR.HM,11283654487779,2023-06-30,2023-08-31,2024-01-31,True,PDR.HM,2023-04-20,8247716620433.0,0.118339,0.315953,False,PDR.HM,Real Estate,0.7309437407327443,False,True,True,True,True,True,False,eligible,eligible,eligible
12,2023-06,38,PGV.HM,25188928812575,2023-06-30,2023-08-31,2024-01-31,True,PGV.HM,2023-04-28,18263629464362.0,0.051244,-0.067802,False,PGV.HM,Utilities,0.725065746156077,False,True,True,True,True,True,False,eligible,eligible,eligible
12,2023-06,87,PHR.HM,5603799449274,2023-06-30,2023-08-31,2024-01-31,True,PHR.HM,2023-04-19,3667678602041.0,0.048786,-0.078276,False,PHR.HM,Materials,0.6544985478586615,False,True,True,True,True,True,False,eligible,eligible,eligible
12,2023-06,24,PLX.HM,43423461015406,2023-06-30,2023-08-31,2024-01-31,True,PLX.HM,2023-05-05,28425896093754.0,0.017705,0.060305,False,PLX.HM,Energy,0.6546206918805693,False,True,True,True,True,True,False,eligible,eligible,eligible
12,2023-06,47,PNJ.HM,15397917445841,2023-06-30,2023-08-31,2024-01-31,True,PNJ.HM,2023-04-26,9192688401882.0,0.097434,0.251778,False,PNJ.HM,Consumer Discretionary,0.5970085522419111,False,True,True,True,True,True,False,eligible,eligible,eligible
12,2023-06,31,POW.HM,31381091472386,2023-06-30,2023-08-31,2024-01-31,True,POW.HM,2023-04-28,33808599245156.0,-0.019902,-0.019856,False,POW.HM,Utilities,1.077355747007911,False,True,True,True,True,True,False,eligible,eligible,eligible
12,2023-06,51,PVD.HM,13318415518707,2023-06-30,2023-08-31,2024-01-31,True,PVD.HM,2023-04-28,14101876423350.0,0.000143,-0.004554,False,PVD.HM,Energy,1.0588253838110513,False,True,True,True,True,True,False,eligible,eligible,eligible
12,2023-06,77,PVT.HM,7326769915774,2023-06-30,2023-08-31,2024-01-31,True,PVT.HM,2023-05-05,8250051135399.0,0.042905,0.125577,False,PVT.HM,Energy,1.126014769160042,False,True,True,True,True,True,False,eligible,eligible,eligible
12,2023-06,36,REE.HM,25457086304919,2023-06-30,2023-08-31,2024-01-31,True,REE.HM,2023-04-28,19797778767518.0,0.030931,0.550234,False,REE.HM,Industrials,0.7776922515948941,False,True,True,True,True,True,False,eligible,eligible,eligible
12,2023-06,12,SAB.HM,84456681298995,2023-06-30,2023-08-31,2024-01-31,True,SAB.HM,2023-04-28,25572954470968.0,0.070322,0.113682,False,SAB.HM,Consumer Staples,0.302793740857922,False,True,True,True,True,True,False,eligible,eligible,eligible
12,2023-06,60,SBT.HM,11218588423052,2023-06-30,2023-08-31,2024-01-31,True,SBT.HM,2023-05-05,10407401902626.0,0.023769,0.224107,False,SBT.HM,Consumer Staples,0.9276926392308705,False,True,True,True,True,True,False,eligible,eligible,eligible
12,2023-06,96,SCS.HM,5058357690085,2023-06-30,2023-08-31,2024-01-31,True,SCS.HM,2023-04-19,1559850871844.0,0.135998,0.29355,False,SCS.HM,Industrials,0.3083710103976037,False,True,True,True,True,True,False,eligible,eligible,eligible
12,2023-06,29,SHB.HM,35378494775264,2023-06-30,2023-08-31,2024-01-31,True,SHB.HM,2023-05-05,45813656000000.0,0.106681,0.227597,False,SHB.HM,Financials,1.294957750210223,True,True,True,True,True,True,False,eligible,eligible,eligible
12,2023-06,65,SIP.HM,9690926333849,2023-06-30,2023-08-31,2024-01-31,True,SIP.HM,2023-04-28,3844411449095.0,0.056705,0.06688,False,SIP.HM,Real Estate,0.3967021641333738,False,True,True,True,True,True,False,eligible,eligible,eligible
12,2023-06,100,SJS.HM,4772304074109,2023-06-30,2023-08-31,2024-01-31,True,SJS.HM,2023-04-27,2585635750813.0,0.024577,-0.014401,False,SJS.HM,Real Estate,0.5418002940845181,False,True,True,True,True,True,False,eligible,eligible,eligible
12,2023-06,18,SSB.HM,66372553213073,2023-06-30,2023-08-31,2024-01-31,True,SSB.HM,2023-04-28,27086484000000.0,0.061115,,False,SSB.HM,Financials,0.4080976652057577,True,True,True,True,True,False,False,eligible,eligible,missing_investment
12,2023-06,30,SSI.HM,35183470435648,2023-06-30,2023-08-31,2024-01-31,True,SSI.HM,2023-05-05,22972753148755.0,0.073394,0.420009,False,SSI.HM,Financials,0.652941647435636,True,True,True,True,True,True,False,eligible,eligible,eligible
12,2023-06,21,STB.HM,56179428336800,2023-06-30,2023-08-31,2024-01-31,True,STB.HM,2023-04-28,40557793000000.0,0.051451,0.058071,False,STB.HM,Financials,0.7219331737740887,True,True,True,True,True,True,False,eligible,eligible,eligible
12,2023-06,9,TCB.HM,110846390450965,2023-06-30,2023-08-31,2024-01-31,True,TCB.HM,2023-04-26,117965416000000.0,0.066545,0.293733,False,TCB.HM,Financials,1.0642242432980642,True,True,True,True,True,True,False,eligible,eligible,eligible
12,2023-06,86,TCH.HM,5727521078158,2023-06-30,2023-08-31,2024-01-31,True,TCH.HM,2023-04-28,11656119935246.0,0.019888,0.306135,False,TCH.HM,Industrials,2.03510729619081,False,True,True,True,True,True,False,eligible,eligible,eligible
12,2023-06,85,TMS.HM,5800834907401,2023-06-30,2023-08-31,2024-01-31,True,TMS.HM,2023-04-28,4236673259041.0,0.022479,0.462931,False,TMS.HM,Industrials,0.7303557723450528,False,True,True,True,True,True,False,eligible,eligible,eligible
12,2023-06,28,TPB.HM,35946908505767,2023-06-30,2023-08-31,2024-01-31,True,TPB.HM,2023-04-20,33662293000000.0,0.08085,0.419323,False,TPB.HM,Financials,0.936444729164944,True,True,True,True,True,True,False,eligible,eligible,eligible
12,2023-06,94,VBB.HM,5158968597163,2023-06-30,2023-08-31,2024-01-31,True,VBB.HM,2023-04-26,6420925000000.0,0.098955,0.127829,False,VBB.HM,Financials,1.244614088857019,True,True,True,True,True,True,False,eligible,eligible,eligible
12,2023-06,1,VCB.HM,465942900961351,2023-06-30,2023-08-31,2024-01-31,True,VCB.HM,2023-05-05,144658358000000.0,0.101106,0.066924,False,VCB.HM,Financials,0.3104637021006982,True,True,True,True,True,True,False,eligible,eligible,eligible
12,2023-06,62,VCG.HM,10755161277318,2023-06-30,2023-08-31,2024-01-31,True,VCG.HM,2023-04-28,9924097146598.0,0.006688,0.579268,False,VCG.HM,Industrials,0.9227288081237177,False,True,True,True,True,True,False,eligible,eligible,eligible
12,2023-06,56,VCI.HM,11442394300269,2023-06-30,2023-08-31,2024-01-31,True,VCI.HM,2023-04-21,6867904966439.0,0.081752,0.984665,False,VCI.HM,Financials,0.6002157228821893,True,True,True,True,True,True,False,eligible,eligible,eligible
12,2023-06,45,VGC.HM,16272122710305,2023-06-30,2023-08-31,2024-01-31,True,VGC.HM,2023-04-20,9225707709341.0,0.039394,0.223607,False,VGC.HM,Industrials,0.5669639956376703,False,True,True,True,True,True,False,eligible,eligible,eligible
12,2023-06,61,VHC.HM,10866910981216,2023-06-30,2023-08-31,2024-01-31,True,VHC.HM,2023-04-20,7890067681175.0,0.084142,0.213245,False,VHC.HM,Consumer Staples,0.7260635239226103,False,True,True,True,True,True,False,eligible,eligible,eligible
12,2023-06,8,VHM.HM,115310106432041,2023-06-30,2023-08-31,2024-01-31,True,VHM.HM,2023-04-24,160418135000000.0,0.078715,0.070545,False,VHM.HM,Real Estate,1.3911888555453187,False,True,True,True,True,True,False,eligible,eligible,eligible
12,2023-06,27,VIB.HM,39188485312698,2023-06-30,2023-08-31,2024-01-31,True,VIB.HM,2023-04-28,32570416000000.0,0.134642,0.26501,False,VIB.HM,Financials,0.83112209466913,True,True,True,True,True,True,False,eligible,eligible,eligible
12,2023-06,3,VIC.HM,195911218108500,2023-06-30,2023-08-31,2024-01-31,True,VIC.HM,2023-04-25,136311955000000.0,-0.024704,0.011914,False,VIC.HM,Real Estate,0.6957843267786095,False,True,True,True,True,True,False,eligible,eligible,eligible
12,2023-06,80,VIX.HM,6885720426924,2023-06-30,2023-08-31,2024-01-31,True,VIX.HM,2023-04-18,7873512455998.0,0.062285,1.236355,False,VIX.HM,Financials,1.1434551459875737,True,True,True,True,True,True,False,eligible,eligible,eligible
12,2023-06,26,VJC.HM,39287664706450,2023-06-30,2023-08-31,2024-01-31,True,VJC.HM,2023-05-05,15149167553807.0,-0.006878,0.142861,False,VJC.HM,Industrials,0.3855960303825314,False,True,True,True,True,True,False,eligible,eligible,eligible
12,2023-06,43,VND.HM,21579355148593,2023-06-30,2023-08-31,2024-01-31,True,VND.HM,2023-04-28,14650345330781.0,0.070318,1.476934,False,VND.HM,Financials,0.6789056127905759,True,True,True,True,True,True,False,eligible,eligible,eligible
12,2023-06,7,VNM.HM,120543470586233,2023-06-30,2023-08-31,2024-01-31,True,VNM.HM,2023-04-28,34510226162818.0,0.075376,0.10117,False,VNM.HM,Consumer Staples,0.2862886392351751,False,True,True,True,True,True,False,eligible,eligible,eligible
12,2023-06,11,VPB.HM,91526610924852,2023-06-30,2023-08-31,2024-01-31,True,VPB.HM,2023-05-05,105097639000000.0,0.088445,0.306384,False,VPB.HM,Financials,1.1482741241920396,True,True,True,True,True,True,False,eligible,eligible,eligible
12,2023-06,58,VPI.HM,11373978649569,2023-06-30,2023-08-31,2024-01-31,True,VPI.HM,2023-05-05,3821516690787.0,0.108316,0.013598,False,VPI.HM,Real Estate,0.33598767929213674,False,True,True,True,True,True,False,eligible,eligible,eligible
12,2023-06,20,VRE.HM,60898133388000,2023-06-30,2023-08-31,2024-01-31,True,VRE.HM,2023-04-24,34442056000000.0,0.006682,-0.048798,False,VRE.HM,Real Estate,0.5655683365622963,False,True,True,True,True,True,False,eligible,eligible,eligible
12,2023-06,69,VSH.HM,8717011551862,2023-06-30,2023-08-31,2024-01-31,True,VSH.HM,2023-04-27,5494970861786.0,0.055577,0.035184,False,VSH.HM,Utilities,0.6303732453597868,False,True,True,True,True,True,False,eligible,eligible,eligible
13,2023-12,13,ACB.HM,87573334999065,2023-12-31,2024-02-29,2024-07-31,True,ACB.HM,2023-10-24,66825289000000.0,0.063781,0.151781,False,ACB.HM,Financials,0.7630780419714914,True,True,True,True,True,True,False,eligible,eligible,eligible
13,2023-12,98,ACG.HM,5176708236827,2023-12-31,2024-02-29,2024-07-31,True,ACG.HM,2023-10-30,4136471113249.0,0.05223,0.09719,False,ACG.HM,Materials,0.7990543264196786,False,True,True,True,True,True,False,eligible,eligible,eligible
13,2023-12,17,BCM.HM,63033505334235,2023-12-31,2024-02-29,2024-07-31,True,BCM.HM,2023-10-30,17973120545900.0,-0.024282,-0.014143,False,BCM.HM,Real Estate,0.28513598364231174,False,True,True,True,True,True,False,eligible,eligible,eligible
13,2023-12,78,BHN.HM,8644520776862,2023-12-31,2024-02-29,2024-07-31,True,BHN.HM,2023-11-16,5542425684466.0,0.012715,0.020521,False,BHN.HM,Consumer Staples,0.6411489806700338,False,True,True,True,True,True,False,eligible,eligible,eligible
13,2023-12,2,BID.HM,226383281706460,2023-12-31,2024-02-29,2024-07-31,True,BID.HM,2023-10-31,119087838000000.0,0.092887,0.203732,False,BID.HM,Financials,0.5260451968993687,True,True,True,True,True,True,False,eligible,eligible,eligible
13,2023-12,87,BMP.HM,6751484587778,2023-12-31,2024-02-29,2024-07-31,True,BMP.HM,2023-10-20,2964962561278.0,0.133122,0.072857,False,BMP.HM,Industrials,0.4391571250337116,False,True,True,True,True,True,False,eligible,eligible,eligible
13,2023-12,72,BSI.HM,9632201385135,2023-12-31,2024-02-29,2024-07-31,True,BSI.HM,2023-10-18,4597393815753.0,0.004788,-0.068887,False,BSI.HM,Financials,0.47729419599220363,True,True,True,True,True,True,False,eligible,eligible,eligible
13,2023-12,22,BSR.HM,56014865880236,2023-12-31,2024-02-29,2024-07-31,True,BSR.HM,2023-11-01,54867757118187.0,0.031897,0.175045,False,BSR.HM,Energy,0.9795213512694718,False,True,True,True,True,True,False,eligible,eligible,eligible
13,2023-12,97,BVB.HM,5317806058462,2023-12-31,2024-02-29,2024-07-31,True,BVB.HM,2023-10-31,5882112000000.0,0.021836,0.033408,False,BVB.HM,Financials,1.1061163072391562,True,True,True,True,True,True,False,eligible,eligible,eligible
13,2023-12,35,BVH.HM,28110020866392,2023-12-31,2024-02-29,2024-07-31,True,BVH.HM,2023-11-15,22569089246669.0,0.669719,0.189729,False,BVH.HM,Financials,0.8028841157372576,True,True,True,True,True,True,False,eligible,eligible,eligible
13,2023-12,86,BWE.HM,7510306713460,2023-12-31,2024-02-29,2024-07-31,True,BWE.HM,2023-10-25,4806936736294.0,0.035673,0.100667,False,BWE.HM,Utilities,0.6400453296639657,False,True,True,True,True,True,False,eligible,eligible,eligible
13,2023-12,100,CII.HM,4964751935575,2023-12-31,2024-02-29,2024-07-31,True,CII.HM,2023-10-30,8058010686468.0,0.069952,-0.074851,False,CII.HM,Industrials,1.6230439689701737,False,True,True,True,True,True,False,eligible,eligible,eligible
13,2023-12,82,CMG.HM,8266176057739,2023-12-31,2024-02-29,2024-07-31,True,CMG.HM,2023-11-29,3235085186775.0,0.038586,0.154527,False,CMG.HM,Information Technology,0.3913641766371807,False,True,True,True,True,True,False,eligible,eligible,eligible
13,2023-12,89,CTD.HM,6646326743648,2023-12-31,2024-02-29,2024-07-31,True,CTD.HM,2023-10-30,8338347098258.0,0.016873,0.260313,False,CTD.HM,Industrials,1.2545797731396655,False,True,True,True,True,True,False,eligible,eligible,eligible
13,2023-12,6,CTG.HM,144357321112547,2023-12-31,2024-02-29,2024-07-31,True,CTG.HM,2023-10-31,122005123000000.0,0.085611,0.181004,False,CTG.HM,Financials,0.845160619909812,True,True,True,True,True,True,False,eligible,eligible,eligible
13,2023-12,71,CTR.HM,9650463110920,2023-12-31,2024-02-29,2024-07-31,True,CTR.HM,2023-10-27,1824948012904.0,0.104418,0.528978,False,CTR.HM,Industrials,0.18910470844025884,False,True,True,True,True,True,False,eligible,eligible,eligible
13,2023-12,90,DBC.HM,6549931074744,2023-12-31,2024-02-29,2024-07-31,True,DBC.HM,2023-10-26,4659782796131.0,-0.056222,0.198494,False,DBC.HM,Consumer Staples,0.7114247070627571,False,True,True,True,True,True,False,eligible,eligible,eligible
13,2023-12,54,DCM.HM,15375433557223,2023-12-31,2024-02-29,2024-07-31,True,DCM.HM,2023-10-24,9568077040026.0,0.107161,0.279507,False,DCM.HM,Materials,0.6222964057837025,False,True,True,True,True,True,False,eligible,eligible,eligible
13,2023-12,32,DGC.HM,33437027216646,2023-12-31,2024-02-29,2024-07-31,True,DGC.HM,2023-10-23,12507220098553.0,0.10987,0.573306,False,DGC.HM,Materials,0.374052992735147,False,True,True,True,True,True,False,eligible,eligible,eligible
13,2023-12,81,DGW.HM,8333098320378,2023-12-31,2024-02-29,2024-07-31,True,DGW.HM,2023-10-27,2656447256913.0,0.077901,-0.028939,False,DGW.HM,Information Technology,0.31878266099619235,False,True,True,True,True,True,False,eligible,eligible,eligible
13,2023-12,67,DHG.HM,10994889958298,2023-12-31,2024-02-29,2024-07-31,True,DHG.HM,2023-10-20,4592646448258.0,0.067184,0.119984,False,DHG.HM,Health Care,0.41770735911657436,False,True,True,True,True,True,False,eligible,eligible,eligible
13,2023-12,51,DIG.HM,16313539168552,2023-12-31,2024-02-29,2024-07-31,True,DIG.HM,2023-10-27,7880631664240.0,0.00022,-0.124599,False,DIG.HM,Industrials,0.48307308321125575,False,True,True,True,True,True,False,eligible,eligible,eligible
13,2023-12,65,DPM.HM,11874193918911,2023-12-31,2024-02-29,2024-07-31,True,DPM.HM,2023-10-30,11526908209488.0,0.087084,0.271654,False,DPM.HM,Materials,0.9707529023195496,False,True,True,True,True,True,False,eligible,eligible,eligible
13,2023-12,57,DXG.HM,13945607577407,2023-12-31,2024-02-29,2024-07-31,True,DXG.HM,2023-10-30,14276058162185.0,-0.025651,0.073144,False,DXG.HM,Real Estate,1.0236956749961441,False,True,True,True,True,True,False,eligible,eligible,eligible
13,2023-12,34,EIB.HM,31462063879701,2023-12-31,2024-02-29,2024-07-31,True,EIB.HM,2023-10-30,21646050000000.0,0.028179,0.115925,False,EIB.HM,Financials,0.6880047692600932,True,True,True,True,True,True,False,eligible,eligible,eligible
13,2023-12,66,EVF.HM,11267973479216,2023-12-31,2024-02-29,2024-07-31,True,EVF.HM,2023-10-20,4520435000000.0,0.012854,0.302909,False,EVF.HM,Financials,0.4011755093618237,True,True,True,True,True,True,False,eligible,eligible,eligible
13,2023-12,10,FPT.HM,106018392135823,2023-12-31,2024-02-29,2024-07-31,True,FPT.HM,2023-10-19,28405655629698.0,0.085992,-0.038131,False,FPT.HM,Information Technology,0.267931394331153,False,True,True,True,True,True,False,eligible,eligible,eligible
13,2023-12,58,FRT.HM,13883748886187,2023-12-31,2024-02-29,2024-07-31,True,FRT.HM,2023-10-31,1795374626426.0,0.052718,-0.024316,False,FRT.HM,Consumer Discretionary,0.12931482996010002,False,True,True,True,True,True,False,eligible,eligible,eligible
13,2023-12,75,FTS.HM,9228277638364,2023-12-31,2024-02-29,2024-07-31,True,FTS.HM,2023-10-18,3601908385273.0,0.043371,-0.440776,False,FTS.HM,Financials,0.3903120957587001,True,True,True,True,True,True,False,eligible,eligible,eligible
13,2023-12,5,GAS.HM,156432504724752,2023-12-31,2024-02-29,2024-07-31,True,GAS.HM,2023-10-30,62671280844468.0,0.066839,0.049444,False,GAS.HM,Utilities,0.40062825149248954,False,True,True,True,True,True,False,eligible,eligible,eligible
13,2023-12,84,GEE.HM,8162060969160,2023-12-31,2024-02-29,2024-07-31,True,GEE.HM,2023-10-31,5859384776553.0,0.033425,,False,GEE.HM,Industrials,0.7178805449619203,False,True,True,True,True,False,False,eligible,eligible,missing_investment
13,2023-12,49,GEX.HM,19415222736324,2023-12-31,2024-02-29,2024-07-31,True,GEX.HM,2023-10-31,21617402297319.0,0.016472,-0.14389,False,GEX.HM,Industrials,1.113425408036908,False,True,True,True,True,True,False,eligible,eligible,eligible
13,2023-12,48,GMD.HM,19750689285603,2023-12-31,2024-02-29,2024-07-31,True,GMD.HM,2023-10-31,9552705681784.0,0.022379,0.214276,False,GMD.HM,Industrials,0.4836644201955684,False,True,True,True,True,True,False,eligible,eligible,eligible
13,2023-12,14,GVR.HM,82837099720000,2023-12-31,2024-02-29,2024-07-31,True,GVR.HM,2023-10-31,55290020754702.0,0.021279,-0.007167,False,GVR.HM,Materials,0.6674548112088586,False,True,True,True,True,True,False,eligible,eligible,eligible
13,2023-12,63,HAG.HM,12241670535600,2023-12-31,2024-02-29,2024-07-31,True,HAG.HM,2023-10-30,5543616742000.0,0.081192,0.073684,False,HAG.HM,Consumer Staples,0.45284805908463305,False,True,True,True,True,True,False,eligible,eligible,eligible
13,2023-12,56,HCM.HM,14064887401261,2023-12-31,2024-02-29,2024-07-31,True,HCM.HM,2023-10-20,8132800526330.0,0.049107,-0.366125,False,HCM.HM,Financials,0.5782343145954262,True,True,True,True,True,True,False,eligible,eligible,eligible
13,2023-12,21,HDB.HM,56397845899525,2023-12-31,2024-02-29,2024-07-31,True,HDB.HM,2023-10-27,43025581000000.0,0.077238,0.111212,False,HDB.HM,Financials,0.7628940487665394,True,True,True,True,True,True,False,eligible,eligible,eligible
13,2023-12,83,HDG.HM,8172266653475,2023-12-31,2024-02-29,2024-07-31,True,HDG.HM,2023-10-31,7021787382900.0,0.066078,-0.049499,False,HDG.HM,Industrials,0.8592215208633954,False,True,True,True,True,True,False,eligible,eligible,eligible
13,2023-12,93,HHV.HM,6360459761170,2023-12-31,2024-02-29,2024-07-31,True,HHV.HM,2023-10-31,8678541895265.0,0.008161,0.049752,False,HHV.HM,Industrials,1.3644519769225913,False,True,True,True,True,True,False,eligible,eligible,eligible
13,2023-12,4,HPG.HM,159605448782489,2023-12-31,2024-02-29,2024-07-31,True,HPG.HM,2023-10-30,99865188256444.0,-0.025341,-0.044328,False,HPG.HM,Materials,0.6257003693685966,False,True,True,True,True,True,False,eligible,eligible,eligible
13,2023-12,60,HSG.HM,13295531415616,2023-12-31,2024-02-29,2024-07-31,True,HSG.HM,2023-10-30,10780166372421.0,-0.064461,-0.303874,False,HSG.HM,Materials,0.8108112444275354,False,True,True,True,True,True,False,eligible,eligible,eligible
13,2023-12,36,HVN.HM,27126336379011,2023-12-31,2024-02-29,2024-07-31,True,HVN.HM,2023-10-31,-13950814812625.0,,-0.038402,False,HVN.HM,Industrials,-0.5142904156943008,False,True,False,False,False,False,False,missing_or_nonpositive_book_equity,missing_or_nonpositive_book_equity,missing_or_nonpositive_book_equity
13,2023-12,44,KBC.HM,24371451098250,2023-12-31,2024-02-29,2024-07-31,True,KBC.HM,2023-10-30,20062852302098.0,-0.028034,0.12595,False,KBC.HM,Real Estate,0.8232112327336397,False,True,True,True,True,True,False,eligible,eligible,eligible
13,2023-12,55,KDC.HM,14751854081261,2023-12-31,2024-02-29,2024-07-31,True,KDC.HM,2023-10-20,8131239160240.0,-0.021992,-0.004826,False,KDC.HM,Consumer Staples,0.5512011653212432,False,True,True,True,True,True,False,eligible,eligible,eligible
13,2023-12,41,KDH.HM,25098400859298,2023-12-31,2024-02-29,2024-07-31,True,KDH.HM,2023-10-30,15328813431000.0,0.017163,0.498623,False,KDH.HM,Real Estate,0.6107486097195415,False,True,True,True,True,True,False,eligible,eligible,eligible
13,2023-12,79,KOS.HM,8583484932750,2023-12-31,2024-02-29,2024-07-31,True,KOS.HM,2023-10-30,2300532170903.0,-0.005109,0.247947,False,KOS.HM,Real Estate,0.2680184317823401,False,True,True,True,True,True,False,eligible,eligible,eligible
13,2023-12,73,LGC.HM,9587244063899,2023-12-31,2024-02-29,2024-07-31,True,LGC.HM,2023-10-27,4855119554933.0,0.02845,0.046962,False,LGC.HM,Industrials,0.506414515221853,False,True,True,True,True,True,False,eligible,eligible,eligible
13,2023-12,30,LPB.HM,35457863733795,2023-12-31,2024-02-29,2024-07-31,True,LPB.HM,2023-10-20,26489550000000.0,0.088669,0.133308,False,LPB.HM,Financials,0.7470712335879595,True,True,True,True,True,True,False,eligible,eligible,eligible
13,2023-12,15,MBB.HM,75673397758457,2023-12-31,2024-02-29,2024-07-31,True,MBB.HM,2023-10-30,91762995000000.0,0.096295,0.19994,False,MBB.HM,Financials,1.2126189350305059,True,True,True,True,True,True,False,eligible,eligible,eligible
13,2023-12,25,MCH.HM,51626549947521,2023-12-31,2024-02-29,2024-07-31,True,MCH.HM,2023-10-31,24108432855477.0,0.092587,0.10967,False,MCH.HM,Consumer Staples,0.46697741530246567,False,True,True,True,True,True,False,eligible,eligible,eligible
13,2023-12,39,MSB.HM,25999987075557,2023-12-31,2024-02-29,2024-07-31,True,MSB.HM,2023-10-25,30567619000000.0,0.026291,0.044732,False,MSB.HM,Financials,1.1756782382687068,True,True,True,True,True,True,False,eligible,eligible,eligible
13,2023-12,11,MSN.HM,95866508202000,2023-12-31,2024-02-29,2024-07-31,True,MSN.HM,2023-10-30,38073215000000.0,0.006781,0.120937,False,MSN.HM,Consumer Staples,0.3971482399231237,False,True,True,True,True,True,False,eligible,eligible,eligible
13,2023-12,18,MWG.HM,60277402386627,2023-12-31,2024-02-29,2024-07-31,True,MWG.HM,2023-11-01,23270152661101.0,0.032957,-0.113342,False,MWG.HM,Consumer Discretionary,0.38605101978089984,False,True,True,True,True,True,False,eligible,eligible,eligible
13,2023-12,52,NAB.HM,16188030233265,2023-12-31,2024-02-29,2024-07-31,True,NAB.HM,2023-11-03,14216516000000.0,0.037287,0.158846,False,NAB.HM,Financials,0.8782116042003857,True,True,True,True,True,True,False,eligible,eligible,eligible
13,2023-12,91,NKG.HM,6489794788088,2023-12-31,2024-02-29,2024-07-31,True,NKG.HM,2023-10-30,5415409296555.0,-0.083409,-0.125806,False,NKG.HM,Materials,0.8344500054909237,False,True,True,True,True,True,False,eligible,eligible,eligible
13,2023-12,59,NLG.HM,13499673885127,2023-12-31,2024-02-29,2024-07-31,True,NLG.HM,2023-10-20,13133641018946.0,0.049429,0.1468,False,NLG.HM,Real Estate,0.9728857993685115,False,True,True,True,True,True,False,eligible,eligible,eligible
13,2023-12,92,NT2.HM,6385428863415,2023-12-31,2024-02-29,2024-07-31,True,NT2.HM,2023-10-17,4118415165771.0,0.041502,0.123899,False,NT2.HM,Utilities,0.6449708005310743,False,True,True,True,True,True,False,eligible,eligible,eligible
13,2023-12,33,NVL.HM,33249298160758,2023-12-31,2024-02-29,2024-07-31,True,NVL.HM,2023-10-30,43859435287432.0,0.006134,0.276967,False,NVL.HM,Real Estate,1.319108604198944,False,True,True,True,True,True,False,eligible,eligible,eligible
13,2023-12,40,OCB.HM,25922489082419,2023-12-31,2024-02-29,2024-07-31,True,OCB.HM,2023-10-31,28348393929598.0,0.062193,0.05151,False,OCB.HM,Financials,1.0935830212702948,True,True,True,True,True,True,False,eligible,eligible,eligible
13,2023-12,76,PC1.HM,8956667560511,2023-12-31,2024-02-29,2024-07-31,True,PC1.HM,2023-10-31,7136132543922.0,0.037045,0.164145,False,PC1.HM,Industrials,0.7967396909297442,False,True,True,True,True,True,False,eligible,eligible,eligible
13,2023-12,47,PDR.HM,20575878276168,2023-12-31,2024-02-29,2024-07-31,True,PDR.HM,2023-10-20,8622795313815.0,-0.158666,0.111494,False,PDR.HM,Real Estate,0.41907301346170717,False,True,True,True,True,True,False,eligible,eligible,eligible
13,2023-12,42,PGV.HM,24931230133819,2023-12-31,2024-02-29,2024-07-31,True,PGV.HM,2023-10-31,17053781812124.0,0.025724,-0.024382,False,PGV.HM,Utilities,0.684032906542814,False,True,True,True,True,True,False,eligible,eligible,eligible
13,2023-12,95,PHR.HM,6238562459785,2023-12-31,2024-02-29,2024-07-31,True,PHR.HM,2023-10-18,3709475445936.0,0.032237,0.050806,False,PHR.HM,Materials,0.594604200863261,False,True,True,True,True,True,False,eligible,eligible,eligible
13,2023-12,27,PLX.HM,40817264980944,2023-12-31,2024-02-29,2024-07-31,True,PLX.HM,2023-10-30,28428411854635.0,0.033524,0.14947,False,PLX.HM,Energy,0.6964800769455554,False,True,True,True,True,True,False,eligible,eligible,eligible
13,2023-12,37,PNJ.HM,26766537282475,2023-12-31,2024-02-29,2024-07-31,True,PNJ.HM,2023-10-20,9436998946740.0,0.070378,0.255966,False,PNJ.HM,Consumer Discretionary,0.3525670447076745,False,True,True,True,True,True,False,eligible,eligible,eligible
13,2023-12,38,POW.HM,26346065599903,2023-12-31,2024-02-29,2024-07-31,True,POW.HM,2023-10-30,33708159058335.0,0.021342,0.072981,False,POW.HM,Utilities,1.279438059945433,False,True,True,True,True,True,False,eligible,eligible,eligible
13,2023-12,53,PVD.HM,15384128945572,2023-12-31,2024-02-29,2024-07-31,True,PVD.HM,2023-10-30,14809873201200.0,0.003781,-0.002753,False,PVD.HM,Energy,0.962672196365249,False,True,True,True,True,True,False,eligible,eligible,eligible
13,2023-12,80,PVT.HM,8452519381906,2023-12-31,2024-02-29,2024-07-31,True,PVT.HM,2023-10-27,8675193236249.0,0.070382,0.140751,False,PVT.HM,Energy,1.0263440808925761,False,True,True,True,True,True,False,eligible,eligible,eligible
13,2023-12,45,REE.HM,22177338989393,2023-12-31,2024-02-29,2024-07-31,True,REE.HM,2023-10-30,20516693741498.0,0.043416,0.065591,False,REE.HM,Industrials,0.9251197247474435,False,True,True,True,True,True,False,eligible,eligible,eligible
13,2023-12,16,SAB.HM,66450193535637,2023-12-31,2024-02-29,2024-07-31,True,SAB.HM,2023-10-26,26518527793056.0,0.053273,0.130483,False,SAB.HM,Consumer Staples,0.3990737480521288,False,True,True,True,True,True,False,eligible,eligible,eligible
13,2023-12,70,SBT.HM,9774611695640,2023-12-31,2024-02-29,2024-07-31,True,SBT.HM,2023-11-01,10769430282024.0,0.012336,0.2358,False,SBT.HM,Consumer Staples,1.1017757653562588,False,True,True,True,True,True,False,eligible,eligible,eligible
13,2023-12,96,SCS.HM,5591225398511,2023-12-31,2024-02-29,2024-07-31,True,SCS.HM,2023-10-19,1417536096193.0,0.118828,0.098929,False,SCS.HM,Industrials,0.2535286981223301,False,True,True,True,True,True,False,eligible,eligible,eligible
13,2023-12,29,SHB.HM,36068820619769,2023-12-31,2024-02-29,2024-07-31,True,SHB.HM,2023-10-31,49523604000000.0,0.076918,0.087445,False,SHB.HM,Financials,1.3730308656905892,True,True,True,True,True,True,False,eligible,eligible,eligible
13,2023-12,69,SIP.HM,10295643105201,2023-12-31,2024-02-29,2024-07-31,True,SIP.HM,2023-11-01,3873570423751.0,0.091191,0.066574,False,SIP.HM,Real Estate,0.3762339451912632,False,True,True,True,True,True,False,eligible,eligible,eligible
13,2023-12,85,SJS.HM,7904484551992,2023-12-31,2024-02-29,2024-07-31,True,SJS.HM,2023-10-30,2677429554824.0,-0.007984,-0.023973,False,SJS.HM,Real Estate,0.3387228524786305,False,True,True,True,True,True,False,eligible,eligible,eligible
13,2023-12,19,SSB.HM,59647201438280,2023-12-31,2024-02-29,2024-07-31,True,SSB.HM,2023-10-30,28627746000000.0,0.049609,0.093354,False,SSB.HM,Financials,0.4799512015601032,True,True,True,True,True,True,False,eligible,eligible,eligible
13,2023-12,26,SSI.HM,44729373265749,2023-12-31,2024-02-29,2024-07-31,True,SSI.HM,2023-10-19,22707754444259.0,0.017808,0.028219,False,SSI.HM,Financials,0.5076698550937936,True,True,True,True,True,True,False,eligible,eligible,eligible
13,2023-12,24,STB.HM,52691779262200,2023-12-31,2024-02-29,2024-07-31,True,STB.HM,2023-10-30,43709987000000.0,0.09554,0.135844,False,STB.HM,Financials,0.8295409191345461,True,True,True,True,True,True,False,eligible,eligible,eligible
13,2023-12,99,SZC.HM,5070186183048,2023-12-31,2024-02-29,2024-07-31,True,SZC.HM,2023-10-18,1681254408068.0,0.024672,0.127951,False,SZC.HM,Real Estate,0.33159618747122516,False,True,True,True,True,True,False,eligible,eligible,eligible
13,2023-12,9,TCB.HM,106878494067454,2023-12-31,2024-02-29,2024-07-31,True,TCB.HM,2023-10-24,127129786000000.0,0.043587,0.229114,False,TCB.HM,Financials,1.1894795778069707,True,True,True,True,True,True,False,eligible,eligible,eligible
13,2023-12,77,TCH.HM,8820448270036,2023-12-31,2024-02-29,2024-07-31,True,TCH.HM,2023-10-30,11499106263826.0,0.02159,-0.003018,False,TCH.HM,Industrials,1.3036872857006243,False,True,True,True,True,True,False,eligible,eligible,eligible
13,2023-12,94,TMS.HM,6354813829784,2023-12-31,2024-02-29,2024-07-31,True,TMS.HM,2023-10-31,4298201782372.0,0.031544,-0.02851,False,TMS.HM,Industrials,0.6763694259975034,False,True,True,True,True,True,False,eligible,eligible,eligible
13,2023-12,31,TPB.HM,34748678221779,2023-12-31,2024-02-29,2024-07-31,True,TPB.HM,2023-10-20,32383937000000.0,0.059195,0.12228,False,TPB.HM,Financials,0.9319473043928077,True,True,True,True,True,True,False,eligible,eligible,eligible
13,2023-12,1,VCB.HM,441872860134153,2023-12-31,2024-02-29,2024-07-31,True,VCB.HM,2023-10-30,159243518000000.0,0.101553,0.281861,False,VCB.HM,Financials,0.3603831155225363,True,True,True,True,True,True,False,eligible,eligible,eligible
13,2023-12,61,VCG.HM,12741126309211,2023-12-31,2024-02-29,2024-07-31,True,VCG.HM,2023-10-31,10025642566997.0,-0.00231,0.033255,False,VCG.HM,Industrials,0.7868725514281353,False,True,True,True,True,True,False,eligible,eligible,eligible
13,2023-12,50,VCI.HM,18042873799860,2023-12-31,2024-02-29,2024-07-31,True,VCI.HM,2023-10-20,7291460097101.0,0.034245,-0.143873,False,VCI.HM,Financials,0.4041185555018168,True,True,True,True,True,True,False,eligible,eligible,eligible
13,2023-12,46,VGC.HM,21416583342536,2023-12-31,2024-02-29,2024-07-31,True,VGC.HM,2023-10-26,10040315518424.0,0.024023,0.043727,False,VGC.HM,Industrials,0.468810330660105,False,True,True,True,True,True,False,eligible,eligible,eligible
13,2023-12,62,VHC.HM,12687202164263,2023-12-31,2024-02-29,2024-07-31,True,VHC.HM,2023-11-16,8463897197488.0,0.031604,0.325679,False,VHC.HM,Consumer Staples,0.6671208583188576,False,True,True,True,True,True,False,eligible,eligible,eligible
13,2023-12,12,VHM.HM,90570847233894,2023-12-31,2024-02-29,2024-07-31,True,VHM.HM,2023-10-24,180864510000000.0,0.097258,0.569574,False,VHM.HM,Real Estate,1.996939584024513,False,True,True,True,True,True,False,eligible,eligible,eligible
13,2023-12,28,VIB.HM,39088769065006,2023-12-31,2024-02-29,2024-07-31,True,VIB.HM,2023-10-30,36039756000000.0,0.092973,0.107528,False,VIB.HM,Financials,0.9219977211373583,True,True,True,True,True,True,False,eligible,eligible,eligible
13,2023-12,3,VIC.HM,171760060534100,2023-12-31,2024-02-29,2024-07-31,True,VIC.HM,2023-10-24,146942516000000.0,0.028767,0.347872,False,VIC.HM,Real Estate,0.8555103878228262,False,True,True,True,True,True,False,eligible,eligible,eligible
13,2023-12,68,VIX.HM,10902390675443,2023-12-31,2024-02-29,2024-07-31,True,VIX.HM,2023-10-17,8638276440421.0,0.002539,0.722787,False,VIX.HM,Financials,0.7923286458517961,True,True,True,True,True,True,False,eligible,eligible,eligible
13,2023-12,20,VJC.HM,58494041520515,2023-12-31,2024-02-29,2024-07-31,True,VJC.HM,2023-10-31,15213697157183.0,-0.312967,0.317175,False,VJC.HM,Industrials,0.26008969053450104,False,True,True,True,True,True,False,eligible,eligible,eligible
13,2023-12,43,VND.HM,24690661435917,2023-12-31,2024-02-29,2024-07-31,True,VND.HM,2023-10-31,15718863196317.0,0.017496,0.047873,False,VND.HM,Financials,0.6366319200121181,True,True,True,True,True,True,False,eligible,eligible,eligible
13,2023-12,7,VNM.HM,119467358546674,2023-12-31,2024-02-29,2024-07-31,True,VNM.HM,2023-10-31,34003064009307.0,0.070781,-0.090934,False,VNM.HM,Consumer Staples,0.28462221332216486,False,True,True,True,True,True,False,eligible,eligible,eligible
13,2023-12,8,VPB.HM,109768959771192,2023-12-31,2024-02-29,2024-07-31,True,VPB.HM,2023-10-17,109991548000000.0,0.075646,0.152726,False,VPB.HM,Financials,1.002027788450141,True,True,True,True,True,True,False,eligible,eligible,eligible
13,2023-12,64,VPI.HM,12099977286769,2023-12-31,2024-02-29,2024-07-31,True,VPI.HM,2023-10-27,3954163514072.0,0.024715,0.128159,False,VPI.HM,Real Estate,0.3267909864918318,False,True,True,True,True,True,False,eligible,eligible,eligible
13,2023-12,23,VRE.HM,52945018953000,2023-12-31,2024-02-29,2024-07-31,True,VRE.HM,2023-10-24,36759343000000.0,0.032452,0.127466,False,VRE.HM,Real Estate,0.6942927536324383,False,True,True,True,True,True,False,eligible,eligible,eligible
13,2023-12,74,VSH.HM,9405718859665,2023-12-31,2024-02-29,2024-07-31,True,VSH.HM,2023-10-24,5073653182647.0,0.102085,-0.030579,False,VSH.HM,Utilities,0.5394221598951456,False,True,True,True,True,True,False,eligible,eligible,eligible
13,2023-12,88,VTP.HM,6723441144334,2023-12-31,2024-02-29,2024-07-31,True,VTP.HM,2023-10-31,1495073671630.0,0.004438,0.056175,False,VTP.HM,Industrials,0.22236733237263975,False,True,True,True,True,True,False,eligible,eligible,eligible
14,2024-06,16,ACB.HM,100287982658220,2024-06-30,2024-08-31,2025-01-31,True,ACB.HM,2024-04-10,74790732000000.0,0.063781,0.151781,False,ACB.HM,Financials,0.7457596615028715,True,True,True,True,True,True,False,eligible,eligible,eligible
14,2024-06,96,ACG.HM,6535416304517,2024-06-30,2024-08-31,2025-01-31,True,ACG.HM,2024-04-25,4254689331752.0,0.05223,0.09719,False,ACG.HM,Materials,0.6510203992378176,False,True,True,True,True,True,False,eligible,eligible,eligible
14,2024-06,22,BCM.HM,63935415584685,2024-06-30,2024-08-31,2025-01-31,True,BCM.HM,2024-04-26,19526391859407.0,-0.024282,-0.014143,False,BCM.HM,Real Estate,0.3054080697034575,False,True,True,True,True,True,False,eligible,eligible,eligible
14,2024-06,87,BHN.HM,8341962549644,2024-06-30,2024-08-31,2025-01-31,True,BHN.HM,2024-04-29,5285136600221.0,0.012715,0.020521,False,BHN.HM,Consumer Staples,0.6335603365237533,False,True,True,True,True,True,False,eligible,eligible,eligible
14,2024-06,2,BID.HM,241039394054533,2024-06-30,2024-08-31,2025-01-31,True,BID.HM,2024-05-06,129017835000000.0,0.092887,0.203732,False,BID.HM,Financials,0.5352562202791253,True,True,True,True,True,True,False,eligible,eligible,eligible
14,2024-06,93,BMP.HM,6822571215546,2024-06-30,2024-08-31,2025-01-31,True,BMP.HM,2024-04-26,2879604041527.0,0.133122,0.072857,False,BMP.HM,Industrials,0.4220702064590395,False,True,True,True,True,True,False,eligible,eligible,eligible
14,2024-06,75,BSI.HM,10301385902480,2024-06-30,2024-08-31,2025-01-31,True,BSI.HM,2024-04-19,4821563540372.0,0.004788,-0.068887,False,BSI.HM,Financials,0.4680499872557183,True,True,True,True,True,True,False,eligible,eligible,eligible
14,2024-06,20,BSR.HM,64621886113387,2024-06-30,2024-08-31,2025-01-31,True,BSR.HM,2024-05-06,58040467129603.0,0.031897,0.175045,False,BSR.HM,Energy,0.8981549536911365,False,True,True,True,True,True,False,eligible,eligible,eligible
14,2024-06,98,BVB.HM,5919821838731,2024-06-30,2024-08-31,2025-01-31,True,BVB.HM,2024-04-26,5958447000000.0,0.021836,0.033408,False,BVB.HM,Financials,1.0065247168447353,True,True,True,True,True,True,False,eligible,eligible,eligible
14,2024-06,35,BVH.HM,32735720502408,2024-06-30,2024-08-31,2025-01-31,True,BVH.HM,2024-05-03,22875923294398.0,0.669719,0.189729,False,BVH.HM,Financials,0.6988061647433504,True,True,True,True,True,True,False,eligible,eligible,eligible
14,2024-06,81,BWE.HM,9496885262499,2024-06-30,2024-08-31,2025-01-31,True,BWE.HM,2024-04-25,5028109796900.0,0.035673,0.100667,False,BWE.HM,Utilities,0.5294483041460805,False,True,True,True,True,True,False,eligible,eligible,eligible
14,2024-06,69,CMG.HM,11616799474640,2024-06-30,2024-08-31,2025-01-31,True,CMG.HM,2024-04-24,3344147915246.0,0.038586,0.154527,False,CMG.HM,Information Technology,0.2878717087736968,False,True,True,True,True,True,False,eligible,eligible,eligible
14,2024-06,94,CTD.HM,6820596406298,2024-06-30,2024-08-31,2025-01-31,True,CTD.HM,2024-05-02,8519706735256.0,0.016873,0.260313,False,CTD.HM,Industrials,1.2491146268952487,False,True,True,True,True,True,False,eligible,eligible,eligible
14,2024-06,5,CTG.HM,162629911019658,2024-06-30,2024-08-31,2025-01-31,True,CTG.HM,2024-04-29,130582488000000.0,0.085611,0.181004,False,CTG.HM,Financials,0.802942627105144,True,True,True,True,True,True,False,eligible,eligible,eligible
14,2024-06,59,CTR.HM,15101478306343,2024-06-30,2024-08-31,2025-01-31,True,CTR.HM,2024-04-29,1895196521192.0,0.104418,0.528978,False,CTR.HM,Industrials,0.12549741705724068,False,True,True,True,True,True,False,eligible,eligible,eligible
14,2024-06,88,DBC.HM,8127651698624,2024-06-30,2024-08-31,2025-01-31,True,DBC.HM,2024-05-02,4738842567454.0,-0.056222,0.198494,False,DBC.HM,Consumer Staples,0.5830518756427862,False,True,True,True,True,True,False,eligible,eligible,eligible
14,2024-06,52,DCM.HM,18001059026400,2024-06-30,2024-08-31,2025-01-31,True,DCM.HM,2024-05-02,10290889026718.0,0.107161,0.279507,False,DCM.HM,Materials,0.5716824222189141,False,True,True,True,True,True,False,eligible,eligible,eligible
14,2024-06,31,DGC.HM,43390210106362,2024-06-30,2024-08-31,2025-01-31,True,DGC.HM,2024-04-22,12510005829489.0,0.10987,0.573306,False,DGC.HM,Materials,0.2883140182733235,False,True,True,True,True,True,False,eligible,eligible,eligible
14,2024-06,80,DGW.HM,9750009244970,2024-06-30,2024-08-31,2025-01-31,True,DGW.HM,2024-04-29,2719395377076.0,0.077901,-0.028939,False,DGW.HM,Information Technology,0.27891208190176103,False,True,True,True,True,True,False,eligible,eligible,eligible
14,2024-06,67,DHG.HM,12410377529291,2024-06-30,2024-08-31,2025-01-31,True,DHG.HM,2024-04-19,5075163418201.0,0.067184,0.119984,False,DHG.HM,Health Care,0.40894512727131693,False,True,True,True,True,True,False,eligible,eligible,eligible
14,2024-06,55,DIG.HM,16191568782327,2024-06-30,2024-08-31,2025-01-31,True,DIG.HM,2024-05-02,7772320028697.0,0.00022,-0.124599,False,DIG.HM,Industrials,0.48002266693147366,False,True,True,True,True,True,False,eligible,eligible,eligible
14,2024-06,63,DPM.HM,12872624638669,2024-06-30,2024-08-31,2025-01-31,True,DPM.HM,2024-04-29,11805283947509.0,0.087084,0.271654,False,DPM.HM,Materials,0.9170844547153392,False,True,True,True,True,True,False,eligible,eligible,eligible
14,2024-06,70,DXG.HM,11531251743709,2024-06-30,2024-08-31,2025-01-31,True,DXG.HM,2024-05-02,15482991028631.0,-0.025651,0.073144,False,DXG.HM,Real Estate,1.3426982059495765,False,True,True,True,True,True,False,eligible,eligible,eligible
14,2024-06,36,EIB.HM,32405068520761,2024-06-30,2024-08-31,2025-01-31,True,EIB.HM,2024-04-29,22968033000000.0,0.028179,0.115925,False,EIB.HM,Financials,0.7087790289745889,True,True,True,True,True,True,False,eligible,eligible,eligible
14,2024-06,77,EVF.HM,10070751297049,2024-06-30,2024-08-31,2025-01-31,True,EVF.HM,2024-04-19,8573623000000.0,0.012854,0.302909,False,EVF.HM,Financials,0.8513389663899555,True,True,True,True,True,True,False,eligible,eligible,eligible
14,2024-06,4,FPT.HM,166550960169412,2024-06-30,2024-08-31,2025-01-31,True,FPT.HM,2024-04-23,31727101031164.0,0.085992,-0.038131,False,FPT.HM,Information Technology,0.19049485514158482,False,True,True,True,True,True,False,eligible,eligible,eligible
14,2024-06,45,FRT.HM,22966575260329,2024-06-30,2024-08-31,2025-01-31,True,FRT.HM,2024-04-26,1779857863795.0,0.052718,-0.024316,False,FRT.HM,Consumer Discretionary,0.07749774808042073,False,True,True,True,True,True,False,eligible,eligible,eligible
14,2024-06,68,FTS.HM,12035577955502,2024-06-30,2024-08-31,2025-01-31,True,FTS.HM,2024-04-19,3769261008439.0,0.043371,-0.440776,False,FTS.HM,Financials,0.3131765688672975,True,True,True,True,True,True,False,eligible,eligible,eligible
14,2024-06,9,GAS.HM,154233287064025,2024-06-30,2024-08-31,2025-01-31,True,GAS.HM,2024-04-26,67900271214877.0,0.066839,0.049444,False,GAS.HM,Utilities,0.4402439480310783,False,True,True,True,True,True,False,eligible,eligible,eligible
14,2024-06,78,GEE.HM,9961199105760,2024-06-30,2024-08-31,2025-01-31,True,GEE.HM,2024-05-02,5909530878073.0,0.033425,,False,GEE.HM,Industrials,0.593254970142686,False,True,True,True,True,False,False,eligible,eligible,missing_investment
14,2024-06,51,GEX.HM,18181204341969,2024-06-30,2024-08-31,2025-01-31,True,GEX.HM,2024-04-29,21434251813195.0,0.016472,-0.14389,False,GEX.HM,Industrials,1.178923651593132,False,True,True,True,True,True,False,eligible,eligible,eligible
14,2024-06,44,GMD.HM,23601367406265,2024-06-30,2024-08-31,2025-01-31,True,GMD.HM,2024-04-29,10390813965254.0,0.022379,0.214276,False,GMD.HM,Industrials,0.4402632180750574,False,True,True,True,True,True,False,eligible,eligible,eligible
14,2024-06,11,GVR.HM,133633434452000,2024-06-30,2024-08-31,2025-01-31,True,GVR.HM,2024-05-02,56018177083634.0,0.021279,-0.007167,False,GVR.HM,Materials,0.4191928263563057,False,True,True,True,True,True,False,eligible,eligible,eligible
14,2024-06,65,HAG.HM,12794531324300,2024-06-30,2024-08-31,2025-01-31,True,HAG.HM,2024-05-02,7032474112000.0,0.081192,0.073684,False,HAG.HM,Consumer Staples,0.5496468712881715,False,True,True,True,True,True,False,eligible,eligible,eligible
14,2024-06,54,HCM.HM,16590089988218,2024-06-30,2024-08-31,2025-01-31,True,HCM.HM,2024-04-19,8588940069167.0,0.049107,-0.366125,False,HCM.HM,Financials,0.517715098306683,True,True,True,True,True,True,False,eligible,eligible,eligible
14,2024-06,21,HDB.HM,64340855161154,2024-06-30,2024-08-31,2025-01-31,True,HDB.HM,2024-04-29,49700250000000.0,0.077238,0.111212,False,HDB.HM,Financials,0.7724524312820555,True,True,True,True,True,True,False,eligible,eligible,eligible
14,2024-06,83,HDG.HM,9297447738439,2024-06-30,2024-08-31,2025-01-31,True,HDG.HM,2024-05-02,7493090814403.0,0.066078,-0.049499,False,HDG.HM,Industrials,0.8059298664754911,False,True,True,True,True,True,False,eligible,eligible,eligible
14,2024-06,3,HPG.HM,177764085660568,2024-06-30,2024-08-31,2025-01-31,True,HPG.HM,2024-04-25,105624580573088.0,-0.025341,-0.044328,False,HPG.HM,Materials,0.5941840286837976,False,True,True,True,True,True,False,eligible,eligible,eligible
14,2024-06,62,HSG.HM,14303744813986,2024-06-30,2024-08-31,2025-01-31,True,HSG.HM,2024-05-31,11160093063300.0,-0.064461,-0.303874,False,HSG.HM,Materials,0.7802217676861669,False,True,True,True,True,True,False,eligible,eligible,eligible
14,2024-06,18,HVN.HM,73517907574137,2024-06-30,2024-08-31,2025-01-31,True,HVN.HM,2024-05-02,-12556099532346.0,,-0.038402,False,HVN.HM,Industrials,-0.17078967487865682,False,True,False,False,False,False,False,missing_or_nonpositive_book_equity,missing_or_nonpositive_book_equity,missing_or_nonpositive_book_equity
14,2024-06,47,KBC.HM,22260538011000,2024-06-30,2024-08-31,2025-01-31,True,KBC.HM,2024-05-02,20144138834473.0,-0.028034,0.12595,False,KBC.HM,Real Estate,0.9049259647057414,False,True,True,True,True,True,False,eligible,eligible,eligible
14,2024-06,58,KDC.HM,15384070421059,2024-06-30,2024-08-31,2025-01-31,True,KDC.HM,2024-05-02,7134715179753.0,-0.021992,-0.004826,False,KDC.HM,Consumer Staples,0.4637729147408482,False,True,True,True,True,True,False,eligible,eligible,eligible
14,2024-06,38,KDH.HM,29494617570799,2024-06-30,2024-08-31,2025-01-31,True,KDH.HM,2024-04-26,15586291613000.0,0.017163,0.498623,False,KDH.HM,Real Estate,0.5284452858419542,False,True,True,True,True,True,False,eligible,eligible,eligible
14,2024-06,86,KOS.HM,8507716465500,2024-06-30,2024-08-31,2025-01-31,True,KOS.HM,2024-05-02,2309325904230.0,-0.005109,0.247947,False,KOS.HM,Real Estate,0.27143898290389024,False,True,True,True,True,True,False,eligible,eligible,eligible
14,2024-06,71,LGC.HM,10860549916286,2024-06-30,2024-08-31,2025-01-31,True,LGC.HM,2024-05-02,5340652727301.0,0.02845,0.046962,False,LGC.HM,Industrials,0.4917479104158799,False,True,True,True,True,True,False,eligible,eligible,eligible
14,2024-06,23,LPB.HM,63486460781705,2024-06-30,2024-08-31,2025-01-31,True,LPB.HM,2024-04-22,36416061000000.0,0.088669,0.133308,False,LPB.HM,Financials,0.5736035770715711,True,True,True,True,True,True,False,eligible,eligible,eligible
14,2024-06,15,MBB.HM,112474931081042,2024-06-30,2024-08-31,2025-01-31,True,MBB.HM,2024-04-22,101341424000000.0,0.096295,0.19994,False,MBB.HM,Financials,0.9010134349580536,True,True,True,True,True,True,False,eligible,eligible,eligible
14,2024-06,12,MCH.HM,131610777929229,2024-06-30,2024-08-31,2025-01-31,True,MCH.HM,2024-04-26,28092093950964.0,0.092587,0.10967,False,MCH.HM,Consumer Staples,0.21344827827147977,False,True,True,True,True,True,False,eligible,eligible,eligible
14,2024-06,39,MSB.HM,28599985782364,2024-06-30,2024-08-31,2025-01-31,True,MSB.HM,2024-04-24,32305124000000.0,0.026291,0.044732,False,MSB.HM,Financials,1.1295503517320191,True,True,True,True,True,True,False,eligible,eligible,eligible
14,2024-06,14,MSN.HM,113015728098900,2024-06-30,2024-08-31,2025-01-31,True,MSN.HM,2024-04-25,38833493000000.0,0.006781,0.120937,False,MSN.HM,Consumer Staples,0.34361140394562456,False,True,True,True,True,True,False,eligible,eligible,eligible
14,2024-06,17,MWG.HM,88550355435632,2024-06-30,2024-08-31,2025-01-31,True,MWG.HM,2024-05-06,26034159348392.0,0.032957,-0.113342,False,MWG.HM,Consumer Discretionary,0.29400400732797116,False,True,True,True,True,True,False,eligible,eligible,eligible
14,2024-06,53,NAB.HM,16875757007881,2024-06-30,2024-08-31,2025-01-31,True,NAB.HM,2024-05-02,15968062000000.0,0.037287,0.158846,False,NAB.HM,Financials,0.946213079066195,True,True,True,True,True,True,False,eligible,eligible,eligible
14,2024-06,97,NKG.HM,6200189341137,2024-06-30,2024-08-31,2025-01-31,True,NKG.HM,2024-05-02,5573183954786.0,-0.083409,-0.125806,False,NKG.HM,Materials,0.8988731872765648,False,True,True,True,True,True,False,eligible,eligible,eligible
14,2024-06,57,NLG.HM,15423420978258,2024-06-30,2024-08-31,2025-01-31,True,NLG.HM,2024-04-26,13381347757367.0,0.049429,0.1468,False,NLG.HM,Real Estate,0.8675992035898095,False,True,True,True,True,True,False,eligible,eligible,eligible
14,2024-06,100,NT2.HM,5812767224540,2024-06-30,2024-08-31,2025-01-31,True,NT2.HM,2024-04-22,3976177267343.0,0.041502,0.123899,False,NT2.HM,Utilities,0.6840420601321532,False,True,True,True,True,True,False,eligible,eligible,eligible
14,2024-06,43,NVL.HM,25936402670855,2024-06-30,2024-08-31,2025-01-31,True,NVL.HM,2024-04-26,44701967729381.0,0.006134,0.276967,False,NVL.HM,Real Estate,1.7235222747221246,False,True,True,True,True,True,False,eligible,eligible,eligible
14,2024-06,41,OCB.HM,27481736545539,2024-06-30,2024-08-31,2025-01-31,True,OCB.HM,2024-04-24,29495563055944.0,0.062193,0.05151,False,OCB.HM,Financials,1.0732787211997306,True,True,True,True,True,True,False,eligible,eligible,eligible
14,2024-06,84,PC1.HM,8941117790219,2024-06-30,2024-08-31,2025-01-31,True,PC1.HM,2024-05-03,7354681438462.0,0.037045,0.164145,False,PC1.HM,Industrials,0.8225684540816074,False,True,True,True,True,True,False,eligible,eligible,eligible
14,2024-06,48,PDR.HM,20693421520751,2024-06-30,2024-08-31,2025-01-31,True,PDR.HM,2024-04-19,9631054121304.0,-0.158666,0.111494,False,PDR.HM,Real Estate,0.46541622474785754,False,True,True,True,True,True,False,eligible,eligible,eligible
14,2024-06,42,PGV.HM,26059583221989,2024-06-30,2024-08-31,2025-01-31,True,PGV.HM,2024-04-26,15085619370938.0,0.025724,-0.024382,False,PGV.HM,Utilities,0.578889510336021,False,True,True,True,True,True,False,eligible,eligible,eligible
14,2024-06,89,PHR.HM,7606778371550,2024-06-30,2024-08-31,2025-01-31,True,PHR.HM,2024-05-02,3899856758378.0,0.032237,0.050806,False,PHR.HM,Materials,0.5126817908832203,False,True,True,True,True,True,False,eligible,eligible,eligible
14,2024-06,27,PLX.HM,50281821454250,2024-06-30,2024-08-31,2025-01-31,True,PLX.HM,2024-05-02,30313183415087.0,0.033524,0.14947,False,PLX.HM,Energy,0.6028656587683107,False,True,True,True,True,True,False,eligible,eligible,eligible
14,2024-06,37,PNJ.HM,30499119768862,2024-06-30,2024-08-31,2025-01-31,True,PNJ.HM,2024-04-22,10474383758143.0,0.070378,0.255966,False,PNJ.HM,Consumer Discretionary,0.3434323297696216,False,True,True,True,True,True,False,eligible,eligible,eligible
14,2024-06,34,POW.HM,34893900218851,2024-06-30,2024-08-31,2025-01-31,True,POW.HM,2024-04-29,33867769674190.0,0.021342,0.072981,False,POW.HM,Utilities,0.9705928389138155,False,True,True,True,True,True,False,eligible,eligible,eligible
14,2024-06,56,PVD.HM,15655933344405,2024-06-30,2024-08-31,2025-01-31,True,PVD.HM,2024-05-02,15306784351710.0,0.003781,-0.002753,False,PVD.HM,Energy,0.977698615278036,False,True,True,True,True,True,False,eligible,eligible,eligible
14,2024-06,76,PVT.HM,10072478999718,2024-06-30,2024-08-31,2025-01-31,True,PVT.HM,2024-05-01,9351191912578.0,0.070382,0.140751,False,PVT.HM,Energy,0.9283903111478123,False,True,True,True,True,True,False,eligible,eligible,eligible
14,2024-06,40,REE.HM,28561892077368,2024-06-30,2024-08-31,2025-01-31,True,REE.HM,2024-04-26,20854353493076.0,0.043416,0.065591,False,REE.HM,Industrials,0.7301460784385733,False,True,True,True,True,True,False,eligible,eligible,eligible
14,2024-06,19,SAB.HM,64817005919451,2024-06-30,2024-08-31,2025-01-31,True,SAB.HM,2024-04-25,26456856471800.0,0.053273,0.130483,False,SAB.HM,Consumer Staples,0.4081777011526621,False,True,True,True,True,True,False,eligible,eligible,eligible
14,2024-06,85,SBT.HM,8737910455403,2024-06-30,2024-08-31,2025-01-31,True,SBT.HM,2024-05-02,11322784840033.0,0.012336,0.2358,False,SBT.HM,Consumer Staples,1.2958229427759436,False,True,True,True,True,True,False,eligible,eligible,eligible
14,2024-06,91,SCS.HM,7152914046536,2024-06-30,2024-08-31,2025-01-31,True,SCS.HM,2024-04-17,1497800740745.0,0.118828,0.098929,False,SCS.HM,Industrials,0.20939727934663946,False,True,True,True,True,True,False,eligible,eligible,eligible
14,2024-06,32,SHB.HM,38530395291916,2024-06-30,2024-08-31,2025-01-31,True,SHB.HM,2024-05-02,53180974000000.0,0.076918,0.087445,False,SHB.HM,Financials,1.3802343214256567,True,True,True,True,True,True,False,eligible,eligible,eligible
14,2024-06,61,SIP.HM,14507483211721,2024-06-30,2024-08-31,2025-01-31,True,SIP.HM,2024-05-02,4286040372288.0,0.091191,0.066574,False,SIP.HM,Real Estate,0.29543652125857284,False,True,True,True,True,True,False,eligible,eligible,eligible
14,2024-06,90,SJS.HM,7175540731644,2024-06-30,2024-08-31,2025-01-31,True,SJS.HM,2024-04-26,2766611300821.0,-0.007984,-0.023973,False,SJS.HM,Real Estate,0.3855613680262863,False,True,True,True,True,True,False,eligible,eligible,eligible
14,2024-06,26,SSB.HM,51910535142966,2024-06-30,2024-08-31,2025-01-31,True,SSB.HM,2024-04-30,31565668000000.0,0.049609,0.093354,False,SSB.HM,Financials,0.6080782622075747,True,True,True,True,True,True,False,eligible,eligible,eligible
14,2024-06,28,SSI.HM,46606456913337,2024-06-30,2024-08-31,2025-01-31,True,SSI.HM,2024-05-02,24020904634948.0,0.017808,0.028219,False,SSI.HM,Financials,0.5153986427162656,True,True,True,True,True,True,False,eligible,eligible,eligible
14,2024-06,25,STB.HM,54294212620800,2024-06-30,2024-08-31,2025-01-31,True,STB.HM,2024-05-06,47908999000000.0,0.09554,0.135844,False,STB.HM,Financials,0.8823960545225066,True,True,True,True,True,True,False,eligible,eligible,eligible
14,2024-06,95,SZC.HM,6778818807285,2024-06-30,2024-08-31,2025-01-31,True,SZC.HM,2024-04-17,2971305805906.0,0.024672,0.127951,False,SZC.HM,Real Estate,0.438322057334358,False,True,True,True,True,True,False,eligible,eligible,eligible
14,2024-06,82,TAL.HM,9484749021292,2024-06-30,2024-08-31,2025-01-31,True,TAL.HM,2024-05-03,3988551004315.0,,,False,TAL.HM,Real Estate,0.4205225668450724,False,True,True,True,False,False,False,eligible,missing_operating_profitability,missing_investment
14,2024-06,8,TCB.HM,156956782171411,2024-06-30,2024-08-31,2025-01-31,True,TCB.HM,2024-04-23,137872726000000.0,0.043587,0.229114,False,TCB.HM,Financials,0.878412032233373,True,True,True,True,True,True,False,eligible,eligible,eligible
14,2024-06,66,TCH.HM,12696099782778,2024-06-30,2024-08-31,2025-01-31,True,TCH.HM,2024-05-02,,0.02159,-0.003018,False,TCH.HM,Industrials,,False,True,False,False,False,False,False,missing_or_nonpositive_book_equity,missing_or_nonpositive_book_equity,missing_or_nonpositive_book_equity
14,2024-06,92,TMS.HM,6990295212676,2024-06-30,2024-08-31,2025-01-31,True,TMS.HM,2024-05-02,4803313614909.0,0.031544,-0.02851,False,TMS.HM,Industrials,0.6871403093532887,False,True,True,True,True,True,False,eligible,eligible,eligible
14,2024-06,33,TPB.HM,35300764947105,2024-06-30,2024-08-31,2025-01-31,True,TPB.HM,2024-04-26,34190213000000.0,0.059195,0.12228,False,TPB.HM,Financials,0.9685402866263929,True,True,True,True,True,True,False,eligible,eligible,eligible
14,2024-06,99,VBB.HM,5825759577388,2024-06-30,2024-08-31,2025-01-31,True,VBB.HM,2024-05-04,6952777000000.0,0.021611,0.076703,False,VBB.HM,Financials,1.193454159520483,True,True,True,True,True,True,False,eligible,eligible,eligible
14,2024-06,1,VCB.HM,468836459320660,2024-06-30,2024-08-31,2025-01-31,True,VCB.HM,2024-05-02,173614126000000.0,0.101553,0.281861,False,VCB.HM,Financials,0.3703085000077967,True,True,True,True,True,True,False,eligible,eligible,eligible
14,2024-06,72,VCG.HM,10543531092751,2024-06-30,2024-08-31,2025-01-31,True,VCG.HM,2024-04-26,10726615572735.0,-0.00231,0.033255,False,VCG.HM,Industrials,1.0173646265538,False,True,True,True,True,True,False,eligible,eligible,eligible
14,2024-06,50,VCI.HM,19652439229885,2024-06-30,2024-08-31,2025-01-31,True,VCI.HM,2024-06-06,8177308649484.0,0.034245,-0.143873,False,VCI.HM,Financials,0.4160963712356357,True,True,True,True,True,True,False,eligible,eligible,eligible
14,2024-06,49,VGC.HM,20324298581864,2024-06-30,2024-08-31,2025-01-31,True,VGC.HM,2024-04-23,9754538961710.0,0.024023,0.043727,False,VGC.HM,Industrials,0.4799446791445131,False,True,True,True,True,True,False,eligible,eligible,eligible
14,2024-06,60,VHC.HM,14788136670730,2024-06-30,2024-08-31,2025-01-31,True,VHC.HM,2024-05-14,8330429447269.0,0.031604,0.325679,False,VHC.HM,Consumer Staples,0.5633183972229124,False,True,True,True,True,True,False,eligible,eligible,eligible
14,2024-06,7,VHM.HM,157870018442412,2024-06-30,2024-08-31,2025-01-31,True,VHM.HM,2024-05-02,196216241000000.0,0.097258,0.569574,False,VHM.HM,Real Estate,1.2428974350919961,False,True,True,True,True,True,False,eligible,eligible,eligible
14,2024-06,30,VIB.HM,44367809823740,2024-06-30,2024-08-31,2025-01-31,True,VIB.HM,2024-04-26,38415725000000.0,0.092973,0.107528,False,VIB.HM,Financials,0.8658467738798501,True,True,True,True,True,True,False,eligible,eligible,eligible
14,2024-06,6,VIC.HM,158666244260200,2024-06-30,2024-08-31,2025-01-31,True,VIC.HM,2024-05-02,157752735000000.0,0.028767,0.347872,False,VIC.HM,Real Estate,0.9942425733686497,False,True,True,True,True,True,False,eligible,eligible,eligible
14,2024-06,74,VIX.HM,10456093980469,2024-06-30,2024-08-31,2025-01-31,True,VIX.HM,2024-04-16,8991444663818.0,0.002539,0.722787,False,VIX.HM,Financials,0.8599238569023168,True,True,True,True,True,True,False,eligible,eligible,eligible
14,2024-06,24,VJC.HM,54973566799373,2024-06-30,2024-08-31,2025-01-31,True,VJC.HM,2024-05-02,16051986424025.0,-0.312967,0.317175,False,VJC.HM,Industrials,0.2919946323040491,False,True,True,True,True,True,False,eligible,eligible,eligible
14,2024-06,46,VND.HM,22263142416315,2024-06-30,2024-08-31,2025-01-31,True,VND.HM,2024-05-22,16507819526994.0,0.017496,0.047873,False,VND.HM,Financials,0.7414864989992,True,True,True,True,True,True,False,eligible,eligible,eligible
14,2024-06,13,VNM.HM,117252945552700,2024-06-30,2024-08-31,2025-01-31,True,VNM.HM,2024-04-26,35867590635494.0,0.070781,-0.090934,False,VNM.HM,Consumer Staples,0.30589927158267516,False,True,True,True,True,True,False,eligible,eligible,eligible
14,2024-06,10,VPB.HM,141539108020761,2024-06-30,2024-08-31,2025-01-31,True,VPB.HM,2024-04-25,142937410000000.0,0.075646,0.152726,False,VPB.HM,Financials,1.0098792623381088,True,True,True,True,True,True,False,eligible,eligible,eligible
14,2024-06,64,VPI.HM,12825975923970,2024-06-30,2024-08-31,2025-01-31,True,VPI.HM,2024-05-06,4036484926493.0,0.024715,0.128159,False,VPI.HM,Real Estate,0.3147117186575534,False,True,True,True,True,True,False,eligible,eligible,eligible
14,2024-06,29,VRE.HM,46468911484500,2024-06-30,2024-08-31,2025-01-31,True,VRE.HM,2024-04-26,38909077000000.0,0.032452,0.127466,False,VRE.HM,Real Estate,0.8373141473946161,False,True,True,True,True,True,False,eligible,eligible,eligible
14,2024-06,73,VSH.HM,10476459176307,2024-06-30,2024-08-31,2025-01-31,True,VSH.HM,2024-04-23,4596635130290.0,0.102085,-0.030579,False,VSH.HM,Utilities,0.43875846342106734,False,True,True,True,True,True,False,eligible,eligible,eligible
14,2024-06,79,VTP.HM,9807480052131,2024-06-30,2024-08-31,2025-01-31,True,VTP.HM,2024-05-02,1631900746964.0,0.004438,0.056175,False,VTP.HM,Industrials,0.16639348112764354,False,True,True,True,True,True,False,eligible,eligible,eligible
15,2024-12,15,ACB.HM,108715544228869,2024-12-31,2025-02-28,2025-07-31,True,ACB.HM,2024-10-24,78854261000000.0,0.075808,0.182471,False,ACB.HM,Financials,0.7253264614487442,True,True,True,True,True,True,False,eligible,eligible,eligible
15,2024-12,96,BAF.HM,6716511244712,2024-12-31,2025-02-28,2025-07-31,True,BAF.HM,2024-10-30,2833975458285.0,-0.017201,0.381588,False,BAF.HM,Consumer Staples,0.42194159363854666,False,True,True,True,True,True,False,eligible,eligible,eligible
15,2024-12,20,BCM.HM,72131959818000,2024-12-31,2025-02-28,2025-07-31,True,BCM.HM,2024-10-29,20071136796564.0,0.088005,0.10596,False,BCM.HM,Real Estate,0.2782558084822117,False,True,True,True,True,True,False,eligible,eligible,eligible
15,2024-12,85,BHN.HM,8547699268720,2024-12-31,2025-02-28,2025-07-31,True,BHN.HM,2024-10-29,5166685760623.0,0.015305,-0.011502,False,BHN.HM,Consumer Staples,0.6044533854308962,False,True,True,True,True,True,False,eligible,eligible,eligible
15,2024-12,2,BID.HM,253219185524845,2024-12-31,2025-02-28,2025-07-31,True,BID.HM,2024-10-30,138439656000000.0,0.108814,0.085004,False,BID.HM,Financials,0.5467186687022053,True,True,True,True,True,True,False,eligible,eligible,eligible
15,2024-12,83,BMP.HM,9349416955551,2024-12-31,2025-02-28,2025-07-31,True,BMP.HM,2024-10-16,2940625232710.0,0.133391,0.069039,False,BMP.HM,Industrials,0.31452498553549607,False,True,True,True,True,True,False,eligible,eligible,eligible
15,2024-12,73,BSI.HM,10840752228246,2024-12-31,2025-02-28,2025-07-31,True,BSI.HM,2024-10-19,4975546785181.0,0.01907,0.489224,False,BSI.HM,Financials,0.45896693148442413,True,True,True,True,True,True,False,eligible,eligible,eligible
15,2024-12,21,BSR.HM,69903099957184,2024-12-31,2025-02-28,2025-07-31,True,BSR.HM,2024-10-30,55623382091573.0,0.04233,0.103286,False,BSR.HM,Energy,0.7957212502112582,False,True,True,True,True,True,False,eligible,eligible,eligible
15,2024-12,100,BVB.HM,6401413114436,2024-12-31,2025-02-28,2025-07-31,True,BVB.HM,2024-10-28,6033190000000.0,0.016959,0.111506,False,BVB.HM,Financials,0.9424778392124685,True,True,True,True,True,True,False,eligible,eligible,eligible
15,2024-12,33,BVH.HM,36926668702736,2024-12-31,2025-02-28,2025-07-31,True,BVH.HM,2024-10-31,23752814310919.0,0.6889,0.096386,False,BVH.HM,Financials,0.6432428146208349,True,True,True,True,True,True,False,eligible,eligible,eligible
15,2024-12,78,BWE.HM,9870942012267,2024-12-31,2025-02-28,2025-07-31,True,BWE.HM,2024-10-28,5358970243956.0,0.036564,0.213714,False,BWE.HM,Utilities,0.542903629389799,False,True,True,True,True,True,False,eligible,eligible,eligible
15,2024-12,76,CMG.HM,10408476654257,2024-12-31,2025-02-28,2025-07-31,True,CMG.HM,2024-10-30,3433708514159.0,0.0468,0.051465,False,CMG.HM,Information Technology,0.32989539470741236,False,True,True,True,True,True,False,eligible,eligible,eligible
15,2024-12,95,CTD.HM,6784897328349,2024-12-31,2025-02-28,2025-07-31,True,CTD.HM,2024-10-30,8680559203655.0,0.007799,0.141552,False,CTD.HM,Industrials,1.2793943347359804,False,True,True,True,True,True,False,eligible,eligible,eligible
15,2024-12,3,CTG.HM,198303568916936,2024-12-31,2025-02-28,2025-07-31,True,CTG.HM,2024-10-30,140985956000000.0,0.082982,0.123729,False,CTG.HM,Financials,0.7109602553802509,True,True,True,True,True,True,False,eligible,eligible,eligible
15,2024-12,61,CTR.HM,13655098429761,2024-12-31,2025-02-28,2025-07-31,True,CTR.HM,2024-10-28,1690602439707.0,0.094108,0.153629,False,CTR.HM,Industrials,0.12380741511334459,False,True,True,True,True,True,False,eligible,eligible,eligible
15,2024-12,84,DBC.HM,9173734917268,2024-12-31,2025-02-28,2025-07-31,True,DBC.HM,2024-10-15,6527209342314.0,0.001303,0.002898,False,DBC.HM,Consumer Staples,0.7115105680705506,False,True,True,True,True,True,False,eligible,eligible,eligible
15,2024-12,53,DCM.HM,17801047259440,2024-12-31,2025-02-28,2025-07-31,True,DCM.HM,2024-10-28,9894530787487.0,0.055316,0.075606,False,DCM.HM,Materials,0.5558398134267001,False,True,True,True,True,True,False,eligible,eligible,eligible
15,2024-12,30,DGC.HM,42426784610115,2024-12-31,2025-02-28,2025-07-31,True,DGC.HM,2024-10-22,14141153848016.0,0.06581,0.163767,False,DGC.HM,Materials,0.33330722509300403,False,True,True,True,True,True,False,eligible,eligible,eligible
15,2024-12,87,DGW.HM,8472299449929,2024-12-31,2025-02-28,2025-07-31,True,DGW.HM,2024-10-29,2840620909351.0,0.032931,0.173649,False,DGW.HM,Information Technology,0.33528334617289823,False,True,True,True,True,True,False,eligible,eligible,eligible
15,2024-12,68,DHG.HM,12190180144378,2024-12-31,2025-02-28,2025-07-31,True,DHG.HM,2024-10-21,4409547170507.0,0.064088,0.182325,False,DHG.HM,Health Care,0.3617294509417601,False,True,True,True,True,True,False,eligible,eligible,eligible
15,2024-12,70,DIG.HM,11526201506063,2024-12-31,2025-02-28,2025-07-31,True,DIG.HM,2024-10-11,7949196772122.0,0.004454,0.141025,False,DIG.HM,Industrials,0.6896631789701553,False,True,True,True,True,True,False,eligible,eligible,eligible
15,2024-12,63,DPM.HM,13169907685799,2024-12-31,2025-02-28,2025-07-31,True,DPM.HM,2024-10-30,11232802560158.0,0.010732,-0.248013,False,DPM.HM,Materials,0.8529142973621778,False,True,True,True,True,True,False,eligible,eligible,eligible
15,2024-12,86,DSE.HM,8500140192051,2024-12-31,2025-02-28,2025-07-31,True,DSE.HM,2024-10-19,4161712851291.0,0.021842,0.161787,False,DSE.HM,Financials,0.4896052014745441,True,True,True,True,True,True,False,eligible,eligible,eligible
15,2024-12,71,DXG.HM,11242970450492,2024-12-31,2025-02-28,2025-07-31,True,DXG.HM,2024-10-31,15634789403081.0,0.016405,-0.0506,False,DXG.HM,Real Estate,1.3906279903454528,False,True,True,True,True,True,False,eligible,eligible,eligible
15,2024-12,36,EIB.HM,35950507715100,2024-12-31,2025-02-28,2025-07-31,True,EIB.HM,2024-10-25,24176470000000.0,0.02771,0.08841,False,EIB.HM,Financials,0.6724931450646899,True,True,True,True,True,True,False,eligible,eligible,eligible
15,2024-12,94,EVF.HM,6921148798200,2024-12-31,2025-02-28,2025-07-31,True,EVF.HM,2024-10-21,8875981000000.0,0.018682,0.166435,False,EVF.HM,Financials,1.2824433137903923,True,True,True,True,True,True,False,eligible,eligible,eligible
15,2024-12,4,FPT.HM,197412018913364,2024-12-31,2025-02-28,2025-07-31,True,FPT.HM,2024-10-24,35364184226425.0,0.085096,0.167132,False,FPT.HM,Information Technology,0.17913896236451987,False,True,True,True,True,True,False,eligible,eligible,eligible
15,2024-12,43,FRT.HM,24082465357723,2024-12-31,2025-02-28,2025-07-31,True,FRT.HM,2024-10-30,1991008429872.0,-0.056503,0.244651,False,FRT.HM,Consumer Discretionary,0.08267460994119126,False,True,True,True,True,True,False,eligible,eligible,eligible
15,2024-12,67,FTS.HM,12540775055132,2024-12-31,2025-02-28,2025-07-31,True,FTS.HM,2024-10-18,3958456426316.0,0.04552,0.557241,False,FTS.HM,Financials,0.3156468726146316,True,True,True,True,True,True,False,eligible,eligible,eligible
15,2024-12,10,GAS.HM,150446808005942,2024-12-31,2025-02-28,2025-07-31,True,GAS.HM,2024-10-30,59656855461806.0,0.050519,0.061597,False,GAS.HM,Utilities,0.39653121427109184,False,True,True,True,True,True,False,eligible,eligible,eligible
15,2024-12,81,GEE.HM,9612642989250,2024-12-31,2025-02-28,2025-07-31,True,GEE.HM,2024-10-30,6664612005508.0,0.042146,-0.212214,False,GEE.HM,Industrials,0.6933173335326362,False,True,True,True,True,True,False,eligible,eligible,eligible
15,2024-12,58,GEX.HM,15713167553260,2024-12-31,2025-02-28,2025-07-31,True,GEX.HM,2024-10-28,22623069250377.0,0.001847,0.05139,False,GEX.HM,Industrials,1.4397523079732837,False,True,True,True,True,True,False,eligible,eligible,eligible
15,2024-12,42,GMD.HM,25384650586195,2024-12-31,2025-02-28,2025-07-31,True,GMD.HM,2024-10-29,10528207085104.0,0.013426,0.039551,False,GMD.HM,Industrials,0.41474697669581406,False,True,True,True,True,True,False,eligible,eligible,eligible
15,2024-12,13,GVR.HM,119693116000000,2024-12-31,2025-02-28,2025-07-31,True,GVR.HM,2024-10-11,57412870513227.0,0.019008,-0.004918,False,GVR.HM,Materials,0.47966727270453047,False,True,True,True,True,True,False,eligible,eligible,eligible
15,2024-12,65,HAG.HM,12741661360150,2024-12-31,2025-02-28,2025-07-31,True,HAG.HM,2024-10-18,8959833115000.0,0.154769,0.055806,False,HAG.HM,Consumer Staples,0.7031919042380296,False,True,True,True,True,True,False,eligible,eligible,eligible
15,2024-12,49,HCM.HM,19881963910173,2024-12-31,2025-02-28,2025-07-31,True,HCM.HM,2024-10-19,10056892042468.0,0.046364,0.159496,False,HCM.HM,Financials,0.50582991136616,True,True,True,True,True,True,False,eligible,eligible,eligible
15,2024-12,17,HDB.HM,89124063277567,2024-12-31,2025-02-28,2025-07-31,True,HDB.HM,2024-10-29,53583975000000.0,0.123631,0.446923,False,HDB.HM,Financials,0.6012290399408593,True,True,True,True,True,True,False,eligible,eligible,eligible
15,2024-12,82,HDG.HM,9413046555720,2024-12-31,2025-02-28,2025-07-31,True,HDG.HM,2024-10-31,7555727527731.0,0.050404,-0.044129,False,HDG.HM,Industrials,0.8026867266623293,False,True,True,True,True,True,False,eligible,eligible,eligible
15,2024-12,6,HPG.HM,167399748508658,2024-12-31,2025-02-28,2025-07-31,True,HPG.HM,2024-10-31,111779097236460.0,0.032984,0.102428,False,HPG.HM,Materials,0.6677375457985155,False,True,True,True,True,True,False,eligible,eligible,eligible
15,2024-12,72,HSG.HM,11131641506658,2024-12-31,2025-02-28,2025-07-31,True,HSG.HM,2024-10-31,10916937055537.0,0.007881,0.177571,False,HSG.HM,Materials,0.9807122380834326,False,True,True,True,True,True,False,eligible,eligible,eligible
15,2024-12,24,HVN.HM,63442411204790,2024-12-31,2025-02-28,2025-07-31,True,HVN.HM,2024-10-11,-11086807371050.0,,-0.048144,False,HVN.HM,Industrials,-0.1747538777374358,False,True,False,False,False,False,False,missing_or_nonpositive_book_equity,missing_or_nonpositive_book_equity,missing_or_nonpositive_book_equity
15,2024-12,92,IMP.HM,7064681001419,2024-12-31,2025-02-28,2025-07-31,True,IMP.HM,2024-10-19,2150072799792.0,0.047258,0.050801,False,IMP.HM,Health Care,0.30434110179357565,False,True,True,True,True,True,False,eligible,eligible,eligible
15,2024-12,47,KBC.HM,20878849444800,2024-12-31,2025-02-28,2025-07-31,True,KBC.HM,2024-10-31,20618134705559.0,0.011202,-0.042178,False,KBC.HM,Real Estate,0.9875129738384156,False,True,True,True,True,True,False,eligible,eligible,eligible
15,2024-12,55,KDC.HM,16528786532718,2024-12-31,2025-02-28,2025-07-31,True,KDC.HM,2024-10-30,7226531347751.0,0.022488,-0.11523,False,KDC.HM,Consumer Staples,0.43720882555088975,False,True,True,True,True,True,False,eligible,eligible,eligible
15,2024-12,34,KDH.HM,36502250197497,2024-12-31,2025-02-28,2025-07-31,True,KDH.HM,2024-10-30,18882913295000.0,0.013669,0.229417,False,KDH.HM,Real Estate,0.5173081986133233,False,True,True,True,True,True,False,eligible,eligible,eligible
15,2024-12,89,KOS.HM,8323707330750,2024-12-31,2025-02-28,2025-07-31,True,KOS.HM,2024-10-30,2330946201888.0,0.003659,-0.017078,False,KOS.HM,Real Estate,0.28003702067669556,False,True,True,True,True,True,False,eligible,eligible,eligible
15,2024-12,64,LGC.HM,12927434213685,2024-12-31,2025-02-28,2025-07-31,True,LGC.HM,2024-10-30,5595512698958.0,0.042391,0.797141,False,LGC.HM,Industrials,0.43284016042677537,False,True,True,True,True,True,False,eligible,eligible,eligible
15,2024-12,19,LPB.HM,82171846993075,2024-12-31,2025-02-28,2025-07-31,True,LPB.HM,2024-10-19,40668484000000.0,0.138999,0.168171,False,LPB.HM,Financials,0.49491992072938706,True,True,True,True,True,True,False,eligible,eligible,eligible
15,2024-12,12,MBB.HM,127167602254724,2024-12-31,2025-02-28,2025-07-31,True,MBB.HM,2024-10-29,110023198000000.0,0.073467,0.297065,False,MBB.HM,Financials,0.8651826097940986,True,True,True,True,True,True,False,eligible,eligible,eligible
15,2024-12,5,MCH.HM,176835238747732,2024-12-31,2025-02-28,2025-07-31,True,MCH.HM,2024-10-25,15844614222278.0,0.098184,0.209927,False,MCH.HM,Consumer Staples,0.08960099997309623,False,True,True,True,True,True,False,eligible,eligible,eligible
15,2024-12,39,MSB.HM,30289975891018,2024-12-31,2025-02-28,2025-07-31,True,MSB.HM,2024-10-30,35232591000000.0,0.037093,0.254869,False,MSB.HM,Financials,1.1631765943546906,True,True,True,True,True,True,False,eligible,eligible,eligible
15,2024-12,16,MSN.HM,105904966090000,2024-12-31,2025-02-28,2025-07-31,True,MSN.HM,2024-10-24,41180303000000.0,-0.006318,0.042738,False,MSN.HM,Consumer Staples,0.3888420394281059,False,True,True,True,True,True,False,eligible,eligible,eligible
15,2024-12,18,MWG.HM,86538117561397,2024-12-31,2025-02-28,2025-07-31,True,MWG.HM,2024-10-30,27275564730745.0,0.019236,0.076604,False,MWG.HM,Consumer Discretionary,0.3151855563693485,False,True,True,True,True,True,False,eligible,eligible,eligible
15,2024-12,45,NAB.HM,21892172568794,2024-12-31,2025-02-28,2025-07-31,True,NAB.HM,2024-10-29,17815490000000.0,0.095079,0.18199,False,NAB.HM,Financials,0.8137835540998306,True,True,True,True,True,True,False,eligible,eligible,eligible
15,2024-12,62,NLG.HM,13616570935853,2024-12-31,2025-02-28,2025-07-31,True,NLG.HM,2024-10-21,13244465320720.0,0.021785,0.056361,False,NLG.HM,Real Estate,0.97267259011935,False,True,True,True,True,True,False,eligible,eligible,eligible
15,2024-12,48,NVL.HM,19988581005734,2024-12-31,2025-02-28,2025-07-31,True,NVL.HM,2024-10-30,40623397201825.0,0.019061,-0.063043,False,NVL.HM,Real Estate,2.0323302184468033,False,True,True,True,True,True,False,eligible,eligible,eligible
15,2024-12,41,OCB.HM,26663142181172,2024-12-31,2025-02-28,2025-07-31,True,OCB.HM,2024-10-28,30493995279290.0,0.032174,0.237739,False,OCB.HM,Financials,1.1436759805760301,True,True,True,True,True,True,False,eligible,eligible,eligible
15,2024-12,90,PC1.HM,8190002520412,2024-12-31,2025-02-28,2025-07-31,True,PC1.HM,2024-10-30,7626742717299.0,0.013342,-0.069853,False,PC1.HM,Industrials,0.9312259304305238,False,True,True,True,True,True,False,eligible,eligible,eligible
15,2024-12,50,PDR.HM,18074001075087,2024-12-31,2025-02-28,2025-07-31,True,PDR.HM,2024-10-11,11057024735618.0,-0.009219,-0.077724,False,PDR.HM,Real Estate,0.6117640853114078,False,True,True,True,True,True,False,eligible,eligible,eligible
15,2024-12,46,PGV.HM,21761095268384,2024-12-31,2025-02-28,2025-07-31,True,PGV.HM,2024-10-30,15096358468762.0,-0.021691,-0.112506,False,PGV.HM,Utilities,0.6937315554467985,False,True,True,True,True,True,False,eligible,eligible,eligible
15,2024-12,93,PHR.HM,7036921583487,2024-12-31,2025-02-28,2025-07-31,True,PHR.HM,2024-10-29,4093486898018.0,0.020888,-0.027279,False,PHR.HM,Materials,0.5817155768260753,False,True,True,True,True,True,False,eligible,eligible,eligible
15,2024-12,29,PLX.HM,46101914536293,2024-12-31,2025-02-28,2025-07-31,True,PLX.HM,2024-10-30,28675033861505.0,0.018212,0.069822,False,PLX.HM,Energy,0.6219922567192092,False,True,True,True,True,True,False,eligible,eligible,eligible
15,2024-12,37,PNJ.HM,32034025792290,2024-12-31,2025-02-28,2025-07-31,True,PNJ.HM,2024-12-18,10524432015303.0,0.080972,0.081759,False,PNJ.HM,Consumer Discretionary,0.3285391628121882,False,True,True,True,True,True,False,eligible,eligible,eligible
15,2024-12,40,POW.HM,28102469974552,2024-12-31,2025-02-28,2025-07-31,True,POW.HM,2024-10-30,34642039841484.0,0.024114,0.237827,False,POW.HM,Utilities,1.2327044517031371,False,True,True,True,True,True,False,eligible,eligible,eligible
15,2024-12,66,PVD.HM,12720445842387,2024-12-31,2025-02-28,2025-07-31,True,PVD.HM,2024-10-31,15472109149600.0,-0.008139,0.044861,False,PVD.HM,Energy,1.216318149639372,False,True,True,True,True,True,False,eligible,eligible,eligible
15,2024-12,79,PVT.HM,9861554169319,2024-12-31,2025-02-28,2025-07-31,True,PVT.HM,2024-10-30,10124395742399.0,0.031361,0.227223,False,PVT.HM,Energy,1.026653159184355,False,True,True,True,True,True,False,eligible,eligible,eligible
15,2024-12,38,REE.HM,31046507447320,2024-12-31,2025-02-28,2025-07-31,True,REE.HM,2024-10-30,21788041563654.0,0.018802,0.029419,False,REE.HM,Industrials,0.7017872010442446,False,True,True,True,True,True,False,eligible,eligible,eligible
15,2024-12,23,SAB.HM,64225960618681,2024-12-31,2025-02-28,2025-07-31,True,SAB.HM,2024-10-30,26221689876086.0,0.048386,-0.011851,False,SAB.HM,Consumer Staples,0.4082724434713875,False,True,True,True,True,True,False,eligible,eligible,eligible
15,2024-12,80,SBT.HM,9700561607298,2024-12-31,2025-02-28,2025-07-31,True,SBT.HM,2024-10-31,10949617906654.0,0.015845,0.175397,False,SBT.HM,Consumer Staples,1.1287612356810661,False,True,True,True,True,True,False,eligible,eligible,eligible
15,2024-12,98,SCS.HM,6545964732357,2024-12-31,2025-02-28,2025-07-31,True,SCS.HM,2024-10-19,1539398926498.0,0.10989,0.094774,False,SCS.HM,Industrials,0.23516761691193988,False,True,True,True,True,True,False,eligible,eligible,eligible
15,2024-12,35,SHB.HM,36169701557446,2024-12-31,2025-02-28,2025-07-31,True,SHB.HM,2024-10-30,55751069000000.0,0.077889,0.144484,False,SHB.HM,Financials,1.5413748690033888,True,True,True,True,True,True,False,eligible,eligible,eligible
15,2024-12,57,SIP.HM,15874962458800,2024-12-31,2025-02-28,2025-07-31,True,SIP.HM,2024-10-30,4710670632603.0,0.085813,0.108244,False,SIP.HM,Real Estate,0.29673585968020505,False,True,True,True,True,True,False,eligible,eligible,eligible
15,2024-12,88,SJS.HM,8428412923033,2024-12-31,2025-02-28,2025-07-31,True,SJS.HM,2024-10-23,2868761761562.0,0.035794,0.102434,False,SJS.HM,Real Estate,0.3403679658031828,False,True,True,True,True,True,False,eligible,eligible,eligible
15,2024-12,28,SSB.HM,47486225387711,2024-12-31,2025-02-28,2025-07-31,True,SSB.HM,2024-10-30,33777668000000.0,0.058001,0.149937,False,SSB.HM,Financials,0.7113150755659209,True,True,True,True,True,True,False,eligible,eligible,eligible
15,2024-12,27,SSI.HM,47802877179436,2024-12-31,2025-02-28,2025-07-31,True,SSI.HM,2024-10-19,24114807061899.0,0.031412,0.325792,False,SSI.HM,Financials,0.5044635069010613,True,True,True,True,True,True,False,eligible,eligible,eligible
15,2024-12,22,STB.HM,69564459920400,2024-12-31,2025-02-28,2025-07-31,True,STB.HM,2024-10-29,51280500000000.0,0.071523,0.139349,False,STB.HM,Financials,0.7371652142297712,True,True,True,True,True,True,False,eligible,eligible,eligible
15,2024-12,91,SZC.HM,7417339804617,2024-12-31,2025-02-28,2025-07-31,True,SZC.HM,2024-10-16,3030319590096.0,0.037468,0.098837,False,SZC.HM,Real Estate,0.408545336996661,False,True,True,True,True,True,False,eligible,eligible,eligible
15,2024-12,69,TAL.HM,11873434498443,2024-12-31,2025-02-28,2025-07-31,True,TAL.HM,2024-10-30,3710898640739.0,0.14655,,False,TAL.HM,Real Estate,0.31253793005095715,False,True,True,True,True,False,False,eligible,eligible,missing_investment
15,2024-12,7,TCB.HM,166161669521914,2024-12-31,2025-02-28,2025-07-31,True,TCB.HM,2024-10-21,144367982000000.0,0.053751,0.215225,False,TCB.HM,Financials,0.8688404637205468,True,True,True,True,True,True,False,eligible,eligible,eligible
15,2024-12,77,TCH.HM,10123469037089,2024-12-31,2025-02-28,2025-07-31,True,TCH.HM,2024-10-29,,0.048259,0.172212,False,TCH.HM,Industrials,,False,True,False,False,False,False,False,missing_or_nonpositive_book_equity,missing_or_nonpositive_book_equity,missing_or_nonpositive_book_equity
15,2024-12,99,TMS.HM,6410421784497,2024-12-31,2025-02-28,2025-07-31,True,TMS.HM,2024-10-31,4800360795236.0,0.009002,0.435945,False,TMS.HM,Industrials,0.7488369652750806,False,True,True,True,True,True,False,eligible,eligible,eligible
15,2024-12,31,TPB.HM,41006279694987,2024-12-31,2025-02-28,2025-07-31,True,TPB.HM,2024-10-30,36311082000000.0,0.080683,0.085201,False,TPB.HM,Financials,0.885500520166403,True,True,True,True,True,True,False,eligible,eligible,eligible
15,2024-12,97,VBB.HM,6568255968696,2024-12-31,2025-02-28,2025-07-31,True,VBB.HM,2024-10-31,8453484000000.0,0.052836,0.242137,False,VBB.HM,Financials,1.2870210966638493,True,True,True,True,True,True,False,eligible,eligible,eligible
15,2024-12,1,VCB.HM,501853111385260,2024-12-31,2025-02-28,2025-07-31,True,VCB.HM,2024-10-31,190297001000000.0,0.059331,0.014284,False,VCB.HM,Financials,0.37918864441175854,True,True,True,True,True,True,False,eligible,eligible,eligible
15,2024-12,75,VCG.HM,10485758319737,2024-12-31,2025-02-28,2025-07-31,True,VCG.HM,2024-10-30,10936866802084.0,0.023354,-0.04078,False,VCG.HM,Industrials,1.0430210642465307,False,True,True,True,True,True,False,eligible,eligible,eligible
15,2024-12,44,VCI.HM,23204165376604,2024-12-31,2025-02-28,2025-07-31,True,VCI.HM,2024-10-19,8642052295446.0,0.022402,0.211503,False,VCI.HM,Financials,0.3724353862845461,True,True,True,True,True,True,False,eligible,eligible,eligible
15,2024-12,52,VGC.HM,18063240579662,2024-12-31,2025-02-28,2025-07-31,True,VGC.HM,2024-10-23,9953550457408.0,-0.002795,0.049709,False,VGC.HM,Industrials,0.5510390238955811,False,True,True,True,True,True,False,eligible,eligible,eligible
15,2024-12,59,VHC.HM,15292057355141,2024-12-31,2025-02-28,2025-07-31,True,VHC.HM,2024-10-24,9009801143761.0,0.010908,0.031015,False,VHC.HM,Consumer Staples,0.5891817519721777,False,True,True,True,True,True,False,eligible,eligible,eligible
15,2024-12,8,VHM.HM,158211431424314,2024-12-31,2025-02-28,2025-07-31,True,VHM.HM,2024-10-30,215965734000000.0,-0.006539,0.228898,False,VHM.HM,Real Estate,1.3650450669445766,False,True,True,True,True,True,False,eligible,eligible,eligible
15,2024-12,26,VIB.HM,48878342000375,2024-12-31,2025-02-28,2025-07-31,True,VIB.HM,2024-10-30,39942085000000.0,0.097466,0.19569,False,VIB.HM,Financials,0.8171734834969149,True,True,True,True,True,True,False,eligible,eligible,eligible
15,2024-12,9,VIC.HM,156163014678425,2024-12-31,2025-02-28,2025-07-31,True,VIC.HM,2024-10-31,164256879000000.0,-0.082715,0.1563,False,VIC.HM,Real Estate,1.051829585502317,False,True,True,True,True,True,False,eligible,eligible,eligible
15,2024-12,60,VIX.HM,13682240862004,2024-12-31,2025-02-28,2025-07-31,True,VIX.HM,2024-10-15,15932540535676.0,0.014691,0.11521,False,VIX.HM,Financials,1.164468649278142,True,True,True,True,True,True,False,eligible,eligible,eligible
15,2024-12,25,VJC.HM,54161149556032,2024-12-31,2025-02-28,2025-07-31,True,VJC.HM,2024-10-31,16723207516737.0,-0.145068,0.277621,False,VJC.HM,Industrials,0.30876758809257054,False,True,True,True,True,True,False,eligible,eligible,eligible
15,2024-12,51,VND.HM,18072088481764,2024-12-31,2025-02-28,2025-07-31,True,VND.HM,2024-10-21,19463749405460.0,0.04631,0.073873,False,VND.HM,Financials,1.077006092854198,True,True,True,True,True,True,False,eligible,eligible,eligible
15,2024-12,14,VNM.HM,118359617296967,2024-12-31,2025-02-28,2025-07-31,True,VNM.HM,2024-10-31,35244275911882.0,0.078209,0.086437,False,VNM.HM,Consumer Staples,0.2977728106661016,False,True,True,True,True,True,False,eligible,eligible,eligible
15,2024-12,11,VPB.HM,145713183598585,2024-12-31,2025-02-28,2025-07-31,True,VPB.HM,2024-10-29,142239874000000.0,0.066087,0.295642,False,VPB.HM,Financials,0.97616338128914,True,True,True,True,True,True,False,eligible,eligible,eligible
15,2024-12,54,VPI.HM,17399060562270,2024-12-31,2025-02-28,2025-07-31,True,VPI.HM,2024-10-29,4173756330360.0,-0.001326,0.129314,False,VPI.HM,Real Estate,0.23988400496810866,False,True,True,True,True,True,False,eligible,eligible,eligible
15,2024-12,32,VRE.HM,37635646212228,2024-12-31,2025-02-28,2025-07-31,True,VRE.HM,2024-10-30,40837310000000.0,0.036254,0.115984,False,VRE.HM,Real Estate,1.085069983114353,False,True,True,True,True,True,False,eligible,eligible,eligible
15,2024-12,74,VSH.HM,10622798364921,2024-12-31,2025-02-28,2025-07-31,True,VSH.HM,2024-10-24,4736239220725.0,0.053664,-0.01824,False,VSH.HM,Utilities,0.4458560784101095,False,True,True,True,True,True,False,eligible,eligible,eligible
15,2024-12,56,VTP.HM,16485537799487,2024-12-31,2025-02-28,2025-07-31,True,VTP.HM,2024-10-31,1494069425675.0,0.082875,0.122005,False,VTP.HM,Industrials,0.09062909829496085,False,True,True,True,True,True,False,eligible,eligible,eligible
16,2025-06,17,ACB.HM,106853229214568,2025-06-30,2025-08-31,2026-01-31,True,ACB.HM,2025-04-23,87074577000000.0,0.075808,0.182471,False,ACB.HM,Financials,0.8148988817656486,True,True,True,True,True,True,False,eligible,eligible,eligible
16,2025-06,80,BAF.HM,10701566748178,2025-06-30,2025-08-31,2026-01-31,True,BAF.HM,2025-04-30,3069297772894.0,-0.017201,0.381588,False,BAF.HM,Consumer Staples,0.28680826323085495,False,True,True,True,True,True,False,eligible,eligible,eligible
16,2025-06,23,BCM.HM,65315540484000,2025-06-30,2025-08-31,2026-01-31,True,BCM.HM,2025-04-28,21044759699021.0,0.088005,0.10596,False,BCM.HM,Real Estate,0.322201417045247,False,True,True,True,True,True,False,eligible,eligible,eligible
16,2025-06,88,BHN.HM,8507060000000,2025-06-30,2025-08-31,2026-01-31,True,BHN.HM,2025-04-30,4961181779770.0,0.015305,-0.011502,False,BHN.HM,Consumer Staples,0.5831840588605229,False,True,True,True,True,True,False,eligible,eligible,eligible
16,2025-06,4,BID.HM,249185048353366,2025-06-30,2025-08-31,2026-01-31,True,BID.HM,2025-04-28,155906310000000.0,0.108814,0.085004,False,BID.HM,Financials,0.625664786190989,True,True,True,True,True,True,False,eligible,eligible,eligible
16,2025-06,81,BMP.HM,10450444046323,2025-06-30,2025-08-31,2026-01-31,True,BMP.HM,2025-04-22,2988609308203.0,0.133391,0.069039,False,BMP.HM,Industrials,0.2859791693975478,False,True,True,True,True,True,False,eligible,eligible,eligible
16,2025-06,84,BSI.HM,10072272956182,2025-06-30,2025-08-31,2026-01-31,True,BSI.HM,2025-04-18,5137215799647.0,0.01907,0.489224,False,BSI.HM,Financials,0.5100354033290928,True,True,True,True,True,True,False,eligible,eligible,eligible
16,2025-06,24,BSR.HM,54726769049083,2025-06-30,2025-08-31,2026-01-31,True,BSR.HM,2025-05-05,55937459091384.0,0.04233,0.103286,False,BSR.HM,Energy,1.022122446900075,False,True,True,True,True,True,False,eligible,eligible,eligible
16,2025-06,95,BVB.HM,8138411257139,2025-06-30,2025-08-31,2026-01-31,True,BVB.HM,2025-04-29,6219211000000.0,0.016959,0.111506,False,BVB.HM,Financials,0.7641799859333134,True,True,True,True,True,True,False,eligible,eligible,eligible
16,2025-06,34,BVH.HM,38674676688665,2025-06-30,2025-08-31,2026-01-31,True,BVH.HM,2025-04-30,24272717744815.0,0.6889,0.096386,False,BVH.HM,Financials,0.627612686725549,True,True,True,True,True,True,False,eligible,eligible,eligible
16,2025-06,83,BWE.HM,10248841041025,2025-06-30,2025-08-31,2026-01-31,True,BWE.HM,2025-04-28,5289192177759.0,0.036564,0.213714,False,BWE.HM,Utilities,0.5160771014582953,False,True,True,True,True,True,False,eligible,eligible,eligible
16,2025-06,98,CII.HM,7914558687020,2025-06-30,2025-08-31,2026-01-31,True,CII.HM,2025-04-30,11535744993935.0,0.006226,0.161929,False,CII.HM,Industrials,1.4575348354992683,False,True,True,True,True,True,False,eligible,eligible,eligible
16,2025-06,87,CMG.HM,8726724175491,2025-06-30,2025-08-31,2026-01-31,True,CMG.HM,2025-04-30,3677515665164.0,0.0468,0.051465,False,CMG.HM,Information Technology,0.42140849088507926,False,True,True,True,True,True,False,eligible,eligible,eligible
16,2025-06,89,CTD.HM,8444086194643,2025-06-30,2025-08-31,2026-01-31,True,CTD.HM,2025-05-05,8746494659303.0,0.007799,0.141552,False,CTD.HM,Industrials,1.0358130480538972,False,True,True,True,True,True,False,eligible,eligible,eligible
16,2025-06,6,CTG.HM,219812686181728,2025-06-30,2025-08-31,2026-01-31,True,CTG.HM,2025-04-30,153982172000000.0,0.082982,0.123729,False,CTG.HM,Financials,0.7005154009750681,True,True,True,True,True,True,False,eligible,eligible,eligible
16,2025-06,76,CTR.HM,11275053161240,2025-06-30,2025-08-31,2026-01-31,True,CTR.HM,2025-05-28,2005663726933.0,0.094108,0.153629,False,CTR.HM,Industrials,0.17788507940945464,False,True,True,True,True,True,False,eligible,eligible,eligible
16,2025-06,77,DBC.HM,11239891430279,2025-06-30,2025-08-31,2026-01-31,True,DBC.HM,2025-04-22,7234389968064.0,0.001303,0.002898,False,DBC.HM,Consumer Staples,0.6436352177366562,False,True,True,True,True,True,False,eligible,eligible,eligible
16,2025-06,57,DCM.HM,16867208635400,2025-06-30,2025-08-31,2026-01-31,True,DCM.HM,2025-04-25,10564764380096.0,0.055316,0.075606,False,DCM.HM,Materials,0.6263493034599237,False,True,True,True,True,True,False,eligible,eligible,eligible
16,2025-06,35,DGC.HM,37005180058737,2025-06-30,2025-08-31,2026-01-31,True,DGC.HM,2025-04-21,14314595324358.0,0.06581,0.163767,False,DGC.HM,Materials,0.38682679834652756,False,True,True,True,True,True,False,eligible,eligible,eligible
16,2025-06,85,DGW.HM,9415172625747,2025-06-30,2025-08-31,2026-01-31,True,DGW.HM,2025-04-28,3116161320777.0,0.032931,0.173649,False,DGW.HM,Information Technology,0.3309722980814453,False,True,True,True,True,True,False,eligible,eligible,eligible
16,2025-06,72,DHG.HM,12395763091981,2025-06-30,2025-08-31,2026-01-31,True,DHG.HM,2025-05-09,4360994946781.0,0.064088,0.182325,False,DHG.HM,Health Care,0.351813350611887,False,True,True,True,True,True,False,eligible,eligible,eligible
16,2025-06,74,DIG.HM,11441833680411,2025-06-30,2025-08-31,2026-01-31,True,DIG.HM,2025-04-30,7982631734533.0,0.004454,0.141025,False,DIG.HM,Industrials,0.697670666914139,False,True,True,True,True,True,False,eligible,eligible,eligible
16,2025-06,67,DPM.HM,13564169944324,2025-06-30,2025-08-31,2026-01-31,True,DPM.HM,2025-04-29,11389004741794.0,0.010732,-0.248013,False,DPM.HM,Materials,0.839638900761472,False,True,True,True,True,True,False,eligible,eligible,eligible
16,2025-06,56,DXG.HM,17219143131664,2025-06-30,2025-08-31,2026-01-31,True,DXG.HM,2025-04-29,17082405821096.0,0.016405,-0.0506,False,DXG.HM,Real Estate,0.9920589944852392,False,True,True,True,True,True,False,eligible,eligible,eligible
16,2025-06,33,EIB.HM,42563165869950,2025-06-30,2025-08-31,2026-01-31,True,EIB.HM,2025-04-30,25757442000000.0,0.02771,0.08841,False,EIB.HM,Financials,0.6051580391999224,True,True,True,True,True,True,False,eligible,eligible,eligible
16,2025-06,97,EVF.HM,7985940921000,2025-06-30,2025-08-31,2026-01-31,True,EVF.HM,2025-04-21,9247668000000.0,0.018682,0.166435,False,EVF.HM,Financials,1.1579935403331292,True,True,True,True,True,True,False,eligible,eligible,eligible
16,2025-06,9,FPT.HM,155395835745939,2025-06-30,2025-08-31,2026-01-31,True,FPT.HM,2025-04-23,37896654696942.0,0.085096,0.167132,False,FPT.HM,Information Technology,0.24387175187178312,False,True,True,True,True,True,False,eligible,eligible,eligible
16,2025-06,49,FRT.HM,24414637389265,2025-06-30,2025-08-31,2026-01-31,True,FRT.HM,2025-04-30,2332597319875.0,-0.056503,0.244651,False,FRT.HM,Consumer Discretionary,0.09554093647528969,False,True,True,True,True,True,False,eligible,eligible,eligible
16,2025-06,71,FTS.HM,12838057924043,2025-06-30,2025-08-31,2026-01-31,True,FTS.HM,2025-04-21,4270935708595.0,0.04552,0.557241,False,FTS.HM,Financials,0.33267770981126593,True,True,True,True,True,True,False,eligible,eligible,eligible
16,2025-06,11,GAS.HM,149784046736524,2025-06-30,2025-08-31,2026-01-31,True,GAS.HM,2025-04-30,64327188590115.0,0.050519,0.061597,False,GAS.HM,Utilities,0.42946622148131064,False,True,True,True,True,True,False,eligible,eligible,eligible
16,2025-06,38,GEE.HM,34085380673329,2025-06-30,2025-08-31,2026-01-31,True,GEE.HM,2025-04-17,7444595161930.0,0.042146,-0.212214,False,GEE.HM,Industrials,0.21841021032677563,False,True,True,True,True,True,False,eligible,eligible,eligible
16,2025-06,39,GEX.HM,33227464186347,2025-06-30,2025-08-31,2026-01-31,True,GEX.HM,2025-04-22,24703943359040.0,0.001847,0.05139,False,GEX.HM,Industrials,0.7434796474535281,False,True,True,True,True,True,False,eligible,eligible,eligible
16,2025-06,51,GMD.HM,22880639555899,2025-06-30,2025-08-31,2026-01-31,True,GMD.HM,2025-04-22,14101154449221.0,0.013426,0.039551,False,GMD.HM,Industrials,0.6162919709814446,False,True,True,True,True,True,False,eligible,eligible,eligible
16,2025-06,14,GVR.HM,119495928000000,2025-06-30,2025-08-31,2026-01-31,True,GVR.HM,2025-04-29,60083201795171.0,0.019008,-0.004918,False,GVR.HM,Materials,0.5028054327940865,False,True,True,True,True,True,False,eligible,eligible,eligible
16,2025-06,66,HAG.HM,13693320714850,2025-06-30,2025-08-31,2026-01-31,True,HAG.HM,2025-04-14,9743272811000.0,0.154769,0.055806,False,HAG.HM,Consumer Staples,0.7115346973823311,False,True,True,True,True,True,False,eligible,eligible,eligible
16,2025-06,93,HAH.HM,8337438562968,2025-06-30,2025-08-31,2026-01-31,True,HAH.HM,2025-04-28,4499791228708.0,0.021934,0.0613,False,HAH.HM,Industrials,0.5397090718838404,False,True,True,True,True,True,False,eligible,eligible,eligible
16,2025-06,52,HCM.HM,22433175196685,2025-06-30,2025-08-31,2026-01-31,True,HCM.HM,2025-06-24,10310678213284.0,0.046364,0.159496,False,HCM.HM,Financials,0.45961742476863604,True,True,True,True,True,True,False,eligible,eligible,eligible
16,2025-06,22,HDB.HM,76192336449057,2025-06-30,2025-08-31,2026-01-31,True,HDB.HM,2025-04-28,61032537000000.0,0.123631,0.446923,False,HDB.HM,Financials,0.8010324902007303,True,True,True,True,True,True,False,eligible,eligible,eligible
16,2025-06,86,HDG.HM,9209881013894,2025-06-30,2025-08-31,2026-01-31,True,HDG.HM,2025-05-05,7582914049321.0,0.050404,-0.044129,False,HDG.HM,Industrials,0.8233454957649765,False,True,True,True,True,True,False,eligible,eligible,eligible
16,2025-06,7,HPG.HM,171105085456394,2025-06-30,2025-08-31,2026-01-31,True,HPG.HM,2025-04-29,117996879089129.0,0.032984,0.102428,False,HPG.HM,Materials,0.6896164352707121,False,True,True,True,True,True,False,eligible,eligible,eligible
16,2025-06,82,HSG.HM,10308309412953,2025-06-30,2025-08-31,2026-01-31,True,HSG.HM,2025-05-09,11313178968615.0,0.007881,0.177571,False,HSG.HM,Materials,1.0974815088882879,False,True,True,True,True,True,False,eligible,eligible,eligible
16,2025-06,21,HVN.HM,83925563164451,2025-06-30,2025-08-31,2026-01-31,True,HVN.HM,2025-05-05,-5854243295720.0,,-0.048144,False,HVN.HM,Industrials,-0.06975518632205886,False,True,False,False,False,False,False,missing_or_nonpositive_book_equity,missing_or_nonpositive_book_equity,missing_or_nonpositive_book_equity
16,2025-06,100,IMP.HM,7831132281498,2025-06-30,2025-08-31,2026-01-31,True,IMP.HM,2025-01-20,2183119168600.0,0.047258,0.050801,False,IMP.HM,Health Care,0.27877439559511513,False,True,True,True,True,True,False,eligible,eligible,eligible
16,2025-06,47,KBC.HM,25191939803250,2025-06-30,2025-08-31,2026-01-31,True,KBC.HM,2025-05-05,21494007079294.0,0.011202,-0.042178,False,KBC.HM,Real Estate,0.8532096871921339,False,True,True,True,True,True,False,eligible,eligible,eligible
16,2025-06,60,KDC.HM,16274062082727,2025-06-30,2025-08-31,2026-01-31,True,KDC.HM,2025-05-05,7197875992604.0,0.022488,-0.11523,False,KDC.HM,Consumer Staples,0.4422912949461891,False,True,True,True,True,True,False,eligible,eligible,eligible
16,2025-06,42,KDH.HM,29727594343668,2025-06-30,2025-08-31,2026-01-31,True,KDH.HM,2025-04-30,19568101722000.0,0.013669,0.229417,False,KDH.HM,Real Estate,0.6582470648577059,False,True,True,True,True,True,False,eligible,eligible,eligible
16,2025-06,91,KOS.HM,8388651731250,2025-06-30,2025-08-31,2026-01-31,True,KOS.HM,2025-04-30,2321330196567.0,0.003659,-0.017078,False,KOS.HM,Real Estate,0.2767226809428047,False,True,True,True,True,True,False,eligible,eligible,eligible
16,2025-06,73,LGC.HM,11944646817323,2025-06-30,2025-08-31,2026-01-31,True,LGC.HM,2025-04-28,5855808454119.0,0.042391,0.797141,False,LGC.HM,Industrials,0.4902454248899581,False,True,True,True,True,True,False,eligible,eligible,eligible
16,2025-06,19,LPB.HM,91036724467130,2025-06-30,2025-08-31,2026-01-31,True,LPB.HM,2025-04-22,45872206000000.0,0.138999,0.168171,False,LPB.HM,Financials,0.5038868244492118,True,True,True,True,True,True,False,eligible,eligible,eligible
16,2025-06,10,MBB.HM,150321263476818,2025-06-30,2025-08-31,2026-01-31,True,MBB.HM,2025-04-25,123676548000000.0,0.073467,0.297065,False,MBB.HM,Financials,0.8227481936983116,True,True,True,True,True,True,False,eligible,eligible,eligible
16,2025-06,13,MCH.HM,127489012912144,2025-06-30,2025-08-31,2026-01-31,True,MCH.HM,2025-04-24,16209838456788.0,0.098184,0.209927,False,MCH.HM,Consumer Staples,0.127146944560302,False,True,True,True,True,True,False,eligible,eligible,eligible
16,2025-06,40,MSB.HM,31199975166248,2025-06-30,2025-08-31,2026-01-31,True,MSB.HM,2025-04-28,38020647000000.0,0.037093,0.254869,False,MSB.HM,Financials,1.2186114507273895,True,True,True,True,True,True,False,eligible,eligible,eligible
16,2025-06,15,MSN.HM,116192877081600,2025-06-30,2025-08-31,2026-01-31,True,MSN.HM,2025-04-24,43328435000000.0,-0.006318,0.042738,False,MSN.HM,Consumer Staples,0.37290095648093197,False,True,True,True,True,True,False,eligible,eligible,eligible
16,2025-06,18,MWG.HM,94010884993841,2025-06-30,2025-08-31,2026-01-31,True,MWG.HM,2025-04-28,29669133577791.0,0.019236,0.076604,False,MWG.HM,Consumer Discretionary,0.31559253569131634,False,True,True,True,True,True,False,eligible,eligible,eligible
16,2025-06,50,NAB.HM,22990212572245,2025-06-30,2025-08-31,2026-01-31,True,NAB.HM,2025-04-29,20213631000000.0,0.095079,0.18199,False,NAB.HM,Financials,0.8792276685776697,True,True,True,True,True,True,False,eligible,eligible,eligible
16,2025-06,63,NLG.HM,14771822950566,2025-06-30,2025-08-31,2026-01-31,True,NLG.HM,2025-04-24,14519380213022.0,0.021785,0.056361,False,NLG.HM,Real Estate,0.9829105223919349,False,True,True,True,True,True,False,eligible,eligible,eligible
16,2025-06,43,NVL.HM,29544097779207,2025-06-30,2025-08-31,2026-01-31,True,NVL.HM,2025-04-30,48855015598000.0,0.019061,-0.063043,False,NVL.HM,Real Estate,1.6536303109714163,False,True,True,True,True,True,False,eligible,eligible,eligible
16,2025-06,44,OCB.HM,27364803817276,2025-06-30,2025-08-31,2026-01-31,True,OCB.HM,2025-04-28,32388218496367.0,0.032174,0.237739,False,OCB.HM,Financials,1.1835721064413263,True,True,True,True,True,True,False,eligible,eligible,eligible
16,2025-06,99,PC1.HM,7832360488953,2025-06-30,2025-08-31,2026-01-31,True,PC1.HM,2025-04-29,7788480525398.0,0.013342,-0.069853,False,PC1.HM,Industrials,0.9943976067474308,False,True,True,True,True,True,False,eligible,eligible,eligible
16,2025-06,59,PDR.HM,16375594480649,2025-06-30,2025-08-31,2026-01-31,True,PDR.HM,2025-04-23,11108151985216.0,-0.009219,-0.077724,False,PDR.HM,Real Estate,0.678335800165452,False,True,True,True,True,True,False,eligible,eligible,eligible
16,2025-06,53,PGV.HM,20310355583421,2025-06-30,2025-08-31,2026-01-31,True,PGV.HM,2025-04-30,14670446631812.0,-0.021691,-0.112506,False,PGV.HM,Utilities,0.7223136282157088,False,True,True,True,True,True,False,eligible,eligible,eligible
16,2025-06,96,PHR.HM,8068650687833,2025-06-30,2025-08-31,2026-01-31,True,PHR.HM,2025-05-05,4062510522797.0,0.020888,-0.027279,False,PHR.HM,Materials,0.5034931712836449,False,True,True,True,True,True,False,eligible,eligible,eligible
16,2025-06,31,PLX.HM,45692809883764,2025-06-30,2025-08-31,2026-01-31,True,PLX.HM,2025-05-05,29520175346383.0,0.018212,0.069822,False,PLX.HM,Energy,0.6460573429709865,False,True,True,True,True,True,False,eligible,eligible,eligible
16,2025-06,45,PNJ.HM,27358287564732,2025-06-30,2025-08-31,2026-01-31,True,PNJ.HM,2025-04-25,11730291418447.0,0.080972,0.081759,False,PNJ.HM,Consumer Discretionary,0.42876555744551437,False,True,True,True,True,True,False,eligible,eligible,eligible
16,2025-06,41,POW.HM,30444342472195,2025-06-30,2025-08-31,2026-01-31,True,POW.HM,2025-04-30,35034293943758.0,0.024114,0.237827,False,POW.HM,Utilities,1.1507653343393778,False,True,True,True,True,True,False,eligible,eligible,eligible
16,2025-06,78,PVD.HM,10899356373637,2025-06-30,2025-08-31,2026-01-31,True,PVD.HM,2025-04-28,16253287839360.0,-0.008139,0.044861,False,PVD.HM,Energy,1.4912153784303182,False,True,True,True,True,True,False,eligible,eligible,eligible
16,2025-06,90,PVT.HM,8411769939541,2025-06-30,2025-08-31,2026-01-31,True,PVT.HM,2025-04-28,10666762062339.0,0.031361,0.227223,False,PVT.HM,Energy,1.2680758198340654,False,True,True,True,True,True,False,eligible,eligible,eligible
16,2025-06,36,REE.HM,36301404013341,2025-06-30,2025-08-31,2026-01-31,True,REE.HM,2025-04-28,23227491712524.0,0.018802,0.029419,False,REE.HM,Industrials,0.6398510565593482,False,True,True,True,True,True,False,eligible,eligible,eligible
16,2025-06,25,SAB.HM,54095319010225,2025-06-30,2025-08-31,2026-01-31,True,SAB.HM,2025-04-28,25606045523144.0,0.048386,-0.011851,False,SAB.HM,Consumer Staples,0.4733504856178774,False,True,True,True,True,True,False,eligible,eligible,eligible
16,2025-06,61,SBT.HM,16087260578443,2025-06-30,2025-08-31,2026-01-31,True,SBT.HM,2025-04-29,10682217314989.0,0.015845,0.175397,False,SBT.HM,Consumer Staples,0.6640171745152943,False,True,True,True,True,True,False,eligible,eligible,eligible
16,2025-06,27,SHB.HM,52441765613252,2025-06-30,2025-08-31,2026-01-31,True,SHB.HM,2025-04-29,61473136000000.0,0.077889,0.144484,False,SHB.HM,Financials,1.1722171303947435,True,True,True,True,True,True,False,eligible,eligible,eligible
16,2025-06,69,SIP.HM,13276505829670,2025-06-30,2025-08-31,2026-01-31,True,SIP.HM,2025-04-28,5298472175959.0,0.085813,0.108244,False,SIP.HM,Real Estate,0.39908634424865824,False,True,True,True,True,True,False,eligible,eligible,eligible
16,2025-06,75,SJS.HM,11275849721324,2025-06-30,2025-08-31,2026-01-31,True,SJS.HM,2025-04-28,3058576725726.0,0.035794,0.102434,False,SJS.HM,Real Estate,0.2712502207210034,False,True,True,True,True,True,False,eligible,eligible,eligible
16,2025-06,28,SSB.HM,51636723237395,2025-06-30,2025-08-31,2026-01-31,True,SSB.HM,2025-04-23,38599606000000.0,0.058001,0.149937,False,SSB.HM,Financials,0.7475223751619933,True,True,True,True,True,True,False,eligible,eligible,eligible
16,2025-06,32,SSI.HM,45556600952731,2025-06-30,2025-08-31,2026-01-31,True,SSI.HM,2025-04-30,27703353104435.0,0.031412,0.325792,False,SSI.HM,Financials,0.6081084305034012,True,True,True,True,True,True,False,eligible,eligible,eligible
16,2025-06,20,STB.HM,88039573937200,2025-06-30,2025-08-31,2026-01-31,True,STB.HM,2025-04-28,57862377000000.0,0.071523,0.139349,False,STB.HM,Financials,0.6572314518613429,True,True,True,True,True,True,False,eligible,eligible,eligible
16,2025-06,58,TAL.HM,16377151031974,2025-06-30,2025-08-31,2026-01-31,True,TAL.HM,2025-04-29,4395025825565.0,0.14655,,False,TAL.HM,Real Estate,0.2683632713030705,False,True,True,True,True,False,False,eligible,eligible,missing_investment
16,2025-06,5,TCB.HM,230536677390233,2025-06-30,2025-08-31,2026-01-31,True,TCB.HM,2025-04-22,153952665000000.0,0.053751,0.215225,False,TCB.HM,Financials,0.6678011791564166,True,True,True,True,True,True,False,eligible,eligible,eligible
16,2025-06,68,TCH.HM,13364315560960,2025-06-30,2025-08-31,2026-01-31,True,TCH.HM,2025-04-30,13448952637855.0,0.048259,0.172212,False,TCH.HM,Industrials,1.0063330648329079,False,True,True,True,True,True,False,eligible,eligible,eligible
16,2025-06,37,TPB.HM,35534312705144,2025-06-30,2025-08-31,2026-01-31,True,TPB.HM,2025-04-30,39491596000000.0,0.080683,0.085201,False,TPB.HM,Financials,1.1113651283392667,True,True,True,True,True,True,False,eligible,eligible,eligible
16,2025-06,94,VAB.HM,8207384210383,2025-06-30,2025-08-31,2026-01-31,True,VAB.HM,2025-04-15,8531714318842.0,0.109883,0.067033,False,VAB.HM,Financials,1.0395168667806116,True,True,True,True,True,True,False,eligible,eligible,eligible
16,2025-06,92,VBB.HM,8374522756143,2025-06-30,2025-08-31,2026-01-31,True,VBB.HM,2025-05-07,8897989000000.0,0.052836,0.242137,False,VBB.HM,Financials,1.062506994022199,True,True,True,True,True,True,False,eligible,eligible,eligible
16,2025-06,1,VCB.HM,468918308142964,2025-06-30,2025-08-31,2026-01-31,True,VCB.HM,2025-04-30,204941834000000.0,0.059331,0.014284,False,VCB.HM,Financials,0.43705231900972663,True,True,True,True,True,True,False,eligible,eligible,eligible
16,2025-06,64,VCG.HM,14254626808800,2025-06-30,2025-08-31,2026-01-31,True,VCG.HM,2025-04-29,11266881570146.0,0.023354,-0.04078,False,VCG.HM,Industrials,0.7904017215793026,False,True,True,True,True,True,False,eligible,eligible,eligible
16,2025-06,48,VCI.HM,25167746633711,2025-06-30,2025-08-31,2026-01-31,True,VCI.HM,2025-04-22,12580122587585.0,0.022402,0.211503,False,VCI.HM,Financials,0.499850970795078,True,True,True,True,True,True,False,eligible,eligible,eligible
16,2025-06,55,VGC.HM,18063240579662,2025-06-30,2025-08-31,2026-01-31,True,VGC.HM,2025-04-22,10249880491109.0,-0.002795,0.049709,False,VGC.HM,Industrials,0.5674441662837442,False,True,True,True,True,True,False,eligible,eligible,eligible
16,2025-06,70,VHC.HM,12949444313502,2025-06-30,2025-08-31,2026-01-31,True,VHC.HM,2025-04-29,9204959017417.0,0.010908,0.031015,False,VHC.HM,Consumer Staples,0.7108381483072029,False,True,True,True,True,True,False,eligible,eligible,eligible
16,2025-06,3,VHM.HM,303370419756122,2025-06-30,2025-08-31,2026-01-31,True,VHM.HM,2025-04-29,223396009000000.0,-0.006539,0.228898,False,VHM.HM,Real Estate,0.7363803273225747,False,True,True,True,True,True,False,eligible,eligible,eligible
16,2025-06,30,VIB.HM,47205502548830,2025-06-30,2025-08-31,2026-01-31,True,VIB.HM,2025-04-29,43643267000000.0,0.097466,0.19569,False,VIB.HM,Financials,0.9245377052146585,True,True,True,True,True,True,False,eligible,eligible,eligible
16,2025-06,2,VIC.HM,368167304642600,2025-06-30,2025-08-31,2026-01-31,True,VIC.HM,2025-04-30,157452587000000.0,-0.082715,0.1563,False,VIC.HM,Real Estate,0.4276658600981632,False,True,True,True,True,True,False,eligible,eligible,eligible
16,2025-06,54,VIX.HM,18595930623403,2025-06-30,2025-08-31,2026-01-31,True,VIX.HM,2025-05-09,16417017839209.0,0.014691,0.11521,False,VIX.HM,Financials,0.8828285161780591,True,True,True,True,True,True,False,eligible,eligible,eligible
16,2025-06,29,VJC.HM,47715972758865,2025-06-30,2025-08-31,2026-01-31,True,VJC.HM,2025-05-05,17827180615599.0,-0.145068,0.277621,False,VJC.HM,Industrials,0.37361033601241933,False,True,True,True,True,True,False,eligible,eligible,eligible
16,2025-06,46,VND.HM,25448062261650,2025-06-30,2025-08-31,2026-01-31,True,VND.HM,2025-04-22,20097598677846.0,0.04631,0.073873,False,VND.HM,Financials,0.7897496662499486,True,True,True,True,True,True,False,eligible,eligible,eligible
16,2025-06,16,VNM.HM,112111378038267,2025-06-30,2025-08-31,2026-01-31,True,VNM.HM,2025-04-22,37622488552015.0,0.078209,0.086437,False,VNM.HM,Consumer Staples,0.3355813585591046,False,True,True,True,True,True,False,eligible,eligible,eligible
16,2025-06,12,VPB.HM,144215956917301,2025-06-30,2025-08-31,2026-01-31,True,VPB.HM,2025-04-23,151213362000000.0,0.066087,0.295642,False,VPB.HM,Financials,1.0485203248813277,True,True,True,True,True,True,False,eligible,eligible,eligible
16,2025-06,62,VPI.HM,15507858327240,2025-06-30,2025-08-31,2026-01-31,True,VPI.HM,2025-04-29,5224607570415.0,-0.001326,0.129314,False,VPI.HM,Real Estate,0.3369006512806366,False,True,True,True,True,True,False,eligible,eligible,eligible
16,2025-06,8,VPL.HM,169646215664200,2025-06-30,2025-08-31,2026-01-31,True,VPL.HM,2025-05-21,35586508000000.0,,,False,VPL.HM,Consumer Discretionary,0.20976894686787717,False,True,True,True,False,False,False,eligible,missing_operating_profitability,missing_investment
16,2025-06,26,VRE.HM,54094383622824,2025-06-30,2025-08-31,2026-01-31,True,VRE.HM,2025-04-28,43100039000000.0,0.036254,0.115984,False,VRE.HM,Real Estate,0.7967562640239575,False,True,True,True,True,True,False,eligible,eligible,eligible
16,2025-06,79,VSH.HM,10820082013426,2025-06-30,2025-08-31,2026-01-31,True,VSH.HM,2025-04-30,4828339688189.0,0.053664,-0.01824,False,VSH.HM,Utilities,0.44623873295949135,False,True,True,True,True,True,False,eligible,eligible,eligible
16,2025-06,65,VTP.HM,14209594304894,2025-06-30,2025-08-31,2026-01-31,True,VTP.HM,2025-05-05,1641272628754.0,0.082875,0.122005,False,VTP.HM,Industrials,0.11550453823925999,False,True,True,True,True,True,False,eligible,eligible,eligible
17,2025-12,17,ACB.HM,120398004748400,2025-12-31,2026-02-28,2026-07-31,True,ACB.HM,2025-10-22,91415500000000.0,0.068557,0.20202,False,ACB.HM,Financials,0.7592775328049184,True,True,True,True,True,True,False,eligible,eligible,eligible
17,2025-12,80,BAF.HM,11385615759327,2025-12-31,2026-02-28,2026-07-31,True,BAF.HM,2025-10-30,4302032100939.0,0.045931,0.140101,False,BAF.HM,Consumer Staples,0.3778479962679938,False,True,True,True,True,True,False,eligible,eligible,eligible
17,2025-12,31,BCM.HM,62873838036000,2025-12-31,2026-02-28,2026-07-31,True,BCM.HM,2025-10-30,22087742067018.0,0.033787,0.100659,False,BCM.HM,Real Estate,0.35130258875513704,False,True,True,True,True,True,False,eligible,eligible,eligible
17,2025-12,5,BID.HM,270003592776421,2025-12-31,2026-02-28,2026-07-31,True,BID.HM,2025-10-31,167986701000000.0,0.1015,0.199941,False,BID.HM,Financials,0.622164687782888,True,True,True,True,True,True,False,eligible,eligible,eligible
17,2025-12,73,BMP.HM,13550502462844,2025-12-31,2026-02-28,2026-07-31,True,BMP.HM,2025-10-15,3148210696245.0,0.11796,-0.016745,False,BMP.HM,Industrials,0.23233165743318487,False,True,True,True,True,True,False,eligible,eligible,eligible
17,2025-12,93,BSI.HM,9225760369121,2025-12-31,2026-02-28,2026-07-31,True,BSI.HM,2025-10-20,5432971136427.0,0.019031,0.238841,False,BSI.HM,Financials,0.5888914213089014,True,True,True,True,True,True,False,eligible,eligible,eligible
17,2025-12,25,BSR.HM,79718478306418,2025-12-31,2026-02-28,2026-07-31,True,BSR.HM,2025-10-30,57453743171117.0,0.000974,0.020697,False,BSR.HM,Energy,0.7207079762646635,False,True,True,True,True,True,False,eligible,eligible,eligible
17,2025-12,97,BVB.HM,8458821149153,2025-12-31,2026-02-28,2026-07-31,True,BVB.HM,2025-10-29,7381824000000.0,0.057682,0.178102,False,BVB.HM,Financials,0.8726776308231978,True,True,True,True,True,True,False,eligible,eligible,eligible
17,2025-12,38,BVH.HM,42163932995200,2025-12-31,2026-02-28,2026-07-31,True,BVH.HM,2025-10-31,25557825433774.0,0.617425,0.13652,False,BVH.HM,Financials,0.6061537342041488,True,True,True,True,True,True,False,eligible,eligible,eligible
17,2025-12,86,BWE.HM,10131283948775,2025-12-31,2026-02-28,2026-07-31,True,BWE.HM,2025-10-28,5999675657305.0,0.035971,0.171412,False,BWE.HM,Utilities,0.5921930218953577,False,True,True,True,True,True,False,eligible,eligible,eligible
17,2025-12,75,CII.HM,13071913798900,2025-12-31,2026-02-28,2026-07-31,True,CII.HM,2025-10-29,11886976206640.0,-0.000785,0.10509,False,CII.HM,Industrials,0.9093524016078111,False,True,True,True,True,True,False,eligible,eligible,eligible
17,2025-12,4,CTG.HM,273461041134001,2025-12-31,2026-02-28,2026-07-31,True,CTG.HM,2025-10-31,169881000000000.0,0.079777,0.173557,False,CTG.HM,Financials,0.6212256023583087,True,True,True,True,True,True,False,eligible,eligible,eligible
17,2025-12,90,CTR.HM,9585935149855,2025-12-31,2026-02-28,2026-07-31,True,CTR.HM,2025-10-29,2158733291516.0,0.101501,0.016486,False,CTR.HM,Industrials,0.2251979861921613,False,True,True,True,True,True,False,eligible,eligible,eligible
17,2025-12,84,DBC.HM,10283600639133,2025-12-31,2026-02-28,2026-07-31,True,DBC.HM,2025-10-29,7920481865796.0,0.038186,0.085296,False,DBC.HM,Consumer Staples,0.770205120145911,False,True,True,True,True,True,False,eligible,eligible,eligible
17,2025-12,67,DCM.HM,16366697993400,2025-12-31,2026-02-28,2026-07-31,True,DCM.HM,2025-10-28,10554306133280.0,0.034017,0.032214,False,DCM.HM,Materials,0.6448647208823739,False,True,True,True,True,True,False,eligible,eligible,eligible
17,2025-12,53,DGC.HM,26014821290500,2025-12-31,2026-02-28,2026-07-31,True,DGC.HM,2025-10-24,16010929046202.0,0.061652,0.01415,False,DGC.HM,Materials,0.6154541239170002,False,True,True,True,True,True,False,eligible,eligible,eligible
17,2025-12,98,DGW.HM,8421420463548,2025-12-31,2026-02-28,2026-07-31,True,DGW.HM,2025-10-28,3290930866313.0,0.052695,0.139467,False,DGW.HM,Information Technology,0.39078097104375065,False,True,True,True,True,True,False,eligible,eligible,eligible
17,2025-12,76,DHG.HM,12719022711230,2025-12-31,2026-02-28,2026-07-31,True,DHG.HM,2025-10-21,3997690058382.0,0.07194,-0.024749,False,DHG.HM,Health Care,0.31430795817766105,False,True,True,True,True,True,False,eligible,eligible,eligible
17,2025-12,74,DIG.HM,13340219192922,2025-12-31,2026-02-28,2026-07-31,True,DIG.HM,2025-10-28,8227543639927.0,0.00955,0.101721,False,DIG.HM,Industrials,0.6167472603667815,False,True,True,True,True,True,False,eligible,eligible,eligible
17,2025-12,72,DPM.HM,14164747756852,2025-12-31,2026-02-28,2026-07-31,True,DPM.HM,2025-10-28,11341932232526.0,-0.001019,0.243667,False,DPM.HM,Materials,0.8007154399935924,False,True,True,True,True,True,False,eligible,eligible,eligible
17,2025-12,94,DSE.HM,8691488115470,2025-12-31,2026-02-28,2026-07-31,True,DSE.HM,2025-10-16,4293057533178.0,0.031157,0.428574,False,DSE.HM,Financials,0.4939381468562071,True,True,True,True,True,True,False,eligible,eligible,eligible
17,2025-12,61,DXG.HM,19021770005435,2025-12-31,2026-02-28,2026-07-31,True,DXG.HM,2025-10-31,18952242906255.0,0.020415,0.013789,False,DXG.HM,Real Estate,0.9963448670044831,False,True,True,True,True,True,False,eligible,eligible,eligible
17,2025-12,39,EIB.HM,39675948929100,2025-12-31,2026-02-28,2026-07-31,True,EIB.HM,2025-10-30,26541382000000.0,0.058924,0.190407,False,EIB.HM,Financials,0.668953930942618,True,True,True,True,True,True,False,eligible,eligible,eligible
17,2025-12,99,EVF.HM,8404252112100,2025-12-31,2026-02-28,2026-07-31,True,EVF.HM,2025-10-21,9705185000000.0,0.026352,0.210833,False,EVF.HM,Financials,1.1547946052245368,True,True,True,True,True,True,False,eligible,eligible,eligible
17,2025-12,14,FPT.HM,146344231345366,2025-12-31,2026-02-28,2026-07-31,True,FPT.HM,2025-10-24,42830523910473.0,0.091255,0.19437,False,FPT.HM,Information Technology,0.29266971111006646,False,True,True,True,True,True,False,eligible,eligible,eligible
17,2025-12,54,FRT.HM,25460118237292,2025-12-31,2026-02-28,2026-07-31,True,FRT.HM,2025-10-30,3642976805227.0,0.075186,0.208735,False,FRT.HM,Consumer Discretionary,0.14308562007740605,False,True,True,True,True,True,False,eligible,eligible,eligible
17,2025-12,81,FTS.HM,11220530732038,2025-12-31,2026-02-28,2026-07-31,True,FTS.HM,2025-10-20,4291909548576.0,0.045164,0.185177,False,FTS.HM,Financials,0.3825050392956283,True,True,True,True,True,True,False,eligible,eligible,eligible
17,2025-12,11,GAS.HM,169768121218010,2025-12-31,2026-02-28,2026-07-31,True,GAS.HM,2025-10-31,66377304972681.0,0.041616,-0.067228,False,GAS.HM,Utilities,0.3909880400186658,False,True,True,True,True,True,False,eligible,eligible,eligible
17,2025-12,24,GEE.HM,88038157768836,2025-12-31,2026-02-28,2026-07-31,True,GEE.HM,2025-10-08,8037553117814.0,0.110525,-0.05973,False,GEE.HM,Industrials,0.09129624382780027,False,True,True,True,True,True,False,eligible,eligible,eligible
17,2025-12,40,GEX.HM,39344578394962,2025-12-31,2026-02-28,2026-07-31,True,GEX.HM,2025-07-25,25263495406145.0,0.001847,0.05139,False,GEX.HM,Industrials,0.6421086827398802,False,True,True,True,True,True,False,eligible,eligible,eligible
17,2025-12,55,GMD.HM,25281478098231,2025-12-31,2026-02-28,2026-07-31,True,GMD.HM,2025-10-31,14188286155687.0,0.023858,0.328645,False,GMD.HM,Industrials,0.5612126830780431,False,True,True,True,True,True,False,eligible,eligible,eligible
17,2025-12,23,GVR.HM,104800000000000,2025-12-31,2026-02-28,2026-07-31,True,GVR.HM,2025-10-28,63932980593225.0,0.035453,0.068171,False,GVR.HM,Materials,0.6100475247445134,False,True,True,True,True,True,False,eligible,eligible,eligible
17,2025-12,58,HAG.HM,22242857416650,2025-12-31,2026-02-28,2026-07-31,True,HAG.HM,2025-10-20,13284071186000.0,0.023732,0.065902,False,HAG.HM,Consumer Staples,0.5972286265727776,False,True,True,True,True,True,False,eligible,eligible,eligible
17,2025-12,91,HAH.HM,9521911675105,2025-12-31,2026-02-28,2026-07-31,True,HAH.HM,2025-10-30,5034819755379.0,0.102285,0.360253,False,HAH.HM,Industrials,0.5287614427828097,False,True,True,True,True,True,False,eligible,eligible,eligible
17,2025-12,57,HCM.HM,23481454411379,2025-12-31,2026-02-28,2026-07-31,True,HCM.HM,2025-10-20,10624451988975.0,0.055096,0.749774,False,HCM.HM,Financials,0.4524614107304376,True,True,True,True,True,True,False,eligible,eligible,eligible
17,2025-12,13,HDB.HM,148656706793100,2025-12-31,2026-02-28,2026-07-31,True,HDB.HM,2025-10-30,68407053000000.0,0.096434,0.15781,False,HDB.HM,Financials,0.46016795660090026,True,True,True,True,True,True,False,eligible,eligible,eligible
17,2025-12,87,HDG.HM,9918333399547,2025-12-31,2026-02-28,2026-07-31,True,HDG.HM,2025-10-31,8067946342469.0,0.021247,-0.040793,False,HDG.HM,Industrials,0.8134377034389152,False,True,True,True,True,True,False,eligible,eligible,eligible
17,2025-12,9,HPG.HM,198994460615580,2025-12-31,2026-02-28,2026-07-31,True,HPG.HM,2025-12-10,127516012099269.0,0.029284,0.195477,False,HPG.HM,Materials,0.6408018178234922,False,True,True,True,True,True,False,eligible,eligible,eligible
17,2025-12,88,HSG.HM,9780474292411,2025-12-31,2026-02-28,2026-07-31,True,HSG.HM,2025-10-30,11338627789257.0,0.014862,0.05329,False,HSG.HM,Materials,1.1593126723982112,False,True,True,True,True,True,False,eligible,eligible,eligible
17,2025-12,26,HVN.HM,77476305453900,2025-12-31,2026-02-28,2026-07-31,True,HVN.HM,2025-10-31,6369340152724.0,,0.008138,False,HVN.HM,Industrials,0.082210168843349,False,True,True,True,False,True,False,eligible,missing_operating_profitability,eligible
17,2025-12,45,KBC.HM,33291030730650,2025-12-31,2026-02-28,2026-07-31,True,KBC.HM,2025-10-30,26063325600188.0,0.014824,0.337849,False,KBC.HM,Real Estate,0.7828933207583844,False,True,True,True,True,True,False,eligible,eligible,eligible
17,2025-12,69,KDC.HM,14717412666119,2025-12-31,2026-02-28,2026-07-31,True,KDC.HM,2025-10-30,7277166883852.0,0.00087,0.087848,False,KDC.HM,Consumer Staples,0.49445966141893866,False,True,True,True,True,True,False,eligible,eligible,eligible
17,2025-12,44,KDH.HM,35349769318500,2025-12-31,2026-02-28,2026-07-31,True,KDH.HM,2025-10-29,20377792655000.0,0.035201,0.161514,False,KDH.HM,Real Estate,0.5764618284039397,False,True,True,True,True,True,False,eligible,eligible,eligible
17,2025-12,89,KLB.HM,9716627700999,2025-12-31,2026-02-28,2026-07-31,True,KLB.HM,2025-10-20,7724287000000.0,0.088005,0.059831,False,KLB.HM,Financials,0.7949555378360168,True,True,True,True,True,True,False,eligible,eligible,eligible
17,2025-12,100,KOS.HM,8345355464250,2025-12-31,2026-02-28,2026-07-31,True,KOS.HM,2025-10-30,2336776664986.0,0.003253,0.020687,False,KOS.HM,Real Estate,0.2800092428652477,False,True,True,True,True,True,False,eligible,eligible,eligible
17,2025-12,83,LGC.HM,11051989046800,2025-12-31,2026-02-28,2026-07-31,True,LGC.HM,2025-07-28,6008796270304.0,0.042391,0.797141,False,LGC.HM,Industrials,0.5436846023697237,False,True,True,True,True,True,False,eligible,eligible,eligible
17,2025-12,18,LPB.HM,117994886286078,2025-12-31,2026-02-28,2026-07-31,True,LPB.HM,2025-10-21,43461886000000.0,0.077458,0.327708,False,LPB.HM,Financials,0.3683370302559289,True,True,True,True,True,True,False,eligible,eligible,eligible
17,2025-12,10,MBB.HM,195953190082647,2025-12-31,2026-02-28,2026-07-31,True,MBB.HM,2025-10-27,133090745000000.0,0.086209,0.194557,False,MBB.HM,Financials,0.6791966231520213,True,True,True,True,True,True,False,eligible,eligible,eligible
17,2025-12,7,MCH.HM,228964146286965,2025-12-31,2026-02-28,2026-07-31,True,MCH.HM,2025-10-29,16678202093180.0,0.238138,-0.312007,False,MCH.HM,Consumer Staples,0.0728419814352807,False,True,True,True,True,True,False,eligible,eligible,eligible
17,2025-12,41,MSB.HM,38687984524800,2025-12-31,2026-02-28,2026-07-31,True,MSB.HM,2025-10-30,40556253000000.0,0.051379,0.19903,False,MSB.HM,Financials,1.0482906643534866,True,True,True,True,True,True,False,eligible,eligible,eligible
17,2025-12,20,MSN.HM,111335490189000,2025-12-31,2026-02-28,2026-07-31,True,MSN.HM,2025-10-27,42973152000000.0,0.034127,0.001365,False,MSN.HM,Consumer Staples,0.38597891765734343,False,True,True,True,True,True,False,eligible,eligible,eligible
17,2025-12,15,MWG.HM,127820657679727,2025-12-31,2026-02-28,2026-07-31,True,MWG.HM,2025-12-10,31797199621877.0,0.04327,0.17179,False,MWG.HM,Consumer Discretionary,0.24876416847697222,False,True,True,True,True,True,False,eligible,eligible,eligible
17,2025-12,56,NAB.HM,24534306850273,2025-12-31,2026-02-28,2026-07-31,True,NAB.HM,2025-10-29,22267310000000.0,0.04957,0.167858,False,NAB.HM,Financials,0.9075989036858494,True,True,True,True,True,True,False,eligible,eligible,eligible
17,2025-12,71,NLG.HM,14491980258085,2025-12-31,2026-02-28,2026-07-31,True,NLG.HM,2025-10-30,14367065337448.0,0.122287,0.059658,False,NLG.HM,Real Estate,0.9913804105158568,False,True,True,True,True,True,False,eligible,eligible,eligible
17,2025-12,52,NVL.HM,27335603330080,2025-12-31,2026-02-28,2026-07-31,True,NVL.HM,2025-10-28,50814196861281.0,0.029165,-0.015357,False,NVL.HM,Real Estate,1.858901603439835,False,True,True,True,True,True,False,eligible,eligible,eligible
17,2025-12,49,OCB.HM,31823466842088,2025-12-31,2026-02-28,2026-07-31,True,OCB.HM,2025-10-28,32647855006504.0,0.063588,0.169078,False,OCB.HM,Financials,1.0259050394636988,True,True,True,True,True,True,False,eligible,eligible,eligible
17,2025-12,92,PC1.HM,9274484484650,2025-12-31,2026-02-28,2026-07-31,True,PC1.HM,2025-10-29,8350422512555.0,0.04533,0.037206,False,PC1.HM,Industrials,0.9003651390409467,False,True,True,True,True,True,False,eligible,eligible,eligible
17,2025-12,62,PDR.HM,18758816325200,2025-12-31,2026-02-28,2026-07-31,True,PDR.HM,2025-10-28,11940734107448.0,0.006839,0.138492,False,PDR.HM,Real Estate,0.6365398488073682,False,True,True,True,True,True,False,eligible,eligible,eligible
17,2025-12,60,PGV.HM,20901397676935,2025-12-31,2026-02-28,2026-07-31,True,PGV.HM,2025-10-31,15704698420474.0,0.01503,-0.060742,False,PGV.HM,Utilities,0.7513707295184554,False,True,True,True,True,True,False,eligible,eligible,eligible
17,2025-12,37,PLX.HM,43300837285822,2025-12-31,2026-02-28,2026-07-31,True,PLX.HM,2025-10-31,28899659689362.0,0.022777,0.020069,False,PLX.HM,Energy,0.6674157245182097,False,True,True,True,True,True,False,eligible,eligible,eligible
17,2025-12,47,PNJ.HM,32773305313174,2025-12-31,2026-02-28,2026-07-31,True,PNJ.HM,2025-10-28,11992021944618.0,0.077844,0.192699,False,PNJ.HM,Consumer Discretionary,0.3659082240874107,False,True,True,True,True,True,False,eligible,eligible,eligible
17,2025-12,43,POW.HM,35392627919200,2025-12-31,2026-02-28,2026-07-31,True,POW.HM,2025-10-30,36475923583154.0,0.007011,0.135768,False,POW.HM,Utilities,1.0306079465595808,False,True,True,True,True,True,False,eligible,eligible,eligible
17,2025-12,68,PVD.HM,15759193583936,2025-12-31,2026-02-28,2026-07-31,True,PVD.HM,2025-10-30,17163391655388.0,0.006279,0.091607,False,PVD.HM,Energy,1.089103421693059,False,True,True,True,True,True,False,eligible,eligible,eligible
17,2025-12,95,PVT.HM,8646735580310,2025-12-31,2026-02-28,2026-07-31,True,PVT.HM,2025-10-30,11124616562864.0,0.03027,0.135403,False,PVT.HM,Energy,1.2865683771106093,False,True,True,True,True,True,False,eligible,eligible,eligible
17,2025-12,48,REE.HM,32516676135161,2025-12-31,2026-02-28,2026-07-31,True,REE.HM,2025-10-30,24165015334509.0,0.029557,0.041535,False,REE.HM,Industrials,0.7431576103923745,False,True,True,True,True,True,False,eligible,eligible,eligible
17,2025-12,32,SAB.HM,56397247479209,2025-12-31,2026-02-28,2026-07-31,True,SAB.HM,2025-10-28,24502543133529.0,0.045001,-0.018123,False,SAB.HM,Consumer Staples,0.43446345750405513,False,True,True,True,True,True,False,eligible,eligible,eligible
17,2025-12,59,SBT.HM,21463320753613,2025-12-31,2026-02-28,2026-07-31,True,SBT.HM,2025-10-31,11677207844314.0,0.030381,-0.005141,False,SBT.HM,Consumer Staples,0.5440541087915454,False,True,True,True,True,True,False,eligible,eligible,eligible
17,2025-12,28,SHB.HM,75107079636088,2025-12-31,2026-02-28,2026-07-31,True,SHB.HM,2025-10-23,65761257000000.0,0.115623,0.185531,False,SHB.HM,Financials,0.8755666885016595,True,True,True,True,True,True,False,eligible,eligible,eligible
17,2025-12,79,SIP.HM,11871736460860,2025-12-31,2026-02-28,2026-07-31,True,SIP.HM,2025-10-30,5696655879872.0,0.069914,0.189571,False,SIP.HM,Real Estate,0.4798502644203179,False,True,True,True,True,True,False,eligible,eligible,eligible
17,2025-12,63,SJS.HM,18383944370400,2025-12-31,2026-02-28,2026-07-31,True,SJS.HM,2025-10-24,3256862631161.0,0.059479,0.049543,False,SJS.HM,Real Estate,0.17715798990367249,False,True,True,True,True,True,False,eligible,eligible,eligible
17,2025-12,35,SSB.HM,49645224269562,2025-12-31,2026-02-28,2026-07-31,True,SSB.HM,2025-10-31,40267975000000.0,0.043348,0.223871,False,SSB.HM,Financials,0.8111147767477951,True,True,True,True,True,True,False,eligible,eligible,eligible
17,2025-12,30,SSI.HM,72279959538821,2025-12-31,2026-02-28,2026-07-31,True,SSI.HM,2025-10-27,31255465832917.0,0.031274,0.06161,False,SSI.HM,Financials,0.4324222928781516,True,True,True,True,True,True,False,eligible,eligible,eligible
17,2025-12,21,STB.HM,109342511528000,2025-12-31,2026-02-28,2026-07-31,True,STB.HM,2025-11-26,62704792000000.0,0.076438,0.109291,False,STB.HM,Financials,0.573471297885295,True,True,True,True,True,True,False,eligible,eligible,eligible
17,2025-12,42,TAL.HM,36820260011328,2025-12-31,2026-02-28,2026-07-31,True,TAL.HM,2025-10-29,6144813250110.0,-0.001367,-0.075227,False,TAL.HM,Real Estate,0.1668867424678562,False,True,True,True,True,True,False,eligible,eligible,eligible
17,2025-12,6,TCB.HM,242218176482844,2025-12-31,2026-02-28,2026-07-31,True,TCB.HM,2025-10-21,179430593000000.0,0.034835,0.15223,False,TCB.HM,Financials,0.7407808761730516,True,True,True,True,True,True,False,eligible,eligible,eligible
17,2025-12,66,TCH.HM,16691600461705,2025-12-31,2026-02-28,2026-07-31,True,TCH.HM,2025-12-01,14219134993315.0,0.037446,-0.08507,False,TCH.HM,Industrials,0.851873672985254,False,True,True,True,True,True,False,eligible,eligible,eligible
17,2025-12,22,TCX.HM,107522958804764,2025-12-31,2026-02-28,2026-07-31,True,TCX.HM,2025-10-20,42478315363953.0,0.037731,,True,TCX.HM,Financials,0.3950627460046321,True,True,True,False,False,False,False,conflicting_fundamental_event,conflicting_fundamental_event,conflicting_fundamental_event
17,2025-12,36,TPB.HM,47436201528300,2025-12-31,2026-02-28,2026-07-31,True,TPB.HM,2025-10-30,39993240000000.0,0.084871,0.17215,False,TPB.HM,Financials,0.8430953303910812,True,True,True,True,True,True,False,eligible,eligible,eligible
17,2025-12,96,VAB.HM,8490147469529,2025-12-31,2026-02-28,2026-07-31,True,VAB.HM,2025-10-17,9057150830718.0,0.076471,0.068061,False,VAB.HM,Financials,1.0667836881778516,True,True,True,True,True,True,False,eligible,eligible,eligible
17,2025-12,82,VBB.HM,11199733909792,2025-12-31,2026-02-28,2026-07-31,True,VBB.HM,2025-11-01,9353481000000.0,0.033905,0.177908,False,VBB.HM,Financials,0.8351520737311616,True,True,True,True,True,True,False,eligible,eligible,eligible
17,2025-12,3,VCB.HM,476484231373058,2025-12-31,2026-02-28,2026-07-31,True,VCB.HM,2025-10-31,222791545000000.0,0.047497,0.133797,False,VCB.HM,Financials,0.4675738048203485,True,True,True,True,True,True,False,eligible,eligible,eligible
17,2025-12,70,VCG.HM,14610184393600,2025-12-31,2026-02-28,2026-07-31,True,VCG.HM,2025-10-30,12267327906529.0,0.030168,-0.040846,False,VCG.HM,Industrials,0.8396422369523762,False,True,True,True,True,True,False,eligible,eligible,eligible
17,2025-12,50,VCI.HM,29419033201746,2025-12-31,2026-02-28,2026-07-31,True,VCI.HM,2025-10-16,12669964550972.0,0.019898,0.541114,False,VCI.HM,Financials,0.43067236316317986,True,True,True,True,True,True,False,eligible,eligible,eligible
17,2025-12,27,VCK.HM,76243467570000,2025-12-31,2026-02-28,2026-07-31,True,VCK.HM,2025-10-14,13927325964063.0,0.056855,,False,VCK.HM,Financials,0.18266910475020254,True,True,True,True,True,False,False,eligible,eligible,missing_investment
17,2025-12,64,VGC.HM,17650793826698,2025-12-31,2026-02-28,2026-07-31,True,VGC.HM,2025-10-15,10873170005433.0,0.068148,0.030175,False,VGC.HM,Industrials,0.6160159204277038,False,True,True,True,True,True,False,eligible,eligible,eligible
17,2025-12,77,VHC.HM,12591822219900,2025-12-31,2026-02-28,2026-07-31,True,VHC.HM,2025-10-28,10165515094353.0,0.041812,0.024419,False,VHC.HM,Consumer Staples,0.807310881366123,False,True,True,True,True,True,False,eligible,eligible,eligible
17,2025-12,2,VHM.HM,490455437415374,2025-12-31,2026-02-28,2026-07-31,True,VHM.HM,2025-10-31,234929679000000.0,0.03934,0.268939,False,VHM.HM,Real Estate,0.4790031082906204,False,True,True,True,True,True,False,eligible,eligible,eligible
17,2025-12,34,VIB.HM,52316782639268,2025-12-31,2026-02-28,2026-07-31,True,VIB.HM,2025-10-29,45259765000000.0,0.071963,0.203173,False,VIB.HM,Financials,0.8651098694671806,True,True,True,True,True,True,False,eligible,eligible,eligible
17,2025-12,1,VIC.HM,1311600225561600,2025-12-31,2026-02-28,2026-07-31,True,VIC.HM,2025-11-03,161903899000000.0,-0.027499,0.253047,False,VIC.HM,Real Estate,0.12343997495934869,False,True,True,True,True,True,False,eligible,eligible,eligible
17,2025-12,46,VIX.HM,32816348159266,2025-12-31,2026-02-28,2026-07-31,True,VIX.HM,2025-10-09,20168052154420.0,0.01574,1.157668,False,VIX.HM,Financials,0.6145733235318983,True,True,True,True,True,True,False,eligible,eligible,eligible
17,2025-12,19,VJC.HM,113196802572108,2025-12-31,2026-02-28,2026-07-31,True,VJC.HM,2025-10-30,24411439436033.0,-0.046483,0.142534,False,VJC.HM,Industrials,0.21565484961894185,False,True,True,True,True,True,False,eligible,eligible,eligible
17,2025-12,51,VND.HM,28777023894714,2025-12-31,2026-02-28,2026-07-31,True,VND.HM,2025-10-21,20560912132981.0,0.024197,0.061154,False,VND.HM,Financials,0.7144905674821292,True,True,True,True,True,True,False,eligible,eligible,eligible
17,2025-12,16,VNM.HM,123846583103739,2025-12-31,2026-02-28,2026-07-31,True,VNM.HM,2025-10-31,37952798707867.0,0.071501,0.045102,False,VNM.HM,Consumer Staples,0.3064501075179133,False,True,True,True,True,True,False,eligible,eligible,eligible
17,2025-12,8,VPB.HM,223339846798252,2025-12-31,2026-02-28,2026-07-31,True,VPB.HM,2025-10-14,159545287000000.0,0.077578,0.129996,False,VPB.HM,Financials,0.7143610479151126,True,True,True,True,True,True,False,eligible,eligible,eligible
17,2025-12,65,VPI.HM,16846247601261,2025-12-31,2026-02-28,2026-07-31,True,VPI.HM,2025-10-30,5351285116392.0,0.008012,-0.111113,False,VPI.HM,Real Estate,0.31765442625878526,False,True,True,True,True,True,False,eligible,eligible,eligible
17,2025-12,12,VPL.HM,168928895513400,2025-12-31,2026-02-28,2026-07-31,True,VPL.HM,2025-10-31,35924252000000.0,,,False,VPL.HM,Consumer Discretionary,0.21265901189267156,False,True,True,True,False,False,False,eligible,missing_operating_profitability,missing_investment
17,2025-12,33,VPX.HM,55875000000000,2025-12-31,2026-02-28,2026-07-31,True,VPX.HM,2025-10-08,20272901913450.0,0.021952,0.186495,False,VPX.HM,Financials,0.3628259850281879,True,True,True,True,True,True,False,eligible,eligible,eligible
17,2025-12,29,VRE.HM,73844868515538,2025-12-31,2026-02-28,2026-07-31,True,VRE.HM,2025-10-29,45709728000000.0,0.030743,0.158905,False,VRE.HM,Real Estate,0.6189966739582187,False,True,True,True,True,True,False,eligible,eligible,eligible
17,2025-12,85,VSH.HM,10157567804705,2025-12-31,2026-02-28,2026-07-31,True,VSH.HM,2025-10-29,4969634570356.0,0.073391,-0.097063,False,VSH.HM,Utilities,0.4892543831264467,False,True,True,True,True,True,False,eligible,eligible,eligible
17,2025-12,78,VTP.HM,12032164645427,2025-12-31,2026-02-28,2026-07-31,True,VTP.HM,2025-10-31,1748090322884.0,0.103581,-0.010994,False,VTP.HM,Industrials,0.1452847741364965,False,True,True,True,True,True,False,eligible,eligible,eligible
