period,sort,ticker,portfolio,formation_market_cap,characteristic
2,BM,AAA.HM,SN,2750175310093.0,0.5501259487562771
2,BM,ACB.HM,BN,34988186959078.0,0.4909445585188633
2,BM,ANV.HM,SN,2006415443093.0,0.7324409509834913
2,BM,ASM.HM,SH,2422094867321.0,2.0534219285263244
2,BM,BHN.HM,BL,16383902768707.0,0.28222732623229063
2,BM,BIC.HM,SN,2405834572662.0,0.8947703063968864
2,BM,BID.HM,BN,76993058952417.0,0.6598418960259425
2,BM,BMP.HM,SN,2378494628496.0,1.0660773299834527
2,BM,BVH.HM,BL,47329494415998.0,0.3162820022118622
2,BM,BWE.HM,SH,2073595687192.0,1.668105380856593
2,BM,CHP.HM,SN,1855053273094.0,0.8982965811869491
2,BM,CII.HM,BH,5767033465843.0,1.3327685048943054
2,BM,CTD.HM,BN,10339095315014.0,0.7418621944471951
2,BM,CTG.HM,BN,86193176525288.0,0.7677160729838747
2,BM,DBD.HM,SN,1827568667274.0,0.4891955439302574
2,BM,DCM.HM,SH,3368365021428.0,1.8982544010094526
2,BM,DHG.HM,BL,9031350597241.0,0.3096708659733996
2,BM,DIG.HM,SN,4043965052568.0,0.7150112049395311
2,BM,DMC.HM,SL,2351858620344.0,0.4272842614493614
2,BM,DPM.HM,SH,3865105791180.0,2.1234382147346977
2,BM,DRC.HM,SN,1877512033535.0,0.8242401049112379
2,BM,DTL.HM,SL,2928476527200.0,0.40752422782540376
2,BM,DXG.HM,BN,8152648564452.0,0.5885502780409039
2,BM,EIB.HM,BN,17557335645165.0,0.8363758201571933
2,BM,FPT.HM,BN,19027605973603.0,0.7305089437547343
2,BM,FRT.HM,SL,5144922105507.0,0.16722059662713187
2,BM,GAS.HM,BL,126260099487340.0,0.3625707985495857
2,BM,GEX.HM,BN,10430821133139.0,0.6779190262127535
2,BM,GMD.HM,SH,5355954036795.0,1.1892908990530988
2,BM,HAG.HM,SH,4831750264430.0,3.784275862021821
2,BM,HCM.HM,SN,4612918162410.0,0.6579175643940794
2,BM,HDB.HM,BL,32314632935909.0,0.48830067267963956
2,BM,HDG.HM,SH,1843826622774.0,1.113174734295274
2,BM,HNA.HM,SH,1912953039576.0,1.1828666916504837
2,BM,HPG.HM,BN,53967209667778.0,0.6379465071966638
2,BM,HSG.HM,SH,3391955508891.0,1.6313256413820534
2,BM,HT1.HM,SH,3017838658004.0,1.7465514504152175
2,BM,HVN.HM,BL,44693190017687.0,0.41550864758275025
2,BM,IDI.HM,SH,1855780540883.0,1.2867439221632344
2,BM,IMP.HM,SN,2235279755538.0,0.633563957912795
2,BM,KBC.HM,SH,5254432642048.0,1.7638760055305576
2,BM,KDC.HM,SH,4926322825610.0,1.5900333193188734
2,BM,KDH.HM,BN,10936047227004.0,0.5945818773481437
2,BM,KLB.HM,SH,3258201306538.0,1.1081258216780754
2,BM,LDG.HM,SN,2283867322470.0,0.8706697568790668
2,BM,LGC.HM,SN,4236561057773.0,0.7402762832214662
2,BM,LPB.HM,BH,7824642024088.0,1.2343482258059884
2,BM,MBB.HM,BN,35147515397706.0,0.8828399575016683
2,BM,MCH.HM,BL,32300323756061.0,0.3256531427366333
2,BM,MSN.HM,BL,80925237891395.0,0.24195088590628644
2,BM,MWG.HM,BL,34276534056238.0,0.21207331179396438
2,BM,NKG.HM,SH,2442130024620.0,1.2536519814297717
2,BM,NLG.HM,SN,4984599410885.0,0.7323456984407648
2,BM,NT2.HM,SH,4363938829649.0,1.1962332058244909
2,BM,NVL.HM,BL,46280278664071.0,0.2910818758791589
2,BM,PAN.HM,BN,6288402443678.0,0.7468789353274883
2,BM,PC1.HM,SN,3729103707362.0,0.7713390078574115
2,BM,PDR.HM,BL,7822571578146.0,0.3780314135811168
2,BM,PGD.HM,SN,2108713373082.0,0.6905689099332958
2,BM,PHR.HM,SH,1911279283669.0,1.3144071941838034
2,BM,PLX.HM,BL,52173332613197.0,0.4648389212692831
2,BM,PNJ.HM,BL,7906269471448.0,0.4046034289702921
2,BM,PPC.HM,SH,2679480739573.0,2.115250571379816
2,BM,PTB.HM,SN,1958087853560.0,0.5965157586981625
2,BM,PVD.HM,SH,5110541822344.0,2.5899959599937388
2,BM,PVT.HM,SH,3518674987007.0,1.3674496361909734
2,BM,QCG.HM,SH,2476162269000.0,1.6860329036602406
2,BM,REE.HM,BN,8330133632261.0,1.0250947596998226
2,BM,SAB.HM,BL,111238609098873.0,0.1398007885047401
2,BM,SAM.HM,SH,1692499615621.0,1.6018776004922364
2,BM,SBT.HM,BN,6719133601705.0,1.0852673519624048
2,BM,SCR.HM,SH,2805737658899.0,1.2427286235086727
2,BM,SCS.HM,BL,5976389607475.0,0.14315461595055973
2,BM,SHB.HM,BH,9104463151531.0,1.6697572110491328
2,BM,SJS.HM,SN,2241699244599.0,1.037395007429284
2,BM,SSI.HM,BN,10090122826482.0,0.8929988267512071
2,BM,STB.HM,BH,20832197104950.0,1.1362431375217545
2,BM,TCB.HM,BL,104120939115926.0,0.36127026244086585
2,BM,TCH.HM,SN,5435658284980.0,0.8111163672648385
2,BM,TLG.HM,SL,3456949244933.0,0.3198448141391297
2,BM,TPB.HM,BL,14967561907890.0,0.48626129257320116
2,BM,VCB.HM,BL,200412034928000.0,0.2797523513003706
2,BM,VCF.HM,SL,2760156749394.0,0.3301556450926471
2,BM,VCG.HM,BH,5971754431373.0,1.2762271872840123
2,BM,VCI.HM,BN,5621795772481.0,0.6388132292100509
2,BM,VGC.HM,BH,5923133445233.0,1.1595666901784316
2,BM,VHC.HM,SN,4277949181080.0,0.6676745260164384
2,BM,VHM.HM,BL,286041784365979.0,0.1337134855505959
2,BM,VIB.HM,BN,10003787336565.0,0.9153878118269113
2,BM,VIC.HM,BL,343099305356297.0,0.17270892354161232
2,BM,VJC.HM,BL,57755930986717.0,0.19947579838913232
2,BM,VND.HM,SN,3171445620698.0,0.8341727249397854
2,BM,VNM.HM,BL,168060928336596.0,0.15643695010843298
2,BM,VPB.HM,BN,60202451408691.0,0.5254807281059164
2,BM,VPI.HM,BL,5987691088817.0,0.3410934864994035
2,BM,VRE.HM,BL,71645742184902.0,0.37176743766360126
2,BM,VSH.HM,SH,2772596649860.0,1.10372060055707
2,BM,YEG.HM,BL,8731010356328.0,0.037845676762771514
3,BM,AAA.HM,SH,2190198101152.0,1.336460965783596
3,BM,ACB.HM,BN,33455005218246.0,0.583434014511965
3,BM,ANV.HM,SN,2623066060879.0,0.5914373600385522
3,BM,BHN.HM,BL,14503782778946.0,0.3425946894586693
3,BM,BIC.HM,SN,2303929977512.0,0.9249767943782485
3,BM,BID.HM,BL,101867739532354.0,0.5273497600576297
3,BM,BMP.HM,SH,2192250649288.0,1.082897179582555
3,BM,BVH.HM,BL,52485026179063.0,0.2909704595058971
3,BM,BWE.HM,SH,3180599445255.0,1.2532005979723215
3,BM,CII.HM,SH,5762981914448.0,1.3370593850149288
3,BM,CRE.HM,SN,2004545331829.0,0.6561031133174661
3,BM,CTD.HM,BN,11198631361665.0,0.721651562977554
3,BM,CTG.HM,BN,68599105439496.0,1.019184208774628
3,BM,DBC.HM,SH,1971210411494.0,1.3348240212173863
3,BM,DCM.HM,SH,3575894064569.0,1.731357273745808
3,BM,DGC.HM,SN,3714692032983.0,0.7862808471660905
3,BM,DHG.HM,BL,7065667569235.0,0.4163292189224085
3,BM,DIG.HM,SN,3753780113189.0,0.8000585462659434
3,BM,DMC.HM,SN,1984861800820.0,0.5358799190027127
3,BM,DPM.HM,SH,5011154600739.0,1.6263689029314947
3,BM,DTL.HM,SL,2437365556800.0,0.5031373316217037
3,BM,DXG.HM,BN,7303283682915.0,0.767142789644148
3,BM,EIB.HM,BN,17012452814033.0,0.892699198993384
3,BM,FPT.HM,BN,19800621533603.0,0.7153719249629289
3,BM,FRT.HM,SL,4566912338165.0,0.22419251589584777
3,BM,GAS.HM,BL,126032780595526.0,0.35115421264086644
3,BM,GEG.HM,SN,2819830071113.0,0.8163045145526989
3,BM,GEX.HM,BN,8500069919559.0,0.9036104092074918
3,BM,GMD.HM,BN,6096969242219.0,1.0469869801228875
3,BM,HAG.HM,SH,4525708501040.0,3.761149479708736
3,BM,HCM.HM,SN,3832946351564.0,0.7999382471705863
3,BM,HDB.HM,BN,27085293995660.0,0.5890488765806445
3,BM,HDG.HM,SN,2369422316200.0,0.9962427145439072
3,BM,HNA.HM,SH,2238155056313.0,1.0806993160467346
3,BM,HPG.HM,BN,43497008831735.0,0.8973881576221946
3,BM,HPX.HM,SL,5199899989711.0,0.4291616882118203
3,BM,HSG.HM,SH,1824424195073.0,2.823699517270911
3,BM,HT1.HM,SH,3956471908338.0,1.258009725960322
3,BM,HVN.HM,BL,45760134051645.0,0.3764527270480917
3,BM,IMP.HM,SN,2592924516484.0,0.570481725234645
3,BM,KBC.HM,BH,5782074413815.0,1.6545263033313302
3,BM,KDC.HM,SH,3745637587361.0,2.2496288275817338
3,BM,KDH.HM,BL,12601462718172.0,0.5050228514204724
3,BM,KLB.HM,SH,3071001415991.0,1.2041078785392645
3,BM,LDG.HM,SN,2686780724876.0,0.8352340605802764
3,BM,LGC.HM,BN,5970084045520.0,0.5676861679384956
3,BM,LPB.HM,BH,7611263547930.0,1.3226877425283694
3,BM,MBB.HM,BH,31049873371101.0,1.0694936369984458
3,BM,MCH.HM,BL,42518201959226.0,0.235166097568417
3,BM,MSN.HM,BL,87672389417176.0,0.25404612727067416
3,BM,MWG.HM,BL,34867878700319.0,0.2341056573006066
3,BM,NLG.HM,SN,5268472079041.0,0.9060896150978445
3,BM,NT2.HM,SN,4462056695284.0,0.8267571576896338
3,BM,NVL.HM,BL,59734710478808.0,0.3075839041124895
3,BM,PAN.HM,SH,5071920849271.0,1.079776542591976
3,BM,PC1.HM,SN,3292685339582.0,0.9783168432441032
3,BM,PDR.HM,BL,6497575740844.0,0.4946906570384174
3,BM,PGD.HM,SN,2253718490595.0,0.5888297328383929
3,BM,PHR.HM,SN,3226334824079.0,0.8492409029763831
3,BM,PLX.HM,BL,47268147495856.0,0.47204619575935697
3,BM,PNJ.HM,BL,8894593752960.0,0.3802603495094342
3,BM,PPC.HM,SH,2985876102532.0,1.9715922616664932
3,BM,PTB.HM,SN,2132917126117.0,0.7167131449617066
3,BM,PVD.HM,SH,5466220557312.0,2.4743696421483414
3,BM,PVT.HM,SH,3843388098230.0,1.2515639407694135
3,BM,REE.HM,BH,8042887644984.0,1.166700439711124
3,BM,SAB.HM,BL,133960119616758.0,0.1321487359953167
3,BM,SBT.HM,BN,9196077668775.0,0.6719835540175663
3,BM,SCR.HM,SH,2476317223711.0,1.7996863012580286
3,BM,SCS.HM,SL,4858828213525.0,0.18483099826088947
3,BM,SHB.HM,BH,7994162765282.0,2.0082156782848144
3,BM,SJS.HM,SH,2036928640703.0,1.0805476943695853
3,BM,SSI.HM,BN,9908219152363.0,0.9600170964569833
3,BM,STB.HM,BH,21553658476550.0,1.1033345000744628
3,BM,STG.HM,SN,1847163111600.0,0.8550236525132652
3,BM,TCB.HM,BN,88054382805287.0,0.5619368329389851
3,BM,TCH.HM,SN,4621740104152.0,0.9266480420098823
3,BM,TLG.HM,SL,2999855983604.0,0.4084407760951842
3,BM,TPB.HM,BN,13871142813703.0,0.7354856868694077
3,BM,VCB.HM,BL,187240403968793.0,0.3285961667240074
3,BM,VCF.HM,SN,2238793807841.0,0.5335431556744923
3,BM,VCG.HM,BN,8387891103114.0,0.9200406153964008
3,BM,VCI.HM,SN,4366154409426.0,0.8646645683644792
3,BM,VGC.HM,SH,5528099863352.0,1.2213150746293053
3,BM,VHC.HM,BN,7071104504634.0,0.5350506648486917
3,BM,VHM.HM,BL,112421345240371.0,0.41162311912989247
3,BM,VIB.HM,BH,9415710030038.0,1.0746984526624341
3,BM,VIC.HM,BL,304161523767519.0,0.3225598993930345
3,BM,VJC.HM,BL,49559801688964.0,0.25122338166065544
3,BM,VND.HM,SH,2888063388636.0,1.0704498637480022
3,BM,VNM.HM,BL,145050793002626.0,0.17890429103553537
3,BM,VPB.HM,BN,42429986401441.0,0.7538763669958108
3,BM,VPI.HM,BL,5816025633201.0,0.37790993839349885
3,BM,VRE.HM,BL,63109993587931.0,0.44071332066569835
3,BM,VSH.HM,SH,2684450513709.0,1.1068377011635573
3,BM,VTP.HM,SL,4825214254458.0,0.1277376372942498
3,BM,YEG.HM,BL,7350784492686.0,0.21150001921684838
4,BM,AAA.HM,SH,2734022799567.0,1.1427384196078416
4,BM,ACB.HM,BN,32663839552618.0,0.6852668059412499
4,BM,ANV.HM,SN,2729109341801.0,0.7596696333646474
4,BM,AST.HM,SL,2024402609655.0,0.2955284318730242
4,BM,BHN.HM,BL,17010609432115.0,0.2940934169014656
4,BM,BID.HM,BN,93872306486709.0,0.6035038886364337
4,BM,BSR.HM,SH,2910591431365.0,10.985853703370628
4,BM,BVH.HM,BL,47649327137804.0,0.33390462217054206
4,BM,BWE.HM,SH,3400396967874.0,1.2598057265529639
4,BM,CII.HM,SH,4932793221236.0,1.571535437990969
4,BM,CMG.HM,SN,2528103089434.0,0.5389635858967498
4,BM,CTD.HM,BH,7314985860322.0,1.1212107010567713
4,BM,CTG.HM,BN,69309977002519.0,1.0117662569337076
4,BM,DBC.HM,SH,2051564056325.0,1.348524736856537
4,BM,DCM.HM,SH,2950980538727.0,2.022025156108294
4,BM,DGC.HM,SH,2744268731645.0,1.1579094863709791
4,BM,DHG.HM,BL,9916198059815.0,0.30434486126543786
4,BM,DIG.HM,SN,4049303949478.0,0.7521086763606868
4,BM,DPM.HM,SH,3589486324259.0,2.249487487744885
4,BM,DXG.HM,SH,5722951288983.0,1.1566698493102732
4,BM,EIB.HM,BN,22763993800825.0,0.6693024577896267
4,BM,FPT.HM,BN,24041244007157.0,0.6460881637195623
4,BM,FRT.HM,SL,4183244390745.0,0.29229484981087617
4,BM,GAS.HM,BL,144725410741196.0,0.317347184792384
4,BM,GEG.HM,SN,4531994208616.0,0.5664220684520531
4,BM,GEX.HM,BN,8816290169242.0,0.8940060048027726
4,BM,GMD.HM,BN,6061996187399.0,1.100346593156305
4,BM,HAG.HM,SH,4961586164050.0,3.3783147765225596
4,BM,HCM.HM,SN,4843796419021.0,0.6404831222165677
4,BM,HDB.HM,BN,24582362537853.0,0.7205637364075361
4,BM,HDG.HM,SN,3578796878827.0,0.8243199465402259
4,BM,HNA.HM,SN,2295543647356.0,1.084265472033955
4,BM,HPG.HM,BN,55815183642639.0,0.7562659761597483
4,BM,HPX.HM,SL,5299898066238.0,0.48911236077697634
4,BM,HSG.HM,SH,2287056736852.0,2.2851496789382897
4,BM,HT1.HM,SH,4637622750001.0,1.1364989683373585
4,BM,HVN.HM,BL,59568265370106.0,0.3336396995297235
4,BM,IMP.HM,SN,2097792310338.0,0.7345504075881192
4,BM,KBC.HM,BH,6243760963720.0,1.5920884459051152
4,BM,KDC.HM,SH,2971745523917.0,2.82642135927975
4,BM,KDH.HM,BN,12878060574962.0,0.5437117584004423
4,BM,KLB.HM,SH,3358907798483.0,1.1346917595419939
4,BM,KOS.HM,SL,2324001448557.0,0.4841658556037697
4,BM,LDG.HM,SH,2041273285928.0,1.2978210097917497
4,BM,LGC.HM,SN,5767135012900.0,0.6256170599751072
4,BM,LPB.HM,BH,6453027790936.0,1.800338132173902
4,BM,MBB.HM,BN,33526095205244.0,1.0777103858593258
4,BM,MCH.HM,BL,41904729809673.0,0.27881731994885695
4,BM,MSN.HM,BL,94362250826621.0,0.3700008498541475
4,BM,MWG.HM,BL,38936103407494.0,0.25727045873717336
4,BM,NLG.HM,SN,5750009612593.0,1.0031466903553299
4,BM,NT2.HM,SN,4842963974213.0,0.7974272129144994
4,BM,NVL.HM,BL,55454653341119.0,0.37416752954043997
4,BM,PAN.HM,SH,4306829827933.0,1.3554696541241695
4,BM,PC1.HM,SH,2915614743414.0,1.156951626103443
4,BM,PDR.HM,BL,8180054311946.0,0.4463668669156269
4,BM,PGD.HM,SN,2116223728521.0,0.667673451779831
4,BM,PHR.HM,BL,5902890619881.0,0.4740707669345929
4,BM,PLX.HM,BL,55785999500776.0,0.4481458653365929
4,BM,PNJ.HM,BL,9306193725515.0,0.43414289922923527
4,BM,POW.HM,BN,33957254339027.0,0.8165042472987661
4,BM,PPC.HM,SH,4966554576978.0,1.1792104937976084
4,BM,PTB.HM,SN,2429509146032.0,0.716888026233452
4,BM,PVD.HM,BH,6982535163783.0,1.9720260211593157
4,BM,PVT.HM,SH,3990269172381.0,1.272961622691754
4,BM,REE.HM,BN,8732496197862.0,1.1114384334707474
4,BM,SAB.HM,BL,137716010822117.0,0.12534176680140097
4,BM,SAM.HM,SH,2042096547190.0,1.3848098332967242
4,BM,SBT.HM,BN,8060668813274.0,0.7692408255588045
4,BM,SCR.HM,SH,2472925008168.0,1.8589719620465308
4,BM,SCS.HM,SL,5560873819328.0,0.16609522668896234
4,BM,SGN.HM,SL,2376842654915.0,0.32554812439306025
4,BM,SHB.HM,BH,7550042614882.0,2.2603612814530747
4,BM,SIP.HM,SL,3917607178151.0,0.3803903890530806
4,BM,SJS.HM,SN,2232390449779.0,1.011603173005226
4,BM,SSI.HM,BN,9220406155225.0,1.0163208777955757
4,BM,STB.HM,BH,20471466419150.0,1.2445243285633587
4,BM,TCB.HM,BN,69319407740333.0,0.7771988070326983
4,BM,TCH.HM,SN,5467974208086.0,0.8209539536252323
4,BM,TDM.HM,SL,2494784154909.0,0.44821869653841373
4,BM,TLG.HM,SN,2826258405641.0,0.6021460566136819
4,BM,TPB.HM,BN,15439213473048.0,0.7346544576121321
4,BM,VCB.HM,BL,254357274961789.0,0.2869659537395392
4,BM,VCF.HM,SN,2773957533145.0,0.5431799734477907
4,BM,VCG.HM,BN,10162825763268.0,0.7448032296566681
4,BM,VCI.HM,SH,2947507586676.0,1.2267793943132186
4,BM,VGC.HM,BH,6181144627498.0,1.1478584577605881
4,BM,VHC.HM,BN,6694352435374.0,0.645698404449408
4,BM,VHM.HM,BL,121457938386289.0,0.41788813090844185
4,BM,VIB.HM,BH,9154433342230.0,1.2292864647435067
4,BM,VIC.HM,BL,387124750619210.0,0.26444416536838194
4,BM,VJC.HM,BL,53327901192212.0,0.2907881217106976
4,BM,VND.HM,SN,2799443734120.0,1.0973568582155033
4,BM,VNM.HM,BL,150429979240154.0,0.19227039031440998
4,BM,VPB.HM,BN,40196829223116.0,0.9000686048936918
4,BM,VPI.HM,BL,5767959305733.0,0.42644883278825646
4,BM,VRE.HM,BL,78714062258000.0,0.36984843853893734
4,BM,VSH.HM,SN,2868756071235.0,1.0693904753154222
4,BM,VTP.HM,BL,7398286553209.0,0.10121551877781747
4,BM,YEG.HM,SN,2299075149827.0,0.6810766148365469
5,BM,ACB.HM,BN,34227532673620.0,0.7410498805702375
5,BM,ANV.HM,SN,2272299919017.0,0.9630638004906024
5,BM,AST.HM,SL,2763972436905.0,0.2513907862475121
5,BM,BCM.HM,BN,28697471202060.0,0.5025155281755912
5,BM,BHN.HM,BL,14724401644012.0,0.3493088234864648
5,BM,BIC.HM,SN,2327510119491.0,0.948041265882682
5,BM,BID.HM,BL,166249366613681.0,0.3571562479271049
5,BM,BVH.HM,BL,41012728689354.0,0.3995531787226009
5,BM,BWE.HM,SN,2973731188600.0,0.7356494785027659
5,BM,CII.HM,SH,4932793221236.0,1.8356726119405646
5,BM,CMG.HM,SN,3465624078392.0,0.6294632035728979
5,BM,CTD.HM,SH,3612601371029.0,2.2770380249434847
5,BM,CTG.HM,BN,74286077912613.0,1.007976798668575
5,BM,CTR.HM,SL,2113654552073.0,0.39020898385883196
5,BM,DBD.HM,SL,2467724016513.0,0.4096536554478496
5,BM,DCM.HM,SH,2524922910649.0,2.394826962621903
5,BM,DGC.HM,SH,2545202578427.0,1.338337816143973
5,BM,DHG.HM,BL,8363901536588.0,0.3794528336766735
5,BM,DIG.HM,SN,4346221415421.0,0.8780606506250296
5,BM,DPM.HM,SH,3068240785578.0,2.595952879898094
5,BM,DXG.HM,BH,6611291746073.0,1.1822604218743995
5,BM,EIB.HM,BN,21553143067254.0,0.7330672816812979
5,BM,FIT.HM,SH,2572776970161.0,1.5506383838130933
5,BM,FPT.HM,BN,31394619736439.0,0.5176406186980406
5,BM,GAS.HM,BL,140457805679051.0,0.33646355661750577
5,BM,GEG.HM,SL,5390477693046.0,0.46711550874059293
5,BM,GEX.HM,BN,8917479365091.0,0.9510727601215427
5,BM,GMD.HM,SH,5753296519274.0,1.2084148140899766
5,BM,GVR.HM,BH,37778661500000.0,1.3164397735870816
5,BM,HAG.HM,SH,3691049146340.0,4.637543805661165
5,BM,HCM.HM,SN,4529871270809.0,0.9557839030286109
5,BM,HDB.HM,BN,24627057742780.0,0.7956197693061557
5,BM,HDG.HM,SN,3324171862635.0,0.9696336840213837
5,BM,HNA.HM,SN,2429450360090.0,1.0689619341227428
5,BM,HPG.HM,BN,55815183642639.0,0.8250358225139888
5,BM,HPX.HM,SN,5269898643188.0,0.5153262240611406
5,BM,HSG.HM,SH,2407022496864.0,2.2718031064414124
5,BM,HT1.HM,SH,4675381064660.0,1.201805724733929
5,BM,HVN.HM,BL,47867356100694.0,0.38862019244951146
5,BM,IMP.HM,SN,2128234564746.0,0.7080765569230624
5,BM,KBC.HM,BH,7257794923913.0,1.4119273852108414
5,BM,KDC.HM,SH,3167234048615.0,2.607388812103808
5,BM,KDH.HM,BN,14361079051806.0,0.5054968025600467
5,BM,KLB.HM,SN,3998699759991.0,0.9785423349736082
5,BM,KOS.HM,SL,2863501784836.0,0.3946595347876566
5,BM,LGC.HM,BN,6680405660108.0,0.5758893626426579
5,BM,LPB.HM,BH,6370296665766.0,1.9293632062773183
5,BM,MBB.HM,BN,36717105970742.0,1.0263055598670452
5,BM,MCH.HM,BL,36323502205220.0,0.29900903909384524
5,BM,MSN.HM,BN,64234544237204.0,0.5996168332380236
5,BM,MWG.HM,BL,47804095958459.0,0.23616650429282446
5,BM,NLG.HM,SN,6066043233494.0,0.9504775024354767
5,BM,NT2.HM,SN,3926972660797.0,1.07184567542157
5,BM,NVL.HM,BL,57687710255026.0,0.38985748542072834
5,BM,PAN.HM,SH,4231437812337.0,1.4040476953252778
5,BM,PC1.HM,SH,2788156175100.0,1.296210315885687
5,BM,PDR.HM,BL,8584638425602.0,0.45342552583675505
5,BM,PGD.HM,SL,3404082037366.0,0.3865104990536799
5,BM,PGV.HM,BH,8328625699794.0,1.3987505351121905
5,BM,PHR.HM,SN,3980560935836.0,0.8013283435127441
5,BM,PLX.HM,BL,53401359025915.0,0.46640264347570587
5,BM,PNJ.HM,BL,11203993291617.0,0.3677527721225852
5,BM,POW.HM,BH,25579642248033.0,1.1436584411855322
5,BM,PPC.HM,SH,4888132432884.0,1.2226102282914197
5,BM,PTB.HM,SN,2508342776207.0,0.6818088077491948
5,BM,PVD.HM,SH,6198090058807.0,2.2392218138358886
5,BM,PVT.HM,SH,4349031215424.0,1.2517903672257824
5,BM,REE.HM,BN,9983924786469.0,1.0594697843634284
5,BM,SAB.HM,BL,114832835943929.0,0.1652900083783699
5,BM,SAM.HM,SH,2116161164062.0,1.3312026197440723
5,BM,SBT.HM,BN,9918251952097.0,0.716425253534889
5,BM,SCR.HM,SH,2157838785081.0,2.214560787678409
5,BM,SCS.HM,SL,4256572805250.0,0.2439077864852879
5,BM,SGN.HM,SL,2416377947354.0,0.35389334249280074
5,BM,SHB.HM,BH,7216952498665.0,2.5222310945467883
5,BM,SIP.HM,SL,5677034096702.0,0.29438681530359095
5,BM,SSI.HM,BH,6998427245558.0,1.3893895569119001
5,BM,STB.HM,BH,18126716961450.0,1.4470273936412703
5,BM,TCB.HM,BN,80301151495812.0,0.733995987630065
5,BM,TCH.HM,BN,8937027647330.0,0.4986368565424949
5,BM,TLG.HM,SN,2286193882105.0,0.7837841689372095
5,BM,TPB.HM,BN,14222995342881.0,0.8373208816355894
5,BM,VBB.HM,BN,6913822908138.0,0.7038058487544464
5,BM,VCB.HM,BL,325432995770056.0,0.2501003126846703
5,BM,VCF.HM,SL,3088435590733.0,0.3817011276661311
5,BM,VCG.HM,BN,10394677301017.0,0.7687986195034772
5,BM,VCI.HM,SH,2903926647158.0,1.3060931410333374
5,BM,VGC.HM,SH,5862811533704.0,1.179985041813605
5,BM,VHC.HM,SN,5939107183352.0,0.8067697279017126
5,BM,VHM.HM,BN,129092142876252.0,0.4917675775177367
5,BM,VIB.HM,BN,11757509624091.0,1.0630198400510589
5,BM,VIC.HM,BL,387386215078826.0,0.32372901244956465
5,BM,VJC.HM,BL,58911711860278.0,0.25202704125080805
5,BM,VND.HM,SH,2617661020009.0,1.183750853628231
5,BM,VNM.HM,BL,146090071185535.0,0.19057166595890207
5,BM,VPB.HM,BN,42207359782732.0,0.9593408639733466
5,BM,VPI.HM,SL,6056709844311.0,0.37053335462717674
5,BM,VRE.HM,BL,77258825940000.0,0.3627302457681122
5,BM,VSH.HM,SN,3525845450849.0,0.8786058952025432
5,BM,VTP.HM,BL,6224418946147.0,0.1347083402090136
5,OP,ACB.HM,BN,34227532673620.0,0.045782
5,OP,ANV.HM,SR,2272299919017.0,0.189326
5,OP,AST.HM,SR,2763972436905.0,0.083892
5,OP,BCM.HM,BN,28697471202060.0,0.051335
5,OP,BHN.HM,BW,14724401644012.0,-0.007877
5,OP,BIC.HM,SR,2327510119491.0,0.200059
5,OP,BID.HM,BR,166249366613681.0,0.1022
5,OP,BVH.HM,BR,41012728689354.0,0.670236
5,OP,BWE.HM,SW,2973731188600.0,0.022887
5,OP,CII.HM,SW,4932793221236.0,-0.011339
5,OP,CMG.HM,SN,3465624078392.0,0.045791
5,OP,CTD.HM,SN,3612601371029.0,0.045999
5,OP,CTG.HM,BW,74286077912613.0,-0.032217
5,OP,CTR.HM,SN,2113654552073.0,0.06094
5,OP,DBD.HM,SN,2467724016513.0,0.04742
5,OP,DCM.HM,SW,2524922910649.0,0.015642
5,OP,DGC.HM,SR,2545202578427.0,0.093018
5,OP,DHG.HM,BN,8363901536588.0,0.070584
5,OP,DIG.HM,SN,4346221415421.0,0.051632
5,OP,DPM.HM,SW,3068240785578.0,0.027824
5,OP,DXG.HM,BR,6611291746073.0,0.118563
5,OP,EIB.HM,BW,21553143067254.0,-0.005801
5,OP,FIT.HM,SW,2572776970161.0,0.001409
5,OP,FPT.HM,BN,31394619736439.0,0.060937
5,OP,GAS.HM,BN,140457805679051.0,0.069911
5,OP,GEG.HM,SW,5390477693046.0,0.025343
5,OP,GEX.HM,BN,8917479365091.0,0.033
5,OP,GMD.HM,SW,5753296519274.0,0.007188
5,OP,HAG.HM,SW,3691049146340.0,-0.02241
5,OP,HCM.HM,SW,4529871270809.0,0.028847
5,OP,HDB.HM,BR,24627057742780.0,0.075143
5,OP,HDG.HM,SR,3324171862635.0,0.263712
5,OP,HNA.HM,SW,2429450360090.0,0.020826
5,OP,HPG.HM,BN,55815183642639.0,0.049592
5,OP,HPX.HM,SR,5269898643188.0,0.128621
5,OP,HSG.HM,SW,2407022496864.0,-0.024747
5,OP,HT1.HM,SN,4675381064660.0,0.048816
5,OP,HVN.HM,BW,47867356100694.0,0.019142
5,OP,IMP.HM,SN,2128234564746.0,0.029817
5,OP,KBC.HM,BN,7257794923913.0,0.037069
5,OP,KDC.HM,SW,3167234048615.0,-0.007218
5,OP,KDH.HM,BR,14361079051806.0,0.085587
5,OP,KLB.HM,SW,3998699759991.0,-4.3e-05
5,OP,LGC.HM,BW,6680405660108.0,0.020075
5,OP,LPB.HM,BN,6370296665766.0,0.052016
5,OP,MBB.HM,BN,36717105970742.0,0.057724
5,OP,MCH.HM,BR,36323502205220.0,0.092443
5,OP,MSN.HM,BN,64234544237204.0,0.035659
5,OP,MWG.HM,BR,47804095958459.0,0.093927
5,OP,NLG.HM,SN,6066043233494.0,0.030335
5,OP,NT2.HM,SN,3926972660797.0,0.056109
5,OP,NVL.HM,BR,57687710255026.0,0.116694
5,OP,PAN.HM,SN,4231437812337.0,0.031376
5,OP,PC1.HM,SW,2788156175100.0,0.021408
5,OP,PDR.HM,BR,8584638425602.0,0.104178
5,OP,PGD.HM,SN,3404082037366.0,0.044265
5,OP,PHR.HM,SN,3980560935836.0,0.030562
5,OP,PLX.HM,BN,53401359025915.0,0.033555
5,OP,PNJ.HM,BR,11203993291617.0,0.090727
5,OP,PPC.HM,SN,4888132432884.0,0.066105
5,OP,PTB.HM,SR,2508342776207.0,0.091464
5,OP,PVD.HM,SW,6198090058807.0,0.025516
5,OP,PVT.HM,SN,4349031215424.0,0.052981
5,OP,REE.HM,BW,9983924786469.0,0.020271
5,OP,SAB.HM,BN,114832835943929.0,0.06846
5,OP,SAM.HM,SW,2116161164062.0,0.025171
5,OP,SBT.HM,BW,9918251952097.0,-0.031295
5,OP,SCR.HM,SW,2157838785081.0,0.013455
5,OP,SCS.HM,SR,4256572805250.0,0.138873
5,OP,SGN.HM,SR,2416377947354.0,0.107817
5,OP,SHB.HM,BR,7216952498665.0,0.094847
5,OP,SSI.HM,BN,6998427245558.0,0.045986
5,OP,STB.HM,BW,18126716961450.0,0.029197
5,OP,TCB.HM,BN,80301151495812.0,0.045694
5,OP,TCH.HM,BW,8937027647330.0,0.008677
5,OP,TLG.HM,SN,2286193882105.0,0.043717
5,OP,TPB.HM,BN,14222995342881.0,0.06671
5,OP,VBB.HM,BW,6913822908138.0,0.012859
5,OP,VCB.HM,BR,325432995770056.0,0.123053
5,OP,VCF.HM,SR,3088435590733.0,0.177559
5,OP,VCG.HM,BN,10394677301017.0,0.03532
5,OP,VCI.HM,SN,2903926647158.0,0.055007
5,OP,VGC.HM,SW,5862811533704.0,0.021524
5,OP,VHC.HM,SR,5939107183352.0,0.115752
5,OP,VHM.HM,BN,129092142876252.0,0.036949
5,OP,VIB.HM,BR,11757509624091.0,0.07662
5,OP,VIC.HM,BN,387386215078826.0,0.055014
5,OP,VJC.HM,BR,58911711860278.0,0.14254
5,OP,VND.HM,SN,2617661020009.0,0.067037
5,OP,VNM.HM,BR,146090071185535.0,0.099421
5,OP,VPB.HM,BR,42207359782732.0,0.112
5,OP,VPI.HM,SR,6056709844311.0,0.170988
5,OP,VRE.HM,BN,77258825940000.0,0.031549
5,OP,VSH.HM,SW,3525845450849.0,0.007267
5,OP,VTP.HM,BR,6224418946147.0,0.156355
6,BM,ACB.HM,BN,34356093947829.0,0.856103288245275
6,BM,AGG.HM,SN,2037966799776.0,0.7135272915951477
6,BM,BCM.HM,BN,25360555946175.0,0.632989966389092
6,BM,BHN.HM,BL,10127895310772.0,0.5018974260195562
6,BM,BID.HM,BL,136529815706726.0,0.5806007837165408
6,BM,BMP.HM,SN,2485335082098.0,1.0347305588255469
6,BM,BVH.HM,BN,28810518261159.0,0.6945168451431757
6,BM,BWE.HM,SN,3044842151929.0,0.7349149000667733
6,BM,CII.HM,SH,3834622096221.0,2.3240346220297763
6,BM,CMG.HM,SN,2997426953577.0,0.7514454265703054
6,BM,CTD.HM,SH,4901307123201.0,1.7532023192841666
6,BM,CTG.HM,BN,76596410482729.0,1.0289155001300014
6,BM,CTR.HM,SL,2351440689208.0,0.3967323698188671
6,BM,DBC.HM,SN,4357136579145.0,0.7745165081311753
6,BM,DBD.HM,SL,2207495213485.0,0.45050294067591534
6,BM,DCM.HM,SH,3309591261070.0,1.8685647490175676
6,BM,DGC.HM,SN,4120307452837.0,0.8861256904052297
6,BM,DHG.HM,BL,8633704811991.0,0.408814509921732
6,BM,DIG.HM,SN,3756929855124.0,1.0610380811596045
6,BM,DPM.HM,SH,3431395780572.0,2.4093016806341354
6,BM,DXG.HM,SH,5096943138781.0,1.7677165768611747
6,BM,EIB.HM,BN,21553143067254.0,0.7496587365277747
6,BM,FIT.HM,SH,2279837018078.0,1.7840381621129748
6,BM,FPT.HM,BL,28872387032169.0,0.6106419070174994
6,BM,GAS.HM,BL,103432108770881.0,0.5023886819310219
6,BM,GEG.HM,SL,4392241083280.0,0.6054718953229798
6,BM,GEX.HM,BN,7341612953117.0,1.1761051407918584
6,BM,GMD.HM,SH,4592760311562.0,1.4552539015098076
6,BM,GVR.HM,BH,39204271368000.0,1.2906451408260744
6,BM,HAG.HM,SH,4822476271600.0,3.403550632205458
6,BM,HCM.HM,SN,3888024017925.0,1.1324201296474428
6,BM,HDB.HM,BN,21828075096893.0,0.9798302830213523
6,BM,HDG.HM,SH,2772896905268.0,1.2362762410659036
6,BM,HHV.HM,SH,3745648042534.0,1.9666040578429855
6,BM,HNA.HM,SN,2133692407662.0,1.147488071857474
6,BM,HPG.HM,BN,63653060496805.0,0.7865043489569034
6,BM,HPX.HM,BL,6577868146276.0,0.4597789238854258
6,BM,HSG.HM,SH,3705258799962.0,1.5763598972001367
6,BM,HT1.HM,SH,4190642559900.0,1.3010341884789867
6,BM,HVN.HM,BL,35599130018384.0,0.4478309477879677
6,BM,IMP.HM,SN,2505109435507.0,0.6386960405125699
6,BM,KBC.HM,BH,6506178621113.0,1.6100592526220874
6,BM,KDC.HM,SH,4624650230279.0,1.7738579374784618
6,BM,KDH.HM,BN,11934161242584.0,0.6551396236462379
6,BM,KLB.HM,SN,3326918200594.0,1.1534449507399531
6,BM,KOS.HM,SL,3413377127572.0,0.33481968476420365
6,BM,LGC.HM,BL,7187778241867.0,0.5527574705586634
6,BM,LPB.HM,BH,7462268984025.0,1.7508690758762695
6,BM,MBB.HM,BH,30383474861679.0,1.447630667665161
6,BM,MCH.HM,BL,34961370872264.0,0.3880322991164933
6,BM,MSN.HM,BN,61505997224708.0,0.8383964219229812
6,BM,MWG.HM,BL,34657329535717.0,0.3860300581014231
6,BM,NLG.HM,SN,5512964621147.0,1.1439590099812538
6,BM,NT2.HM,SN,4023476409856.0,1.0702444933082422
6,BM,NTC.HM,SL,2360204430168.0,0.28216396028991286
6,BM,NVL.HM,BL,59626792953406.0,0.41417808954959584
6,BM,PAN.HM,SH,3624625729132.0,1.7004295190560192
6,BM,PC1.HM,SH,2668663767883.0,1.4210566298385265
6,BM,PDR.HM,BL,8923091598126.0,0.463239406116722
6,BM,PGV.HM,BH,9109434359263.0,1.283122337527954
6,BM,PHR.HM,SL,5178897343107.0,0.5355354483584128
6,BM,PLX.HM,BL,44698213137477.0,0.4912923227694943
6,BM,PNJ.HM,BN,7638757438236.0,0.652662166777912
6,BM,POW.HM,BH,21670089941547.0,1.3795069786138554
6,BM,PPC.HM,SH,4556211108636.0,1.3328833654400296
6,BM,PVD.HM,SH,4110094403870.0,3.4510226323863855
6,BM,PVT.HM,SH,2744031600282.0,2.1200149026400266
6,BM,QCG.HM,SH,2107489220060.0,2.0187338115698052
6,BM,REE.HM,BH,8844967754058.0,1.2187614495950272
6,BM,SAB.HM,BL,80549558568933.0,0.2295071530799065
6,BM,SAM.HM,SN,2459877037939.0,1.1733985725710805
6,BM,SBT.HM,BN,7157225057216.0,1.0875156433143718
6,BM,SCR.HM,SH,2117539588755.0,2.2597839915472044
6,BM,SCS.HM,SL,4127862073924.0,0.2727127567203027
6,BM,SHB.HM,BN,21058883513265.0,0.9119365225560587
6,BM,SIP.HM,SL,4933966806383.0,0.3783090282276025
6,BM,SJS.HM,SN,2670895716943.0,0.8391370365669844
6,BM,SSI.HM,BH,6787393022537.0,1.3672578061342715
6,BM,STB.HM,BH,19389274361750.0,1.4207104652839497
6,BM,TCB.HM,BN,66661890095249.0,0.9689309725198354
6,BM,TCH.HM,SN,5830281436321.0,0.8096260257332645
6,BM,TLG.HM,SN,2043883183788.0,0.8462256322191062
6,BM,TPB.HM,BN,13750547476670.0,1.0081661856388275
6,BM,VBB.HM,SN,5447254412401.0,0.9525652020561476
6,BM,VCB.HM,BL,289714740130440.0,0.2936405167431161
6,BM,VCF.HM,SL,3678361490092.0,0.4200337937409618
6,BM,VCG.HM,BN,10124183840192.0,0.7577498028725556
6,BM,VGC.HM,BN,6069921723845.0,1.180929834468001
6,BM,VHC.HM,SN,5257570293649.0,0.9566049397906098
6,BM,VHM.HM,BN,114934631923835.0,0.6293888777399783
6,BM,VIB.HM,BN,11825472108398.0,1.2079690239052254
6,BM,VIC.HM,BL,301036342833983.0,0.4056398667696515
6,BM,VJC.HM,BL,43518911634131.0,0.3160398776625021
6,BM,VND.HM,SH,2389924195381.0,1.3835840089199376
6,BM,VNM.HM,BL,143177909992769.0,0.22522164234378458
6,BM,VPB.HM,BN,43157025374684.0,1.0316683463109513
6,BM,VPI.HM,BL,6056709844311.0,0.44471212861616066
6,BM,VRE.HM,BL,56353496568000.0,0.4870275434796158
6,BM,VSH.HM,SN,2820676360547.0,1.1160535370802054
6,BM,VTP.HM,BL,7233204085703.0,0.14739816292303318
6,OP,ACB.HM,BN,34356093947829.0,0.045782
6,OP,BCM.HM,BN,25360555946175.0,0.051335
6,OP,BHN.HM,BW,10127895310772.0,-0.007877
6,OP,BID.HM,BR,136529815706726.0,0.1022
6,OP,BMP.HM,SN,2485335082098.0,0.057575
6,OP,BVH.HM,BR,28810518261159.0,0.670236
6,OP,BWE.HM,SW,3044842151929.0,0.022887
6,OP,CII.HM,SW,3834622096221.0,-0.011339
6,OP,CMG.HM,SN,2997426953577.0,0.045791
6,OP,CTD.HM,SN,4901307123201.0,0.045999
6,OP,CTG.HM,BW,76596410482729.0,-0.032217
6,OP,CTR.HM,SN,2351440689208.0,0.06094
6,OP,DBC.HM,SN,4357136579145.0,0.039423
6,OP,DBD.HM,SN,2207495213485.0,0.04742
6,OP,DCM.HM,SW,3309591261070.0,0.015642
6,OP,DGC.HM,SR,4120307452837.0,0.093018
6,OP,DHG.HM,BR,8633704811991.0,0.070584
6,OP,DIG.HM,SN,3756929855124.0,0.051632
6,OP,DPM.HM,SW,3431395780572.0,0.027824
6,OP,DXG.HM,SR,5096943138781.0,0.118563
6,OP,EIB.HM,BW,21553143067254.0,-0.005801
6,OP,FIT.HM,SW,2279837018078.0,0.001409
6,OP,FPT.HM,BN,28872387032169.0,0.060937
6,OP,GAS.HM,BR,103432108770881.0,0.069911
6,OP,GEG.HM,SW,4392241083280.0,0.025343
6,OP,GEX.HM,BN,7341612953117.0,0.033
6,OP,GMD.HM,SW,4592760311562.0,0.007188
6,OP,HAG.HM,SW,4822476271600.0,-0.02241
6,OP,HCM.HM,SN,3888024017925.0,0.028847
6,OP,HDB.HM,BR,21828075096893.0,0.075143
6,OP,HDG.HM,SR,2772896905268.0,0.263712
6,OP,HNA.HM,SW,2133692407662.0,0.020826
6,OP,HPG.HM,BN,63653060496805.0,0.049592
6,OP,HPX.HM,BR,6577868146276.0,0.128621
6,OP,HSG.HM,SW,3705258799962.0,-0.024747
6,OP,HT1.HM,SN,4190642559900.0,0.048816
6,OP,HVN.HM,BW,35599130018384.0,0.019142
6,OP,IMP.HM,SN,2505109435507.0,0.029817
6,OP,KBC.HM,BN,6506178621113.0,0.037069
6,OP,KDC.HM,SW,4624650230279.0,-0.007218
6,OP,KDH.HM,BR,11934161242584.0,0.085587
6,OP,KLB.HM,SW,3326918200594.0,-4.3e-05
6,OP,LGC.HM,BW,7187778241867.0,0.020075
6,OP,LPB.HM,BN,7462268984025.0,0.052016
6,OP,MBB.HM,BN,30383474861679.0,0.057724
6,OP,MCH.HM,BR,34961370872264.0,0.092443
6,OP,MSN.HM,BN,61505997224708.0,0.035659
6,OP,MWG.HM,BR,34657329535717.0,0.093927
6,OP,NLG.HM,SN,5512964621147.0,0.030335
6,OP,NT2.HM,SN,4023476409856.0,0.056109
6,OP,NTC.HM,SR,2360204430168.0,0.657899
6,OP,NVL.HM,BR,59626792953406.0,0.116694
6,OP,PAN.HM,SN,3624625729132.0,0.031376
6,OP,PC1.HM,SW,2668663767883.0,0.021408
6,OP,PDR.HM,BR,8923091598126.0,0.104178
6,OP,PHR.HM,SN,5178897343107.0,0.030562
6,OP,PLX.HM,BN,44698213137477.0,0.033555
6,OP,PNJ.HM,BR,7638757438236.0,0.090727
6,OP,PPC.HM,SN,4556211108636.0,0.066105
6,OP,PVD.HM,SW,4110094403870.0,0.025516
6,OP,PVT.HM,SN,2744031600282.0,0.052981
6,OP,QCG.HM,SW,2107489220060.0,0.00219
6,OP,REE.HM,BW,8844967754058.0,0.020271
6,OP,SAB.HM,BR,80549558568933.0,0.06846
6,OP,SAM.HM,SW,2459877037939.0,0.025171
6,OP,SBT.HM,BW,7157225057216.0,-0.031295
6,OP,SCR.HM,SW,2117539588755.0,0.013455
6,OP,SCS.HM,SR,4127862073924.0,0.138873
6,OP,SHB.HM,BR,21058883513265.0,0.094847
6,OP,SJS.HM,SN,2670895716943.0,0.028091
6,OP,SSI.HM,BN,6787393022537.0,0.045986
6,OP,STB.HM,BN,19389274361750.0,0.029197
6,OP,TCB.HM,BN,66661890095249.0,0.045694
6,OP,TCH.HM,SW,5830281436321.0,0.008677
6,OP,TLG.HM,SN,2043883183788.0,0.043717
6,OP,TPB.HM,BN,13750547476670.0,0.06671
6,OP,VBB.HM,SW,5447254412401.0,0.012859
6,OP,VCB.HM,BR,289714740130440.0,0.123053
6,OP,VCF.HM,SR,3678361490092.0,0.177559
6,OP,VCG.HM,BN,10124183840192.0,0.03532
6,OP,VGC.HM,BW,6069921723845.0,0.021524
6,OP,VHC.HM,SR,5257570293649.0,0.115752
6,OP,VHM.HM,BN,114934631923835.0,0.036949
6,OP,VIB.HM,BR,11825472108398.0,0.07662
6,OP,VIC.HM,BN,301036342833983.0,0.055014
6,OP,VJC.HM,BR,43518911634131.0,0.14254
6,OP,VND.HM,SN,2389924195381.0,0.067037
6,OP,VNM.HM,BR,143177909992769.0,0.099421
6,OP,VPB.HM,BR,43157025374684.0,0.112
6,OP,VPI.HM,SR,6056709844311.0,0.170988
6,OP,VRE.HM,BN,56353496568000.0,0.031549
6,OP,VSH.HM,SW,2820676360547.0,0.007267
6,OP,VTP.HM,BR,7233204085703.0,0.156355
7,BM,ACB.HM,BN,55045076162731.0,0.5980365601217612
7,BM,APH.HM,BL,10424315289641.0,0.41533110286163494
7,BM,ASM.HM,SH,3912733926957.0,1.7225864759331668
7,BM,BCM.HM,BL,39699245422170.0,0.4091280806983205
7,BM,BHN.HM,BL,15036029192033.0,0.37360998094653547
7,BM,BID.HM,BN,175474997002076.0,0.4641158363948369
7,BM,BSR.HM,BH,28369793434596.0,1.0514803259089291
7,BM,BVB.HM,SN,5105349989528.0,0.7522128762723757
7,BM,BVH.HM,BN,42402267721199.0,0.49335408956397364
7,BM,BWE.HM,SN,5462614901000.0,0.4586191286115338
7,BM,CII.HM,SH,4521262416441.0,1.8778271779210698
7,BM,CMG.HM,SN,3779176743816.0,0.5973823147322264
7,BM,CTD.HM,SH,5686295929197.0,1.4965602897666528
7,BM,CTG.HM,BN,124562380883362.0,0.6689215669217311
7,BM,CTR.HM,SL,4449243307929.0,0.21580545454996325
7,BM,DBC.HM,SN,5740447348327.0,0.6869767967103316
7,BM,DCM.HM,SH,5718381842024.0,1.1385345463514214
7,BM,DGC.HM,SN,6397371624063.0,0.6345727869089667
7,BM,DGW.HM,SL,3416564505606.0,0.31006198655222006
7,BM,DHG.HM,BL,9918807987519.0,0.3386053941637074
7,BM,DIG.HM,SN,8495261793944.0,0.48196126089872326
7,BM,DPM.HM,SH,4845044087293.0,1.6914100771804632
7,BM,DXG.HM,SH,7251470039369.0,1.2526223444055495
7,BM,EIB.HM,BN,23308876631957.0,0.7120510894654178
7,BM,FIT.HM,SH,3910111533674.0,1.0289412933041502
7,BM,FPT.HM,BN,38177866429566.0,0.4762288390109935
7,BM,GAS.HM,BL,136178265769663.0,0.35096690170564854
7,BM,GEG.HM,SN,5257497222604.0,0.5245547202258073
7,BM,GEX.HM,BN,9981044800888.0,0.7757416865118311
7,BM,GMD.HM,SN,8541777524849.0,0.7622056500403988
7,BM,GVR.HM,BL,111970791004000.0,0.4378316370451529
7,BM,HAG.HM,SH,4868846235750.0,3.231059368745233
7,BM,HCM.HM,SN,7007224185089.0,0.6358539895705376
7,BM,HDB.HM,BN,34491480797775.0,0.6924945362606989
7,BM,HDG.HM,SN,5633413143285.0,0.6952550755072239
7,BM,HHV.HM,SH,4545527170534.0,1.5945458604726617
7,BM,HPG.HM,BN,119965680229582.0,0.4583583477021526
7,BM,HPX.HM,SL,7538093670259.0,0.40794826651647875
7,BM,HSG.HM,SH,7166505301091.0,0.9196586389630734
7,BM,HT1.HM,SH,5870380622005.0,0.971657555620955
7,BM,HVN.HM,BL,40137664523835.0,0.16470106412253632
7,BM,IMP.HM,SN,3427758193454.0,0.4762846731414017
7,BM,KBC.HM,BH,11462148617700.0,0.9099196462971543
7,BM,KDC.HM,SH,7193651558429.0,1.1022113562066347
7,BM,KDH.HM,BN,16373040868406.0,0.4748700625919187
7,BM,KLB.HM,SN,6173992429870.0,0.632883510043804
7,BM,KOS.HM,SL,4010261440500.0,0.28573099527923407
7,BM,LGC.HM,BL,11973332834811.0,0.3682089275405657
7,BM,LPB.HM,BH,12412797277792.0,1.1089570458568367
7,BM,MBB.HM,BH,48412235739589.0,0.9967313688952482
7,BM,MCH.HM,BL,50173818932751.0,0.2547062165414942
7,BM,MCM.HM,SL,5997237864420.0,0.15424379074039968
7,BM,MSB.HM,BN,22089993740089.0,0.7316363322760672
7,BM,MSN.HM,BL,102782271793358.0,0.27821661752613563
7,BM,MWG.HM,BL,51690936374699.0,0.2944467856769528
7,BM,NAB.HM,SH,6755418152116.0,0.904907862451892
7,BM,NLG.HM,SH,7427575670735.0,0.8379421166317262
7,BM,NT2.HM,SN,5016632758120.0,0.8161607033753417
7,BM,NTC.HM,SL,5574048732108.0,0.13050342567311907
7,BM,NVL.HM,BN,65094866659145.0,0.47929569415836326
7,BM,PAN.HM,SH,6332762274282.0,0.9527347038140735
7,BM,PC1.HM,SH,4253920945649.0,1.0960885387879813
7,BM,PDR.HM,BL,20402752487942.0,0.25968324152548833
7,BM,PGV.HM,BH,15182390597963.0,0.8955916943061207
7,BM,PHR.HM,SN,6827394704179.0,0.4790615755509201
7,BM,PLX.HM,BL,57214327475418.0,0.407327749855365
7,BM,PNJ.HM,BL,10974336211128.0,0.4467932339648101
7,BM,POW.HM,BH,31327357674790.0,0.9820568196941376
7,BM,PPC.HM,SH,4700108764052.0,1.2958057079182133
7,BM,PVD.HM,SH,6671696327243.0,2.1050954754926248
7,BM,PVT.HM,SH,4267376651495.0,1.4062356524157946
7,BM,REE.HM,BN,14125976234014.0,0.8202161722326254
7,BM,SAB.HM,BL,101090501493189.0,0.2081849828035421
7,BM,SBT.HM,BN,12197600523283.0,0.6300718691072098
7,BM,SCR.HM,SH,3337506168436.0,1.4412276851476442
7,BM,SCS.HM,SL,4889926882308.0,0.21613216006558505
7,BM,SHB.HM,BH,27538539980153.0,0.8670063851317998
7,BM,SIP.HM,BL,12176817651285.0,0.19123872394937755
7,BM,SSI.HM,BN,16095153479314.0,0.5900217319252152
7,BM,STB.HM,BH,30481742950100.0,0.9252949231338975
7,BM,TCB.HM,BN,107555446524602.0,0.656483286356393
7,BM,TCH.HM,SH,5750382252341.0,1.236528537921855
7,BM,TPB.HM,BN,22600997999554.0,0.6830702785914431
7,BM,VBB.HM,SH,5028234842642.0,1.054620988468727
7,BM,VCB.HM,BL,356094308116287.0,0.2627843744400475
7,BM,VCF.HM,SL,4364789388681.0,0.4375982190440103
7,BM,VCG.HM,BN,17813926527321.0,0.4938349628134446
7,BM,VCI.HM,SN,6267570833953.0,0.6382230319287998
7,BM,VGC.HM,SN,9023504689668.0,0.7716009799425473
7,BM,VHC.HM,SN,6489330587839.0,0.827501292760958
7,BM,VHM.HM,BN,136247014003248.0,0.5781984109987321
7,BM,VIB.HM,BN,26423780717727.0,0.6264016560240291
7,BM,VIC.HM,BL,368976802005294.0,0.33755945176795416
7,BM,VJC.HM,BL,50369110687652.0,0.2776060090222494
7,BM,VND.HM,SN,5666112019991.0,0.6297393215478059
7,BM,VNM.HM,BL,168050274320128.0,0.18858357479416615
7,BM,VPB.HM,BN,69065260988617.0,0.7199896487496897
7,BM,VPI.HM,SN,5947914362576.0,0.5031036710069586
7,BM,VRE.HM,BL,71350798074000.0,0.39749053641398235
7,BM,VTP.HM,SL,8172227668407.0,0.14011620676791608
7,OP,ACB.HM,BN,55045076162731.0,0.044615
7,OP,ASM.HM,SW,3912733926957.0,0.018628
7,OP,BCM.HM,BN,39699245422170.0,0.03063
7,OP,BHN.HM,BW,15036029192033.0,0.028286
7,OP,BID.HM,BR,175474997002076.0,0.071123
7,OP,BSR.HM,BN,28369793434596.0,0.049086
7,OP,BVB.HM,SW,5105349989528.0,0.020257
7,OP,BVH.HM,BR,42402267721199.0,0.609772
7,OP,BWE.HM,SR,5462614901000.0,0.076273
7,OP,CII.HM,SW,4521262416441.0,-0.02172
7,OP,CMG.HM,SN,3779176743816.0,0.0398
7,OP,CTD.HM,SN,5686295929197.0,0.031594
7,OP,CTG.HM,BN,124562380883362.0,0.057311
7,OP,CTR.HM,SR,4449243307929.0,0.092009
7,OP,DBC.HM,SR,5740447348327.0,0.090677
7,OP,DCM.HM,SW,5718381842024.0,0.02046
7,OP,DGC.HM,SN,6397371624063.0,0.053603
7,OP,DGW.HM,SN,3416564505606.0,0.052489
7,OP,DHG.HM,BR,9918807987519.0,0.07534
7,OP,DIG.HM,SR,8495261793944.0,0.087498
7,OP,DPM.HM,SN,4845044087293.0,0.035711
7,OP,DXG.HM,SR,7251470039369.0,0.069044
7,OP,EIB.HM,BN,23308876631957.0,0.031044
7,OP,FIT.HM,SW,3910111533674.0,0.003319
7,OP,FPT.HM,BN,38177866429566.0,0.066063
7,OP,GAS.HM,BR,136178265769663.0,0.075915
7,OP,GEG.HM,SN,5257497222604.0,0.031264
7,OP,GEX.HM,BW,9981044800888.0,0.027934
7,OP,GMD.HM,SW,8541777524849.0,0.002689
7,OP,GVR.HM,BW,111970791004000.0,0.021734
7,OP,HAG.HM,SW,4868846235750.0,-0.042038
7,OP,HCM.HM,SN,7007224185089.0,0.039819
7,OP,HDB.HM,BR,34491480797775.0,0.088781
7,OP,HDG.HM,SR,5633413143285.0,0.10088
7,OP,HHV.HM,SW,4545527170534.0,-0.012205
7,OP,HPG.HM,BN,119965680229582.0,0.047101
7,OP,HPX.HM,SN,7538093670259.0,0.036268
7,OP,HSG.HM,SN,7166505301091.0,0.039542
7,OP,HT1.HM,SN,5870380622005.0,0.051789
7,OP,HVN.HM,BW,40137664523835.0,-0.030306
7,OP,IMP.HM,SN,3427758193454.0,0.045474
7,OP,KBC.HM,BN,11462148617700.0,0.048278
7,OP,KDC.HM,SW,7193651558429.0,-0.002161
7,OP,KDH.HM,BN,16373040868406.0,0.068824
7,OP,KLB.HM,SW,6173992429870.0,-0.032622
7,OP,KOS.HM,SW,4010261440500.0,0.002989
7,OP,LGC.HM,BW,11973332834811.0,0.009007
7,OP,LPB.HM,BN,12412797277792.0,0.040895
7,OP,MBB.HM,BR,48412235739589.0,0.077566
7,OP,MCH.HM,BR,50173818932751.0,0.12925
7,OP,MSB.HM,BN,22089993740089.0,0.028997
7,OP,MSN.HM,BN,102782271793358.0,0.038876
7,OP,MWG.HM,BR,51690936374699.0,0.090105
7,OP,NAB.HM,SN,6755418152116.0,0.065025
7,OP,NLG.HM,SN,7427575670735.0,0.060252
7,OP,NT2.HM,SN,5016632758120.0,0.063327
7,OP,NTC.HM,SR,5574048732108.0,0.083922
7,OP,NVL.HM,BW,65094866659145.0,-0.012155
7,OP,PAN.HM,SW,6332762274282.0,0.025359
7,OP,PC1.HM,SW,4253920945649.0,0.020789
7,OP,PDR.HM,BR,20402752487942.0,0.137186
7,OP,PGV.HM,BW,15182390597963.0,0.025707
7,OP,PHR.HM,SW,6827394704179.0,0.008799
7,OP,PLX.HM,BN,57214327475418.0,0.037774
7,OP,PNJ.HM,BR,10974336211128.0,0.10921
7,OP,POW.HM,BW,31327357674790.0,0.014173
7,OP,PPC.HM,SR,4700108764052.0,0.085391
7,OP,PVD.HM,SW,6671696327243.0,0.002176
7,OP,PVT.HM,SN,4267376651495.0,0.03518
7,OP,REE.HM,BW,14125976234014.0,0.017254
7,OP,SAB.HM,BN,101090501493189.0,0.068049
7,OP,SBT.HM,BW,12197600523283.0,-0.022845
7,OP,SCR.HM,SW,3337506168436.0,0.021977
7,OP,SCS.HM,SR,4889926882308.0,0.145676
7,OP,SHB.HM,BR,27538539980153.0,0.102332
7,OP,SIP.HM,BR,12176817651285.0,0.173729
7,OP,SSI.HM,BN,16095153479314.0,0.033558
7,OP,STB.HM,BW,30481742950100.0,0.022985
7,OP,TCB.HM,BN,107555446524602.0,0.059245
7,OP,TCH.HM,SN,5750382252341.0,0.060554
7,OP,TPB.HM,BR,22600997999554.0,0.087482
7,OP,VBB.HM,SN,5028234842642.0,0.034481
7,OP,VCB.HM,BR,356094308116287.0,0.088004
7,OP,VCF.HM,SR,4364789388681.0,0.203172
7,OP,VCG.HM,BW,17813926527321.0,0.025383
7,OP,VCI.HM,SN,6267570833953.0,0.055268
7,OP,VGC.HM,SN,9023504689668.0,0.028372
7,OP,VHC.HM,SN,6489330587839.0,0.041675
7,OP,VHM.HM,BR,136247014003248.0,0.120457
7,OP,VIB.HM,BR,26423780717727.0,0.092093
7,OP,VIC.HM,BW,368976802005294.0,-0.014756
7,OP,VJC.HM,BW,50369110687652.0,-0.011672
7,OP,VND.HM,SN,5666112019991.0,0.051379
7,OP,VNM.HM,BR,168050274320128.0,0.089781
7,OP,VPB.HM,BR,69065260988617.0,0.146897
7,OP,VPI.HM,SR,5947914362576.0,0.228912
7,OP,VRE.HM,BN,71350798074000.0,0.040792
7,OP,VTP.HM,SR,8172227668407.0,0.163251
7,INV,ACB.HM,BN,55045076162731.0,0.164518
7,INV,ASM.HM,SA,3912733926957.0,0.302356
7,INV,BCM.HM,BC,39699245422170.0,-0.036947
7,INV,BHN.HM,BC,15036029192033.0,-0.15546
7,INV,BID.HM,BN,175474997002076.0,0.134889
7,INV,BSR.HM,BC,28369793434596.0,0.006998
7,INV,BVB.HM,SN,5105349989528.0,0.11293
7,INV,BVH.HM,BN,42402267721199.0,0.133099
7,INV,BWE.HM,SC,5462614901000.0,-0.549464
7,INV,CII.HM,SA,4521262416441.0,0.313284
7,INV,CMG.HM,SA,3779176743816.0,0.314684
7,INV,CTD.HM,SC,5686295929197.0,-0.03712
7,INV,CTG.HM,BN,124562380883362.0,0.065638
7,INV,CTR.HM,SN,4449243307929.0,0.052902
7,INV,DBC.HM,SN,5740447348327.0,0.148732
7,INV,DCM.HM,SC,5718381842024.0,-0.077783
7,INV,DGC.HM,SC,6397371624063.0,-0.001721
7,INV,DGW.HM,SN,3416564505606.0,0.081733
7,INV,DHG.HM,BC,9918807987519.0,-0.014062
7,INV,DIG.HM,SN,8495261793944.0,0.19981
7,INV,DPM.HM,SC,4845044087293.0,0.027487
7,INV,DXG.HM,SA,7251470039369.0,0.448097
7,INV,EIB.HM,BN,23308876631957.0,0.097518
7,INV,FIT.HM,SC,3910111533674.0,0.01682
7,INV,FPT.HM,BN,38177866429566.0,0.122226
7,INV,GAS.HM,BC,136178265769663.0,-0.006957
7,INV,GEG.HM,SA,5257497222604.0,0.550998
7,INV,GEX.HM,BA,9981044800888.0,0.230999
7,INV,GMD.HM,SC,8541777524849.0,0.013606
7,INV,GVR.HM,BC,111970791004000.0,0.014783
7,INV,HAG.HM,SC,4868846235750.0,-0.302132
7,INV,HCM.HM,SA,7007224185089.0,0.424704
7,INV,HDB.HM,BN,34491480797775.0,0.062112
7,INV,HDG.HM,SA,5633413143285.0,0.250158
7,INV,HPG.HM,BA,119965680229582.0,0.301101
7,INV,HPX.HM,SC,7538093670259.0,-0.095905
7,INV,HSG.HM,SC,7166505301091.0,-0.156754
7,INV,HT1.HM,SC,5870380622005.0,-0.032543
7,INV,HVN.HM,BC,40137664523835.0,-0.07204
7,INV,IMP.HM,SN,3427758193454.0,0.041103
7,INV,KBC.HM,BC,11462148617700.0,-0.028193
7,INV,KDC.HM,SC,7193651558429.0,-0.048049
7,INV,KDH.HM,BA,16373040868406.0,0.294238
7,INV,KLB.HM,SA,6173992429870.0,0.207808
7,INV,LGC.HM,BN,11973332834811.0,0.20267
7,INV,LPB.HM,BN,12412797277792.0,0.153994
7,INV,MBB.HM,BN,48412235739589.0,0.135686
7,INV,MCH.HM,BN,50173818932751.0,0.200366
7,INV,MSB.HM,BN,22089993740089.0,0.139431
7,INV,MSN.HM,BA,102782271793358.0,0.506648
7,INV,MWG.HM,BA,51690936374699.0,0.483085
7,INV,NAB.HM,SA,6755418152116.0,0.261507
7,INV,NLG.HM,SN,7427575670735.0,0.138911
7,INV,NT2.HM,SC,5016632758120.0,-0.145515
7,INV,NTC.HM,SC,5574048732108.0,0.040113
7,INV,NVL.HM,BA,65094866659145.0,0.301743
7,INV,PAN.HM,SN,6332762274282.0,0.140464
7,INV,PC1.HM,SA,4253920945649.0,0.260481
7,INV,PDR.HM,BA,20402752487942.0,0.262625
7,INV,PHR.HM,SN,6827394704179.0,0.150803
7,INV,PLX.HM,BN,57214327475418.0,0.097352
7,INV,PNJ.HM,BA,10974336211128.0,0.336301
7,INV,PPC.HM,SN,4700108764052.0,0.040243
7,INV,PVD.HM,SC,6671696327243.0,-0.005336
7,INV,PVT.HM,SN,4267376651495.0,0.077931
7,INV,REE.HM,BA,14125976234014.0,0.266012
7,INV,SAB.HM,BA,101090501493189.0,0.205472
7,INV,SBT.HM,BC,12197600523283.0,0.019558
7,INV,SCR.HM,SC,3337506168436.0,0.000555
7,INV,SCS.HM,SN,4889926882308.0,0.105554
7,INV,SHB.HM,BN,27538539980153.0,0.129853
7,INV,SSI.HM,BN,16095153479314.0,0.135085
7,INV,STB.HM,BN,30481742950100.0,0.117083
7,INV,TCB.HM,BN,107555446524602.0,0.195367
7,INV,TCH.HM,SA,5750382252341.0,0.572092
7,INV,TPB.HM,BA,22600997999554.0,0.207514
7,INV,VBB.HM,SA,5028234842642.0,0.333954
7,INV,VCB.HM,BN,356094308116287.0,0.138532
7,INV,VCF.HM,SC,4364789388681.0,0.003921
7,INV,VCG.HM,BC,17813926527321.0,-0.038178
7,INV,VCI.HM,SN,6267570833953.0,0.112591
7,INV,VGC.HM,SN,9023504689668.0,0.197768
7,INV,VHC.HM,SN,6489330587839.0,0.049837
7,INV,VHM.HM,BA,136247014003248.0,0.64795
7,INV,VIB.HM,BA,26423780717727.0,0.325979
7,INV,VIC.HM,BA,368976802005294.0,0.401259
7,INV,VJC.HM,BA,50369110687652.0,0.250026
7,INV,VND.HM,SN,5666112019991.0,0.108887
7,INV,VNM.HM,BN,168050274320128.0,0.196268
7,INV,VPB.HM,BN,69065260988617.0,0.166763
7,INV,VPI.HM,SA,5947914362576.0,0.334701
7,INV,VRE.HM,BC,71350798074000.0,-0.073545
7,INV,VTP.HM,SN,8172227668407.0,0.197444
8,BM,AAA.HM,SH,5400348994974.0,0.7643312302968805
8,BM,ACB.HM,BN,87415890525933.0,0.4338951965346369
8,BM,APH.HM,SN,11433296124640.0,0.39079140061297807
8,BM,BCM.HM,BL,52418421139410.0,0.3249395332573291
8,BM,BHN.HM,BN,13250106480594.0,0.3862983801665674
8,BM,BID.HM,BN,173093812285973.0,0.4752526558493643
8,BM,BSR.HM,BN,60178349709447.0,0.5468883043179322
8,BM,BVB.HM,SN,8516489218620.0,0.47257078552987913
8,BM,BVH.HM,BN,37519582347562.0,0.566829035239752
8,BM,BWE.HM,SN,6093324450072.0,0.5724948727881675
8,BM,CTD.HM,SH,4610243107131.0,1.8166214960360056
8,BM,CTG.HM,BN,189998190231221.0,0.4833577882412329
8,BM,CTR.HM,SL,5890354835435.0,0.19405157025308264
8,BM,DBC.HM,SH,7027185105684.0,0.6445056054565333
8,BM,DCM.HM,SH,8577572763036.0,0.7529286114349567
8,BM,DGC.HM,SN,11748042130470.0,0.3665082728056016
8,BM,DGW.HM,SL,5310892880493.0,0.23827993502111983
8,BM,DHG.HM,SN,9487930495891.0,0.3975572036677084
8,BM,DIG.HM,SN,10504662565749.0,0.45795461184773356
8,BM,DPM.HM,SH,6365700345319.0,1.2802215652134359
8,BM,DXG.HM,SH,10911302879891.0,0.887111700154152
8,BM,EIB.HM,BN,36688777243414.0,0.4631562640330388
8,BM,FPT.HM,BL,66397239674646.0,0.2971554318297373
8,BM,GAS.HM,BL,150860386614033.0,0.3418828499792162
8,BM,GEG.HM,SH,4593671815913.0,0.7262959153232177
8,BM,GEX.HM,BN,16221973747692.0,0.5289573249568865
8,BM,GMD.HM,SH,10948577147029.0,0.6170597879648941
8,BM,GVR.HM,BN,130850673960000.0,0.39844775036652014
8,BM,HAG.HM,SH,5471655769700.0,0.867023696057566
8,BM,HCM.HM,SN,11643911428511.0,0.4089835128261515
8,BM,HDB.HM,BN,51555687088701.0,0.5122901757580953
8,BM,HDG.HM,SH,6437496427330.0,0.6763809709463307
8,BM,HHV.HM,SH,4866387911925.0,1.529632894115187
8,BM,HPG.HM,BL,202337516490627.0,0.32728265873457835
8,BM,HPX.HM,SN,9177959661683.0,0.40192344323232326
8,BM,HSG.HM,BN,14922953803177.0,0.5457957682034107
8,BM,HT1.HM,SH,5382583951234.0,1.017576568209644
8,BM,HVN.HM,BL,39144860101266.0,0.026322168224626664
8,BM,IJC.HM,SN,5721594039690.0,0.5878774754115974
8,BM,IMP.HM,SL,4951365706381.0,0.3579500622823963
8,BM,KBC.HM,BH,18038791267200.0,0.6301715846823743
8,BM,KDC.HM,SH,12015342332733.0,0.6519829261617992
8,BM,KDH.HM,BL,23396904673006.0,0.3574783136441877
8,BM,KLB.HM,SN,8349285099749.0,0.5321180133294959
8,BM,KOS.HM,SL,4769405581500.0,0.3623818453069003
8,BM,LGC.HM,SN,9682782205615.0,0.4684203514976119
8,BM,LPB.HM,BN,29980909554077.0,0.503944017200286
8,BM,MBB.HM,BN,92089361997746.0,0.5833873080944458
8,BM,MCH.HM,BL,64446682729168.0,0.23550997049087283
8,BM,MSB.HM,BN,34941403560059.0,0.508889403066955
8,BM,MSN.HM,BL,129437352664435.0,0.19627333591921076
8,BM,MWG.HM,BL,69395823708707.0,0.24430179438956445
8,BM,NAB.HM,SH,10133127227398.0,0.687519345574123
8,BM,NKG.HM,SH,5358161090983.0,0.6531733046885552
8,BM,NLG.HM,SH,10235390250985.0,0.9575178118575249
8,BM,NVL.HM,BL,178306331248516.0,0.21176432885840255
8,BM,OCB.HM,BN,31912623563437.0,0.5785603634557925
8,BM,ORS.HM,SL,5080001882856.0,0.20814666665803147
8,BM,PAN.HM,SH,5047681893433.0,1.2061955015214183
8,BM,PC1.HM,SH,5066467642889.0,1.016899564587405
8,BM,PDR.HM,BL,45464506308501.0,0.15105473543879402
8,BM,PGV.HM,BH,15182390597963.0,1.0376654837353958
8,BM,PHR.HM,SN,6133818099299.0,0.5408359284391113
8,BM,PLX.HM,BN,59826904228320.0,0.4425703768388605
8,BM,PNJ.HM,BN,13688551415972.0,0.42027451254669473
8,BM,POW.HM,BH,27756960293362.0,1.1364178782825345
8,BM,PPC.HM,SH,5375129251636.0,1.1604691333170216
8,BM,PVD.HM,SH,9060328345168.0,1.5348653224743747
8,BM,PVT.HM,SH,6401064977500.0,1.0082146287650304
8,BM,REE.HM,BH,16597344361208.0,0.7608135608406414
8,BM,SAB.HM,BL,88369415767850.0,0.23968722172577658
8,BM,SBT.HM,BH,12226711741536.0,0.6706784439170754
8,BM,SCS.HM,SL,5442759922246.0,0.2118474810890043
8,BM,SHB.HM,BN,51012974371368.0,0.5020751939211648
8,BM,SIP.HM,SL,11905293415502.0,0.25275987898657887
8,BM,SJS.HM,SL,6549104636244.0,0.33289929937603957
8,BM,SSB.HM,BL,49739861031231.0,0.2859967781387253
8,BM,SSI.HM,BN,29802291735530.0,0.3841051997573308
8,BM,STB.HM,BN,55191794927400.0,0.5387371445178095
8,BM,TCB.HM,BN,179941969264968.0,0.4395459565274313
8,BM,TCH.HM,SH,7116406024089.0,1.2450085188612046
8,BM,TCM.HM,SL,6008971759393.0,0.27765672736470604
8,BM,TPB.HM,BN,32194165307046.0,0.5575490412255387
8,BM,VBB.HM,SH,9075963273270.0,0.5936229398225465
8,BM,VCB.HM,BL,423384856636704.0,0.2385717803002864
8,BM,VCF.HM,SL,4635054985506.0,0.33975034004932875
8,BM,VCG.HM,BN,19733423255524.0,0.38985485788232116
8,BM,VCI.HM,SN,11668605436666.0,0.4208644574152438
8,BM,VGC.HM,SH,10471308258235.0,0.6966535133808193
8,BM,VHC.HM,SH,7131993762170.0,0.7531024194968965
8,BM,VHM.HM,BN,179632934665674.0,0.5266555221406065
8,BM,VIB.HM,BL,56460419980532.0,0.3422882261000479
8,BM,VIC.HM,BL,405806279469779.0,0.34443640246924573
8,BM,VJC.HM,BL,50619843709795.0,0.28900851407812944
8,BM,VND.HM,BL,17498865670321.0,0.25668572613059004
8,BM,VNM.HM,BL,140940189938342.0,0.24098123208352012
8,BM,VPB.HM,BN,143868251352469.0,0.38921243202445466
8,BM,VPI.HM,SN,6375950178751.0,0.4649320455778248
8,BM,VRE.HM,BN,72146109517500.0,0.4174438954701325
8,BM,VTP.HM,SL,7831436878853.0,0.16819919543933354
8,OP,AAA.HM,SW,5400348994974.0,0.025845
8,OP,ACB.HM,BN,87415890525933.0,0.044615
8,OP,BCM.HM,BN,52418421139410.0,0.03063
8,OP,BHN.HM,BW,13250106480594.0,0.028286
8,OP,BID.HM,BR,173093812285973.0,0.071123
8,OP,BSR.HM,BN,60178349709447.0,0.049086
8,OP,BVB.HM,SW,8516489218620.0,0.020257
8,OP,BVH.HM,BR,37519582347562.0,0.609772
8,OP,BWE.HM,SR,6093324450072.0,0.076273
8,OP,CTD.HM,SN,4610243107131.0,0.031594
8,OP,CTG.HM,BN,189998190231221.0,0.057311
8,OP,CTR.HM,SR,5890354835435.0,0.092009
8,OP,DBC.HM,SR,7027185105684.0,0.090677
8,OP,DCM.HM,SW,8577572763036.0,0.02046
8,OP,DGC.HM,SN,11748042130470.0,0.053603
8,OP,DGW.HM,SN,5310892880493.0,0.052489
8,OP,DHG.HM,SR,9487930495891.0,0.07534
8,OP,DIG.HM,SR,10504662565749.0,0.087498
8,OP,DPM.HM,SN,6365700345319.0,0.035711
8,OP,DXG.HM,SN,10911302879891.0,0.069044
8,OP,EIB.HM,BN,36688777243414.0,0.031044
8,OP,FPT.HM,BN,66397239674646.0,0.066063
8,OP,GAS.HM,BR,150860386614033.0,0.075915
8,OP,GEG.HM,SN,4593671815913.0,0.031264
8,OP,GEX.HM,BW,16221973747692.0,0.027934
8,OP,GMD.HM,SW,10948577147029.0,0.002689
8,OP,GVR.HM,BW,130850673960000.0,0.021734
8,OP,HAG.HM,SW,5471655769700.0,-0.042038
8,OP,HCM.HM,SN,11643911428511.0,0.039819
8,OP,HDB.HM,BR,51555687088701.0,0.088781
8,OP,HDG.HM,SR,6437496427330.0,0.10088
8,OP,HHV.HM,SW,4866387911925.0,-0.012205
8,OP,HPG.HM,BN,202337516490627.0,0.047101
8,OP,HPX.HM,SN,9177959661683.0,0.036268
8,OP,HSG.HM,BN,14922953803177.0,0.039542
8,OP,HT1.HM,SN,5382583951234.0,0.051789
8,OP,HVN.HM,BW,39144860101266.0,-0.030306
8,OP,IJC.HM,SN,5721594039690.0,0.039621
8,OP,IMP.HM,SN,4951365706381.0,0.045474
8,OP,KBC.HM,BN,18038791267200.0,0.048278
8,OP,KDC.HM,SW,12015342332733.0,-0.002161
8,OP,KDH.HM,BN,23396904673006.0,0.068824
8,OP,KLB.HM,SW,8349285099749.0,-0.032622
8,OP,KOS.HM,SW,4769405581500.0,0.002989
8,OP,LGC.HM,SW,9682782205615.0,0.009007
8,OP,LPB.HM,BN,29980909554077.0,0.040895
8,OP,MBB.HM,BR,92089361997746.0,0.077566
8,OP,MCH.HM,BR,64446682729168.0,0.12925
8,OP,MSB.HM,BW,34941403560059.0,0.028997
8,OP,MSN.HM,BN,129437352664435.0,0.038876
8,OP,MWG.HM,BR,69395823708707.0,0.090105
8,OP,NAB.HM,SN,10133127227398.0,0.065025
8,OP,NKG.HM,SW,5358161090983.0,0.00473
8,OP,NLG.HM,SN,10235390250985.0,0.060252
8,OP,NVL.HM,BW,178306331248516.0,-0.012155
8,OP,OCB.HM,BR,31912623563437.0,0.085476
8,OP,ORS.HM,SR,5080001882856.0,0.091905
8,OP,PAN.HM,SW,5047681893433.0,0.025359
8,OP,PC1.HM,SW,5066467642889.0,0.020789
8,OP,PDR.HM,BR,45464506308501.0,0.137186
8,OP,PGV.HM,BW,15182390597963.0,0.025707
8,OP,PHR.HM,SW,6133818099299.0,0.008799
8,OP,PLX.HM,BN,59826904228320.0,0.037774
8,OP,PNJ.HM,BR,13688551415972.0,0.10921
8,OP,POW.HM,BW,27756960293362.0,0.014173
8,OP,PPC.HM,SR,5375129251636.0,0.085391
8,OP,PVD.HM,SW,9060328345168.0,0.002176
8,OP,PVT.HM,SN,6401064977500.0,0.03518
8,OP,REE.HM,BW,16597344361208.0,0.017254
8,OP,SAB.HM,BN,88369415767850.0,0.068049
8,OP,SBT.HM,BW,12226711741536.0,-0.022845
8,OP,SCS.HM,SR,5442759922246.0,0.145676
8,OP,SHB.HM,BR,51012974371368.0,0.102332
8,OP,SIP.HM,SR,11905293415502.0,0.173729
8,OP,SJS.HM,SN,6549104636244.0,0.050108
8,OP,SSI.HM,BN,29802291735530.0,0.033558
8,OP,STB.HM,BW,55191794927400.0,0.022985
8,OP,TCB.HM,BN,179941969264968.0,0.059245
8,OP,TCH.HM,SN,7116406024089.0,0.060554
8,OP,TCM.HM,SN,6008971759393.0,0.050924
8,OP,TPB.HM,BR,32194165307046.0,0.087482
8,OP,VBB.HM,SN,9075963273270.0,0.034481
8,OP,VCB.HM,BR,423384856636704.0,0.088004
8,OP,VCF.HM,SR,4635054985506.0,0.203172
8,OP,VCG.HM,BW,19733423255524.0,0.025383
8,OP,VCI.HM,SN,11668605436666.0,0.055268
8,OP,VGC.HM,SW,10471308258235.0,0.028372
8,OP,VHC.HM,SN,7131993762170.0,0.041675
8,OP,VHM.HM,BR,179632934665674.0,0.120457
8,OP,VIB.HM,BR,56460419980532.0,0.092093
8,OP,VIC.HM,BW,405806279469779.0,-0.014756
8,OP,VJC.HM,BW,50619843709795.0,-0.011672
8,OP,VND.HM,BN,17498865670321.0,0.051379
8,OP,VNM.HM,BR,140940189938342.0,0.089781
8,OP,VPB.HM,BR,143868251352469.0,0.146897
8,OP,VPI.HM,SR,6375950178751.0,0.228912
8,OP,VRE.HM,BN,72146109517500.0,0.040792
8,OP,VTP.HM,SR,7831436878853.0,0.163251
8,INV,AAA.HM,SN,5400348994974.0,0.060868
8,INV,ACB.HM,BN,87415890525933.0,0.164518
8,INV,BCM.HM,BC,52418421139410.0,-0.036947
8,INV,BHN.HM,BC,13250106480594.0,-0.15546
8,INV,BID.HM,BN,173093812285973.0,0.134889
8,INV,BSR.HM,BC,60178349709447.0,0.006998
8,INV,BVB.HM,SN,8516489218620.0,0.11293
8,INV,BVH.HM,BN,37519582347562.0,0.133099
8,INV,BWE.HM,SC,6093324450072.0,-0.549464
8,INV,CTD.HM,SC,4610243107131.0,-0.03712
8,INV,CTG.HM,BN,189998190231221.0,0.065638
8,INV,CTR.HM,SN,5890354835435.0,0.052902
8,INV,DBC.HM,SN,7027185105684.0,0.148732
8,INV,DCM.HM,SC,8577572763036.0,-0.077783
8,INV,DGC.HM,SC,11748042130470.0,-0.001721
8,INV,DGW.HM,SN,5310892880493.0,0.081733
8,INV,DHG.HM,SC,9487930495891.0,-0.014062
8,INV,DIG.HM,SN,10504662565749.0,0.19981
8,INV,DPM.HM,SC,6365700345319.0,0.027487
8,INV,DXG.HM,SA,10911302879891.0,0.448097
8,INV,EIB.HM,BN,36688777243414.0,0.097518
8,INV,FPT.HM,BN,66397239674646.0,0.122226
8,INV,GAS.HM,BC,150860386614033.0,-0.006957
8,INV,GEG.HM,SA,4593671815913.0,0.550998
8,INV,GEX.HM,BA,16221973747692.0,0.230999
8,INV,GMD.HM,SC,10948577147029.0,0.013606
8,INV,GVR.HM,BC,130850673960000.0,0.014783
8,INV,HAG.HM,SC,5471655769700.0,-0.302132
8,INV,HCM.HM,SA,11643911428511.0,0.424704
8,INV,HDB.HM,BN,51555687088701.0,0.062112
8,INV,HDG.HM,SA,6437496427330.0,0.250158
8,INV,HPG.HM,BA,202337516490627.0,0.301101
8,INV,HPX.HM,SC,9177959661683.0,-0.095905
8,INV,HSG.HM,BC,14922953803177.0,-0.156754
8,INV,HT1.HM,SC,5382583951234.0,-0.032543
8,INV,HVN.HM,BC,39144860101266.0,-0.07204
8,INV,IJC.HM,SC,5721594039690.0,-0.069294
8,INV,IMP.HM,SN,4951365706381.0,0.041103
8,INV,KBC.HM,BC,18038791267200.0,-0.028193
8,INV,KDC.HM,SC,12015342332733.0,-0.048049
8,INV,KDH.HM,BA,23396904673006.0,0.294238
8,INV,KLB.HM,SA,8349285099749.0,0.207808
8,INV,LGC.HM,SA,9682782205615.0,0.20267
8,INV,LPB.HM,BN,29980909554077.0,0.153994
8,INV,MBB.HM,BN,92089361997746.0,0.135686
8,INV,MCH.HM,BA,64446682729168.0,0.200366
8,INV,MSB.HM,BN,34941403560059.0,0.139431
8,INV,MSN.HM,BA,129437352664435.0,0.506648
8,INV,MWG.HM,BA,69395823708707.0,0.483085
8,INV,NAB.HM,SA,10133127227398.0,0.261507
8,INV,NKG.HM,SC,5358161090983.0,-0.007099
8,INV,NLG.HM,SN,10235390250985.0,0.138911
8,INV,NVL.HM,BA,178306331248516.0,0.301743
8,INV,ORS.HM,SA,5080001882856.0,3.573756
8,INV,PAN.HM,SN,5047681893433.0,0.140464
8,INV,PC1.HM,SA,5066467642889.0,0.260481
8,INV,PDR.HM,BA,45464506308501.0,0.262625
8,INV,PHR.HM,SN,6133818099299.0,0.150803
8,INV,PLX.HM,BN,59826904228320.0,0.097352
8,INV,PNJ.HM,BA,13688551415972.0,0.336301
8,INV,PPC.HM,SN,5375129251636.0,0.040243
8,INV,PVD.HM,SC,9060328345168.0,-0.005336
8,INV,PVT.HM,SN,6401064977500.0,0.077931
8,INV,REE.HM,BA,16597344361208.0,0.266012
8,INV,SAB.HM,BA,88369415767850.0,0.205472
8,INV,SBT.HM,BC,12226711741536.0,0.019558
8,INV,SCS.HM,SN,5442759922246.0,0.105554
8,INV,SHB.HM,BN,51012974371368.0,0.129853
8,INV,SJS.HM,SC,6549104636244.0,0.031139
8,INV,SSI.HM,BN,29802291735530.0,0.135085
8,INV,STB.HM,BN,55191794927400.0,0.117083
8,INV,TCB.HM,BN,179941969264968.0,0.195367
8,INV,TCH.HM,SA,7116406024089.0,0.572092
8,INV,TCM.HM,SC,6008971759393.0,-0.099935
8,INV,TPB.HM,BA,32194165307046.0,0.207514
8,INV,VBB.HM,SA,9075963273270.0,0.333954
8,INV,VCB.HM,BN,423384856636704.0,0.138532
8,INV,VCF.HM,SC,4635054985506.0,0.003921
8,INV,VCG.HM,BC,19733423255524.0,-0.038178
8,INV,VCI.HM,SN,11668605436666.0,0.112591
8,INV,VGC.HM,SN,10471308258235.0,0.197768
8,INV,VHC.HM,SN,7131993762170.0,0.049837
8,INV,VHM.HM,BA,179632934665674.0,0.64795
8,INV,VIB.HM,BA,56460419980532.0,0.325979
8,INV,VIC.HM,BA,405806279469779.0,0.401259
8,INV,VJC.HM,BA,50619843709795.0,0.250026
8,INV,VND.HM,BN,17498865670321.0,0.108887
8,INV,VNM.HM,BN,140940189938342.0,0.196268
8,INV,VPB.HM,BN,143868251352469.0,0.166763
8,INV,VPI.HM,SA,6375950178751.0,0.334701
8,INV,VRE.HM,BC,72146109517500.0,-0.073545
8,INV,VTP.HM,SN,7831436878853.0,0.197444
9,BM,ACB.HM,BN,84477541265094.0,0.502896217903469
9,BM,ACG.HM,SN,8081052162097.0,0.44900868635160857
9,BM,APH.HM,SH,7248241485160.0,0.7916257826443458
9,BM,BCM.HM,BL,62772960327525.0,0.25982048393842344
9,BM,BHN.HM,SN,12219991495181.0,0.4423517085126199
9,BM,BID.HM,BN,171729209565378.0,0.5008946539595671
9,BM,BSR.HM,BN,66196184682394.0,0.5295884522796211
9,BM,BVB.HM,SN,8589907229029.0,0.5469111452244463
9,BM,BVH.HM,BH,36489964311616.0,0.6063283628806918
9,BM,BWE.HM,SN,7599191394048.0,0.5142401549709299
9,BM,CII.HM,SH,9808718568939.0,0.7944129240023523
9,BM,CRE.HM,SL,8265578901326.0,0.28511694639693475
9,BM,CTD.HM,SH,7874603759978.0,1.0554240327108495
9,BM,CTG.HM,BH,161605820193944.0,0.591570476145404
9,BM,CTR.HM,SL,7288066152266.0,0.1630099312687522
9,BM,DBC.HM,SH,8412475556871.0,0.5713121774164935
9,BM,DCM.HM,SN,14990329542869.0,0.44454456377665474
9,BM,DGC.HM,BL,23164133963729.0,0.22133201098780267
9,BM,DGW.HM,SL,10184760593840.0,0.14306738459147436
9,BM,DHG.HM,SL,11214813243094.0,0.32302362787376787
9,BM,DIG.HM,BL,48339439680336.0,0.10538371143580436
9,BM,DPM.HM,SH,13781216499923.0,0.6582300477682564
9,BM,DXG.HM,SH,18299024609695.0,0.7160662606904599
9,BM,EIB.HM,BN,40805669738674.0,0.4324113808938889
9,BM,FPT.HM,BL,70916274820154.0,0.28659335620736803
9,BM,FRT.HM,SL,7853657153967.0,0.1711024995044807
9,BM,FTS.HM,SN,7487846233099.0,0.3750655521265521
9,BM,GAS.HM,BL,156051281638069.0,0.3216451979949858
9,BM,GEX.HM,BH,32671363701175.0,0.6003935555600189
9,BM,GMD.HM,SN,12350277506386.0,0.5366856786120575
9,BM,GVR.HM,BN,138140925792000.0,0.386716319513118
9,BM,HAG.HM,SN,12334410463900.0,0.4024330773268681
9,BM,HCM.HM,SL,15716475145876.0,0.32601841567099094
9,BM,HDB.HM,BN,56003173174702.0,0.5226512417196751
9,BM,HDC.HM,SL,7143143055980.0,0.19353566007902595
9,BM,HDG.HM,SN,12468352788724.0,0.3848066322593213
9,BM,HHV.HM,SH,7192628287487.0,1.0572156012633016
9,BM,HPG.HM,BN,182300209028755.0,0.46256493318775044
9,BM,HPX.HM,SN,10128813747300.0,0.373410808007523
9,BM,HSG.HM,SH,13440084874025.0,0.8059319513515932
9,BM,HT1.HM,SH,7882610984460.0,0.7078558096737336
9,BM,HVN.HM,BL,51263239769315.0,0.02878052554876039
9,BM,KBC.HM,BN,34641966691200.0,0.4400970066161646
9,BM,KDC.HM,SH,11664790608003.0,0.6861819502165333
9,BM,KDH.HM,BL,32789803505146.0,0.2989956081762237
9,BM,KLB.HM,SN,9037049613323.0,0.5060857465314144
9,BM,LGC.HM,SN,8346627671953.0,0.5514832184028586
9,BM,LPB.HM,BH,25001673942865.0,0.6462434090182568
9,BM,MBB.HM,BH,82880396695329.0,0.7100278877323055
9,BM,MCH.HM,BL,65997247057888.0,0.22819336698887369
9,BM,MSB.HM,BN,44297491272261.0,0.4805821817121926
9,BM,MSN.HM,BL,200396479431549.0,0.16151339131212508
9,BM,MWG.HM,BL,93239610999422.0,0.20170898424438502
9,BM,NAB.HM,SH,10114780900382.0,0.7641885747330504
9,BM,NKG.HM,SH,7460446800085.0,0.7074363458587852
9,BM,NLG.HM,BH,22857522455800.0,0.5691214481458858
9,BM,NVL.HM,BL,175668340029000.0,0.23046154147442058
9,BM,OCB.HM,BH,30845997861017.0,0.6621642800716507
9,BM,PAN.HM,SH,7171060992504.0,0.8753680548794326
9,BM,PC1.HM,SH,9253522848192.0,0.6522074467655516
9,BM,PDR.HM,BL,46911896017191.0,0.16545255056330926
9,BM,PGV.HM,BN,36631921788294.0,0.458085027056657
9,BM,PHR.HM,SN,8241839537070.0,0.37864169174135853
9,BM,PLX.HM,BN,60111250199717.0,0.45586663185408194
9,BM,PNJ.HM,SN,13237449026776.0,0.41997009581747063
9,BM,POW.HM,BH,40982768711590.0,0.798586651801648
9,BM,PVD.HM,SH,12210851610759.0,1.1306604624296002
9,BM,PVT.HM,SH,7627436499860.0,0.8704144143988427
9,BM,REE.HM,BH,19876542380425.0,0.7880910882746329
9,BM,SAB.HM,BL,78910595983522.0,0.2859846825334136
9,BM,SAM.HM,SN,9012419632660.0,0.4996325549543877
9,BM,SBT.HM,SN,15372641334808.0,0.5519885383051502
9,BM,SCR.HM,SH,7821707650505.0,0.6432447966562853
9,BM,SHB.HM,BN,54883114638790.0,0.5225645845494657
9,BM,SIP.HM,SL,11612014625691.0,0.28922735842223796
9,BM,SJS.HM,SL,9339592698616.0,0.23348596496067164
9,BM,SSB.HM,BL,67419106973201.0,0.23783382367217812
9,BM,SSI.HM,BL,42101455948790.0,0.28687693366001327
9,BM,STB.HM,BN,59384295054000.0,0.5621544377961153
9,BM,TCB.HM,BN,171015606536141.0,0.5168209076948868
9,BM,TCH.HM,SH,13857437124562.0,0.6837404214491414
9,BM,TPB.HM,BN,53077494800114.0,0.46647133767788196
9,BM,VBB.HM,SH,9075963273270.0,0.6129938864324547
9,BM,VCB.HM,BL,370219911771783.0,0.2958426830038151
9,BM,VCG.HM,BN,21078656266304.0,0.36097725802315445
9,BM,VCI.HM,SN,16542067482548.0,0.38312122033501744
9,BM,VGC.HM,SN,18569119978187.0,0.3986869885426751
9,BM,VHC.HM,SH,10146605173840.0,0.5646161382327518
9,BM,VHM.HM,BH,167039775816606.0,0.715651493278141
9,BM,VIB.HM,BN,54005619109917.0,0.41030117541844907
9,BM,VIC.HM,BN,364840120206900.0,0.45032624127748755
9,BM,VIX.HM,SL,8171901078612.0,0.2843026663288504
9,BM,VJC.HM,BL,53452888460631.0,0.3167015523379475
9,BM,VND.HM,BL,32763288511123.0,0.2607449403510192
9,BM,VNM.HM,BL,137031794473043.0,0.24720480284254687
9,BM,VPB.HM,BN,111109988972726.0,0.5609081197487852
9,BM,VPI.HM,SL,10770444770320.0,0.2838857760836145
9,BM,VRE.HM,BN,68396784141000.0,0.44635075147779674
9,OP,ACB.HM,BR,84477541265094.0,0.081272
9,OP,ACG.HM,SN,8081052162097.0,0.063059
9,OP,APH.HM,SW,7248241485160.0,0.009334
9,OP,BCM.HM,BN,62772960327525.0,0.034691
9,OP,BHN.HM,SW,12219991495181.0,-0.008558
9,OP,BID.HM,BR,171729209565378.0,0.085764
9,OP,BSR.HM,BN,66196184682394.0,0.041392
9,OP,BVB.HM,SN,8589907229029.0,0.032045
9,OP,BVH.HM,BR,36489964311616.0,0.457089
9,OP,BWE.HM,SN,7599191394048.0,0.052476
9,OP,CII.HM,SW,9808718568939.0,0.018202
9,OP,CRE.HM,SN,8265578901326.0,0.060396
9,OP,CTD.HM,SW,7874603759978.0,-0.009257
9,OP,CTG.HM,BR,161605820193944.0,0.076262
9,OP,CTR.HM,SR,7288066152266.0,0.125649
9,OP,DBC.HM,SR,8412475556871.0,0.076197
9,OP,DCM.HM,SN,14990329542869.0,0.03454
9,OP,DGC.HM,BN,23164133963729.0,0.067713
9,OP,DGW.HM,SR,10184760593840.0,0.08044
9,OP,DHG.HM,SR,11214813243094.0,0.07805
9,OP,DIG.HM,BW,48339439680336.0,0.015621
9,OP,DPM.HM,SW,13781216499923.0,-0.001797
9,OP,DXG.HM,SW,18299024609695.0,0.002888
9,OP,EIB.HM,BN,40805669738674.0,0.032107
9,OP,FPT.HM,BN,70916274820154.0,0.073605
9,OP,FRT.HM,SW,7853657153967.0,0.005846
9,OP,FTS.HM,SN,7487846233099.0,0.035697
9,OP,GAS.HM,BN,156051281638069.0,0.042459
9,OP,GEX.HM,BN,32671363701175.0,0.044856
9,OP,GMD.HM,SW,12350277506386.0,0.003269
9,OP,GVR.HM,BW,138140925792000.0,0.021118
9,OP,HAG.HM,SW,12334410463900.0,-0.222856
9,OP,HCM.HM,SN,15716475145876.0,0.055483
9,OP,HDB.HM,BN,56003173174702.0,0.074227
9,OP,HDC.HM,SR,7143143055980.0,0.133727
9,OP,HDG.HM,SR,12468352788724.0,0.084354
9,OP,HHV.HM,SW,7192628287487.0,0.009635
9,OP,HPG.HM,BR,182300209028755.0,0.089995
9,OP,HPX.HM,SW,10128813747300.0,-0.00237
9,OP,HSG.HM,SR,13440084874025.0,0.099792
9,OP,HT1.HM,SN,7882610984460.0,0.036443
9,OP,HVN.HM,BW,51263239769315.0,-0.131358
9,OP,KBC.HM,BW,34641966691200.0,0.004338
9,OP,KDC.HM,SW,11664790608003.0,0.004141
9,OP,KDH.HM,BN,32789803505146.0,0.059052
9,OP,KLB.HM,SW,9037049613323.0,-0.0226
9,OP,LGC.HM,SW,8346627671953.0,0.011779
9,OP,LPB.HM,BN,25001673942865.0,0.069951
9,OP,MBB.HM,BR,82880396695329.0,0.079788
9,OP,MCH.HM,BR,65997247057888.0,0.126272
9,OP,MSB.HM,BN,44297491272261.0,0.046563
9,OP,MSN.HM,BW,200396479431549.0,0.004952
9,OP,MWG.HM,BR,93239610999422.0,0.082718
9,OP,NAB.HM,SR,10114780900382.0,0.089382
9,OP,NKG.HM,SN,7460446800085.0,0.054655
9,OP,NLG.HM,BW,22857522455800.0,0.007461
9,OP,NVL.HM,BW,175668340029000.0,0.003557
9,OP,OCB.HM,BR,30845997861017.0,0.124541
9,OP,PAN.HM,SN,7171060992504.0,0.022402
9,OP,PC1.HM,SN,9253522848192.0,0.034181
9,OP,PDR.HM,BR,46911896017191.0,0.122876
9,OP,PGV.HM,BN,36631921788294.0,0.058505
9,OP,PHR.HM,SW,8241839537070.0,0.008799
9,OP,PLX.HM,BN,60111250199717.0,0.037774
9,OP,PNJ.HM,SR,13237449026776.0,0.102299
9,OP,POW.HM,BN,40982768711590.0,0.036803
9,OP,PVD.HM,SW,12210851610759.0,-0.010167
9,OP,PVT.HM,SN,7627436499860.0,0.065998
9,OP,REE.HM,BN,19876542380425.0,0.022739
9,OP,SAB.HM,BR,78910595983522.0,0.083744
9,OP,SAM.HM,SW,9012419632660.0,0.006275
9,OP,SBT.HM,SW,15372641334808.0,0.016029
9,OP,SCR.HM,SW,7821707650505.0,-0.129528
9,OP,SHB.HM,BR,54883114638790.0,0.130246
9,OP,SIP.HM,SR,11612014625691.0,0.15615
9,OP,SJS.HM,SR,9339592698616.0,0.143676
9,OP,SSI.HM,BN,42101455948790.0,0.040457
9,OP,STB.HM,BN,59384295054000.0,0.058063
9,OP,TCB.HM,BN,171015606536141.0,0.063812
9,OP,TCH.HM,SN,13857437124562.0,0.025575
9,OP,TPB.HM,BR,53077494800114.0,0.097628
9,OP,VBB.HM,SW,9075963273270.0,-0.00832
9,OP,VCB.HM,BR,370219911771783.0,0.117397
9,OP,VCG.HM,BN,21078656266304.0,0.036623
9,OP,VCI.HM,SR,16542067482548.0,0.075166
9,OP,VGC.HM,SW,18569119978187.0,0.018919
9,OP,VHC.HM,SN,10146605173840.0,0.030001
9,OP,VHM.HM,BN,167039775816606.0,0.063533
9,OP,VIB.HM,BR,54005619109917.0,0.110684
9,OP,VIC.HM,BW,364840120206900.0,-0.033353
9,OP,VIX.HM,SN,8171901078612.0,0.046259
9,OP,VJC.HM,BN,53452888460631.0,0.023548
9,OP,VND.HM,BN,32763288511123.0,0.062096
9,OP,VNM.HM,BN,137031794473043.0,0.071335
9,OP,VPB.HM,BR,111109988972726.0,0.135505
9,OP,VPI.HM,SR,10770444770320.0,0.093955
9,OP,VRE.HM,BN,68396784141000.0,0.041169
9,INV,ACB.HM,BN,84477541265094.0,0.159096
9,INV,ACG.HM,SN,8081052162097.0,0.06548
9,INV,BCM.HM,BN,62772960327525.0,0.126947
9,INV,BHN.HM,SC,12219991495181.0,-0.011334
9,INV,BID.HM,BC,171729209565378.0,0.017939
9,INV,BSR.HM,BC,66196184682394.0,0.043127
9,INV,BVB.HM,SN,8589907229029.0,0.179369
9,INV,BVH.HM,BN,36489964311616.0,0.141725
9,INV,BWE.HM,SA,7599191394048.0,0.328372
9,INV,CII.HM,SC,9808718568939.0,0.010185
9,INV,CRE.HM,SA,8265578901326.0,0.421207
9,INV,CTD.HM,SC,7874603759978.0,-0.126009
9,INV,CTG.HM,BN,161605820193944.0,0.081243
9,INV,CTR.HM,SA,7288066152266.0,0.587429
9,INV,DBC.HM,SN,8412475556871.0,0.053102
9,INV,DCM.HM,SC,14990329542869.0,-0.143043
9,INV,DGC.HM,BA,23164133963729.0,0.244457
9,INV,DGW.HM,SA,10184760593840.0,0.275957
9,INV,DHG.HM,SN,11214813243094.0,0.07251
9,INV,DIG.HM,BA,48339439680336.0,0.442703
9,INV,DPM.HM,SC,13781216499923.0,-0.01227
9,INV,DXG.HM,SN,18299024609695.0,0.172577
9,INV,EIB.HM,BC,40805669738674.0,-0.042397
9,INV,FPT.HM,BA,70916274820154.0,0.249749
9,INV,FRT.HM,SC,7853657153967.0,-0.182929
9,INV,FTS.HM,SA,7487846233099.0,0.345558
9,INV,GAS.HM,BC,156051281638069.0,0.016559
9,INV,GEX.HM,BA,32671363701175.0,0.278925
9,INV,GMD.HM,SC,12350277506386.0,-0.028198
9,INV,GVR.HM,BC,138140925792000.0,0.02243
9,INV,HAG.HM,SN,12334410463900.0,0.109913
9,INV,HCM.HM,SA,15716475145876.0,0.667694
9,INV,HDB.HM,BA,56003173174702.0,0.390671
9,INV,HDC.HM,SA,7143143055980.0,0.352758
9,INV,HDG.HM,SC,12468352788724.0,0.001347
9,INV,HHV.HM,SN,7192628287487.0,0.093526
9,INV,HPG.HM,BA,182300209028755.0,0.292165
9,INV,HPX.HM,SN,10128813747300.0,0.080368
9,INV,HSG.HM,SC,13440084874025.0,0.037413
9,INV,HT1.HM,SC,7882610984460.0,-0.024108
9,INV,HVN.HM,BC,51263239769315.0,-0.181711
9,INV,KBC.HM,BA,34641966691200.0,0.447447
9,INV,KDC.HM,SC,11664790608003.0,0.034948
9,INV,KDH.HM,BN,32789803505146.0,0.052665
9,INV,KLB.HM,SN,9037049613323.0,0.120932
9,INV,LGC.HM,SN,8346627671953.0,0.057323
9,INV,LPB.HM,BA,25001673942865.0,0.199373
9,INV,MBB.HM,BA,82880396695329.0,0.202909
9,INV,MCH.HM,BA,65997247057888.0,0.247381
9,INV,MSB.HM,BN,44297491272261.0,0.125621
9,INV,MSN.HM,BN,200396479431549.0,0.189515
9,INV,MWG.HM,BN,93239610999422.0,0.103644
9,INV,NAB.HM,SA,10114780900382.0,0.418511
9,INV,NKG.HM,SC,7460446800085.0,-0.037358
9,INV,NLG.HM,BA,22857522455800.0,0.25112
9,INV,NVL.HM,BA,175668340029000.0,0.60633
9,INV,OCB.HM,BA,30845997861017.0,0.290868
9,INV,PAN.HM,SN,7171060992504.0,0.053113
9,INV,PC1.HM,SA,9253522848192.0,0.289394
9,INV,PDR.HM,BN,46911896017191.0,0.118621
9,INV,PGV.HM,BC,36631921788294.0,-0.041114
9,INV,PHR.HM,SN,8241839537070.0,0.150803
9,INV,PLX.HM,BN,60111250199717.0,0.097352
9,INV,PNJ.HM,SC,13237449026776.0,-0.013928
9,INV,POW.HM,BC,40982768711590.0,-0.030014
9,INV,PVD.HM,SC,12210851610759.0,-0.001701
9,INV,PVT.HM,SC,7627436499860.0,0.009284
9,INV,REE.HM,BC,19876542380425.0,0.046257
9,INV,SAB.HM,BC,78910595983522.0,0.015299
9,INV,SAM.HM,SN,9012419632660.0,0.087884
9,INV,SBT.HM,SN,15372641334808.0,0.113985
9,INV,SCR.HM,SN,7821707650505.0,0.048581
9,INV,SHB.HM,BN,54883114638790.0,0.129842
9,INV,SIP.HM,SA,11612014625691.0,0.240189
9,INV,SJS.HM,SN,9339592698616.0,0.059318
9,INV,SSI.HM,BA,42101455948790.0,0.322636
9,INV,STB.HM,BN,59384295054000.0,0.085839
9,INV,TCB.HM,BN,171015606536141.0,0.145696
9,INV,TCH.HM,SA,13857437124562.0,0.340611
9,INV,TPB.HM,BA,53077494800114.0,0.254661
9,INV,VBB.HM,SA,9075963273270.0,0.329797
9,INV,VCB.HM,BN,370219911771783.0,0.084572
9,INV,VCG.HM,BC,21078656266304.0,0.015095
9,INV,VCI.HM,SN,16542067482548.0,0.157318
9,INV,VGC.HM,SC,18569119978187.0,-0.092194
9,INV,VHC.HM,SN,10146605173840.0,0.089143
9,INV,VHM.HM,BN,167039775816606.0,0.091692
9,INV,VIB.HM,BA,54005619109917.0,0.325929
9,INV,VIC.HM,BC,364840120206900.0,0.048546
9,INV,VIX.HM,SN,8171901078612.0,0.197381
9,INV,VJC.HM,BC,53452888460631.0,-0.074949
9,INV,VND.HM,BA,32763288511123.0,0.282009
9,INV,VNM.HM,BN,137031794473043.0,0.083504
9,INV,VPB.HM,BN,111109988972726.0,0.110875
9,INV,VPI.HM,SN,10770444770320.0,0.081494
9,INV,VRE.HM,BN,68396784141000.0,0.11099
10,BM,ACB.HM,BN,73458731545249.0,0.6561960979452495
10,BM,ACG.HM,SN,7953369277581.0,0.4844349928236764
10,BM,ANV.HM,SL,5998520292530.0,0.4238071146357276
10,BM,BAF.HM,SL,4764863438456.0,0.3237310094101754
10,BM,BCM.HM,BL,65715442843185.0,0.266756970988425
10,BM,BHN.HM,SN,11064519617280.0,0.440084985325466
10,BM,BID.HM,BN,155065458766580.0,0.5793535563276713
10,BM,BSR.HM,BN,81670617463536.0,0.4882543802531395
10,BM,BVB.HM,SH,4808879688309.0,0.993869946802648
10,BM,BVH.HM,BN,34209341542650.0,0.6585097355605504
10,BM,BWE.HM,SN,9034003755018.0,0.43920067179173916
10,BM,CMG.HM,SL,6341502847772.0,0.42416986974342374
10,BM,CTG.HM,BH,124660536813569.0,0.7885127524118015
10,BM,CTR.HM,SL,6427966592437.0,0.21832350170210602
10,BM,DCM.HM,SN,13376928951953.0,0.67076762921328
10,BM,DGC.HM,BL,36622814884758.0,0.2078373824461499
10,BM,DGW.HM,SL,9772349555233.0,0.20414761349645905
10,BM,DHG.HM,SL,8996990933395.0,0.39585634635524386
10,BM,DIG.HM,BN,17696134070953.0,0.43324587769797096
10,BM,DPM.HM,SH,14056840829731.0,0.881382017075176
10,BM,DXG.HM,SH,10391946796963.0,1.3443850852142447
10,BM,DXS.HM,SH,7579514997692.0,1.055901334890032
10,BM,EIB.HM,BN,38747223491044.0,0.47613850329854723
10,BM,FPT.HM,BL,79461292001351.0,0.288938189441919
10,BM,FRT.HM,SL,10722339120796.0,0.17240907619985466
10,BM,GAS.HM,BL,187358867248017.0,0.29734020632473496
10,BM,GEG.HM,SN,7887452580014.0,0.49544767122543687
10,BM,GEX.HM,BH,15712796072297.0,1.3833039703538614
10,BM,GMD.HM,SN,13577472099699.0,0.5425384709145751
10,BM,GVR.HM,BN,84305219936000.0,0.6395563266441224
10,BM,HAG.HM,SN,7715962034560.0,0.6216456450298649
10,BM,HAH.HM,SN,4901335783916.0,0.4258315679609373
10,BM,HCM.HM,SH,6977424130968.0,1.0903837284884255
10,BM,HDB.HM,BN,44005493685367.0,0.7456224723803222
10,BM,HDG.HM,SN,11153017483451.0,0.5114827636078333
10,BM,HPG.HM,BH,115765214227987.0,0.8548158323980648
10,BM,HPX.HM,SN,8303802261300.0,0.4270826083995397
10,BM,HSG.HM,SH,5785704986140.0,1.9885424195549546
10,BM,HT1.HM,SH,5467375445771.0,0.9511252173607921
10,BM,KBC.HM,BN,25100675619300.0,0.6784430217117762
10,BM,KDC.HM,SN,14179880622218.0,0.48161728993059555
10,BM,KDH.HM,BN,25010261888919.0,0.4454439098830854
10,BM,KLB.HM,SN,9000901415244.0,0.5315773142339539
10,BM,KOS.HM,SL,7403661657000.0,0.3062518183529142
10,BM,LGC.HM,SN,7279439310523.0,0.6451484878141786
10,BM,LPB.HM,BH,18277821382612.0,0.9969820592149743
10,BM,MBB.HM,BH,69401577854098.0,0.966311574946996
10,BM,MCH.HM,BL,55233747537884.0,0.32932457430240214
10,BM,MSB.HM,BH,25967494884893.0,0.8901455108574
10,BM,MSN.HM,BL,158292181570365.0,0.23209260012421273
10,BM,MWG.HM,BL,101384196066342.0,0.21512515212343516
10,BM,NAB.HM,SH,8927593481600.0,1.274197690950561
10,BM,NLG.HM,SH,12904550046596.0,1.0027462327181527
10,BM,NT2.HM,SN,5779533242510.0,0.7563168043197628
10,BM,NVL.HM,BL,145258584968000.0,0.2991321419638586
10,BM,OCB.HM,BH,18982152528218.0,1.1838542355809227
10,BM,PC1.HM,SN,9288796759907.0,0.692682535906235
10,BM,PDR.HM,BL,34791268003852.0,0.2411085145469044
10,BM,PGV.HM,BN,24483580379171.0,0.7455166758717351
10,BM,PHR.HM,SN,7513598455966.0,0.4514994048230451
10,BM,PLX.HM,BN,44944033079908.0,0.6380391834467006
10,BM,PNJ.HM,BL,19054220448985.0,0.4202865851229611
10,BM,POW.HM,BH,31849465972481.0,0.9968197764323422
10,BM,PVD.HM,SH,8203718721032.0,1.6813202455660106
10,BM,PVT.HM,SH,6393121049811.0,1.1203565968429063
10,BM,REE.HM,BN,28839679948204.0,0.587579613380151
10,BM,SAB.HM,BL,82574355581647.0,0.2763852189208304
10,BM,SBT.HM,SH,11069488837997.0,0.8650485843548393
10,BM,SCS.HM,SL,6394783283653.0,0.22469085108169676
10,BM,SHB.HM,BH,33225203930097.0,1.138256008287188
10,BM,SIP.HM,SL,8609479415102.0,0.4111208227137698
10,BM,SJS.HM,SL,8189228231880.0,0.2699764025131394
10,BM,SSB.HM,BL,62596417456639.0,0.36089656433850764
10,BM,SSI.HM,BN,24501927107338.0,0.6149726206240052
10,BM,STB.HM,BH,40532137894000.0,0.8753817302405924
10,BM,TCB.HM,BH,121592096247196.0,0.810792749222575
10,BM,TCH.HM,SH,5833719496485.0,2.115649851157312
10,BM,TMS.HM,SN,7632470413629.0,0.4927151067238709
10,BM,TPB.HM,BN,35104847354079.0,0.7799628274645818
10,BM,VAB.HM,SH,5075619182499.0,1.269151321314731
10,BM,VBB.HM,SH,4920127458559.0,1.1846376032110075
10,BM,VCB.HM,BL,351427022851775.0,0.3331493607120277
10,BM,VCF.HM,SL,5014154669399.0,0.26824541321841905
10,BM,VCG.HM,SH,8206503996456.0,1.1148427264134646
10,BM,VCI.HM,SH,7554930025500.0,0.9464266962832375
10,BM,VGC.HM,BN,19256750267646.0,0.47241726721006444
10,BM,VHC.HM,BL,15225617440083.0,0.42278892842121146
10,BM,VHM.HM,BH,130195592898723.0,1.0451344317456897
10,BM,VIB.HM,BN,33312551316480.0,0.7808309472571651
10,BM,VIC.HM,BN,282342637862250.0,0.47657855724096726
10,BM,VJC.HM,BL,54161149648340.0,0.3159337043851773
10,BM,VND.HM,BN,19866700873143.0,0.49441942587078574
10,BM,VNM.HM,BL,116423435174620.0,0.3004310213795765
10,BM,VPB.HM,BH,90005298330581.0,1.0577379417190744
10,BM,VPI.HM,SL,12359526785694.0,0.26054532325617524
10,BM,VRE.HM,BN,64874690605500.0,0.4782824505273162
10,BM,VSH.HM,SN,8513643536053.0,0.518497721271228
10,BM,VTP.HM,SL,5312831571991.0,0.2667827159775433
10,OP,ACB.HM,BR,73458731545249.0,0.081272
10,OP,ACG.HM,SN,7953369277581.0,0.063059
10,OP,ANV.HM,SN,5998520292530.0,0.034524
10,OP,BCM.HM,BN,65715442843185.0,0.034691
10,OP,BHN.HM,SW,11064519617280.0,-0.008558
10,OP,BID.HM,BR,155065458766580.0,0.085764
10,OP,BSR.HM,BN,81670617463536.0,0.041392
10,OP,BVB.HM,SN,4808879688309.0,0.032045
10,OP,BVH.HM,BR,34209341542650.0,0.457089
10,OP,BWE.HM,SN,9034003755018.0,0.052476
10,OP,CMG.HM,SN,6341502847772.0,0.039915
10,OP,CTG.HM,BN,124660536813569.0,0.076262
10,OP,CTR.HM,SR,6427966592437.0,0.125649
10,OP,DCM.HM,SN,13376928951953.0,0.03454
10,OP,DGC.HM,BN,36622814884758.0,0.067713
10,OP,DGW.HM,SR,9772349555233.0,0.08044
10,OP,DHG.HM,SR,8996990933395.0,0.07805
10,OP,DIG.HM,BW,17696134070953.0,0.015621
10,OP,DPM.HM,SW,14056840829731.0,-0.001797
10,OP,DXG.HM,SW,10391946796963.0,0.002888
10,OP,EIB.HM,BN,38747223491044.0,0.032107
10,OP,FPT.HM,BN,79461292001351.0,0.073605
10,OP,FRT.HM,SW,10722339120796.0,0.005846
10,OP,GAS.HM,BN,187358867248017.0,0.042459
10,OP,GEG.HM,SW,7887452580014.0,0.02729
10,OP,GEX.HM,BN,15712796072297.0,0.044856
10,OP,GMD.HM,SW,13577472099699.0,0.003269
10,OP,GVR.HM,BW,84305219936000.0,0.021118
10,OP,HAG.HM,SW,7715962034560.0,-0.222856
10,OP,HAH.HM,SN,4901335783916.0,0.044668
10,OP,HCM.HM,SN,6977424130968.0,0.055483
10,OP,HDB.HM,BN,44005493685367.0,0.074227
10,OP,HDG.HM,SR,11153017483451.0,0.084354
10,OP,HPG.HM,BR,115765214227987.0,0.089995
10,OP,HPX.HM,SW,8303802261300.0,-0.00237
10,OP,HSG.HM,SR,5785704986140.0,0.099792
10,OP,HT1.HM,SN,5467375445771.0,0.036443
10,OP,KBC.HM,BW,25100675619300.0,0.004338
10,OP,KDC.HM,SW,14179880622218.0,0.004141
10,OP,KDH.HM,BN,25010261888919.0,0.059052
10,OP,KLB.HM,SW,9000901415244.0,-0.0226
10,OP,KOS.HM,SW,7403661657000.0,0.007604
10,OP,LGC.HM,SW,7279439310523.0,0.011779
10,OP,LPB.HM,BN,18277821382612.0,0.069951
10,OP,MBB.HM,BR,69401577854098.0,0.079788
10,OP,MCH.HM,BR,55233747537884.0,0.126272
10,OP,MSB.HM,BN,25967494884893.0,0.046563
10,OP,MSN.HM,BW,158292181570365.0,0.004952
10,OP,MWG.HM,BR,101384196066342.0,0.082718
10,OP,NAB.HM,SR,8927593481600.0,0.089382
10,OP,NLG.HM,SW,12904550046596.0,0.007461
10,OP,NT2.HM,SN,5779533242510.0,0.060518
10,OP,NVL.HM,BW,145258584968000.0,0.003557
10,OP,OCB.HM,BR,18982152528218.0,0.124541
10,OP,PC1.HM,SN,9288796759907.0,0.034181
10,OP,PDR.HM,BR,34791268003852.0,0.122876
10,OP,PGV.HM,BN,24483580379171.0,0.058505
10,OP,PHR.HM,SN,7513598455966.0,0.04342
10,OP,PLX.HM,BN,44944033079908.0,0.041904
10,OP,PNJ.HM,BR,19054220448985.0,0.102299
10,OP,POW.HM,BN,31849465972481.0,0.036803
10,OP,PVD.HM,SW,8203718721032.0,-0.010167
10,OP,PVT.HM,SN,6393121049811.0,0.065998
10,OP,REE.HM,BW,28839679948204.0,0.022739
10,OP,SAB.HM,BR,82574355581647.0,0.083744
10,OP,SBT.HM,SW,11069488837997.0,0.016029
10,OP,SCS.HM,SR,6394783283653.0,0.136454
10,OP,SHB.HM,BR,33225203930097.0,0.130246
10,OP,SIP.HM,SR,8609479415102.0,0.15615
10,OP,SJS.HM,SR,8189228231880.0,0.143676
10,OP,SSI.HM,BN,24501927107338.0,0.040457
10,OP,STB.HM,BN,40532137894000.0,0.058063
10,OP,TCB.HM,BN,121592096247196.0,0.063812
10,OP,TCH.HM,SW,5833719496485.0,0.025575
10,OP,TMS.HM,SW,7632470413629.0,0.018342
10,OP,TPB.HM,BR,35104847354079.0,0.097628
10,OP,VBB.HM,SW,4920127458559.0,-0.00832
10,OP,VCB.HM,BR,351427022851775.0,0.117397
10,OP,VCF.HM,SR,5014154669399.0,0.208154
10,OP,VCG.HM,SN,8206503996456.0,0.036623
10,OP,VCI.HM,SN,7554930025500.0,0.075166
10,OP,VGC.HM,BW,19256750267646.0,0.018919
10,OP,VHC.HM,SN,15225617440083.0,0.030001
10,OP,VHM.HM,BN,130195592898723.0,0.063533
10,OP,VIB.HM,BR,33312551316480.0,0.110684
10,OP,VIC.HM,BW,282342637862250.0,-0.033353
10,OP,VJC.HM,BW,54161149648340.0,0.023548
10,OP,VND.HM,BN,19866700873143.0,0.062096
10,OP,VNM.HM,BN,116423435174620.0,0.071335
10,OP,VPB.HM,BR,90005298330581.0,0.135505
10,OP,VPI.HM,SR,12359526785694.0,0.093955
10,OP,VRE.HM,BN,64874690605500.0,0.041169
10,OP,VSH.HM,SW,8513643536053.0,0.024065
10,OP,VTP.HM,SR,5312831571991.0,0.076801
10,INV,ACB.HM,BN,73458731545249.0,0.159096
10,INV,ACG.HM,SN,7953369277581.0,0.06548
10,INV,ANV.HM,SN,5998520292530.0,0.169178
10,INV,BCM.HM,BN,65715442843185.0,0.126947
10,INV,BHN.HM,SC,11064519617280.0,-0.011334
10,INV,BID.HM,BC,155065458766580.0,0.017939
10,INV,BSR.HM,BC,81670617463536.0,0.043127
10,INV,BVB.HM,SN,4808879688309.0,0.179369
10,INV,BVH.HM,BN,34209341542650.0,0.141725
10,INV,BWE.HM,SA,9034003755018.0,0.328372
10,INV,CMG.HM,SN,6341502847772.0,0.079807
10,INV,CTG.HM,BN,124660536813569.0,0.081243
10,INV,CTR.HM,SA,6427966592437.0,0.587429
10,INV,DCM.HM,SC,13376928951953.0,-0.143043
10,INV,DGC.HM,BA,36622814884758.0,0.244457
10,INV,DGW.HM,SA,9772349555233.0,0.275957
10,INV,DHG.HM,SN,8996990933395.0,0.07251
10,INV,DIG.HM,BA,17696134070953.0,0.442703
10,INV,DPM.HM,SC,14056840829731.0,-0.01227
10,INV,DXG.HM,SN,10391946796963.0,0.172577
10,INV,EIB.HM,BC,38747223491044.0,-0.042397
10,INV,FPT.HM,BA,79461292001351.0,0.249749
10,INV,FRT.HM,SC,10722339120796.0,-0.182929
10,INV,GAS.HM,BC,187358867248017.0,0.016559
10,INV,GEG.HM,SN,7887452580014.0,0.149321
10,INV,GEX.HM,BA,15712796072297.0,0.278925
10,INV,GMD.HM,SC,13577472099699.0,-0.028198
10,INV,GVR.HM,BC,84305219936000.0,0.02243
10,INV,HAG.HM,SN,7715962034560.0,0.109913
10,INV,HAH.HM,SN,4901335783916.0,0.146102
10,INV,HCM.HM,SA,6977424130968.0,0.667694
10,INV,HDB.HM,BA,44005493685367.0,0.390671
10,INV,HDG.HM,SC,11153017483451.0,0.001347
10,INV,HPG.HM,BA,115765214227987.0,0.292165
10,INV,HPX.HM,SN,8303802261300.0,0.080368
10,INV,HSG.HM,SC,5785704986140.0,0.037413
10,INV,HT1.HM,SC,5467375445771.0,-0.024108
10,INV,KBC.HM,BA,25100675619300.0,0.447447
10,INV,KDC.HM,SC,14179880622218.0,0.034948
10,INV,KDH.HM,BN,25010261888919.0,0.052665
10,INV,KLB.HM,SN,9000901415244.0,0.120932
10,INV,KOS.HM,SN,7403661657000.0,0.151815
10,INV,LGC.HM,SN,7279439310523.0,0.057323
10,INV,LPB.HM,BA,18277821382612.0,0.199373
10,INV,MBB.HM,BA,69401577854098.0,0.202909
10,INV,MCH.HM,BA,55233747537884.0,0.247381
10,INV,MSB.HM,BN,25967494884893.0,0.125621
10,INV,MSN.HM,BA,158292181570365.0,0.189515
10,INV,MWG.HM,BN,101384196066342.0,0.103644
10,INV,NAB.HM,SA,8927593481600.0,0.418511
10,INV,NLG.HM,SA,12904550046596.0,0.25112
10,INV,NT2.HM,SC,5779533242510.0,-0.156369
10,INV,NVL.HM,BA,145258584968000.0,0.60633
10,INV,OCB.HM,BA,18982152528218.0,0.290868
10,INV,PC1.HM,SA,9288796759907.0,0.289394
10,INV,PDR.HM,BN,34791268003852.0,0.118621
10,INV,PGV.HM,BC,24483580379171.0,-0.041114
10,INV,PHR.HM,SN,7513598455966.0,0.116903
10,INV,PLX.HM,BC,44944033079908.0,-0.010625
10,INV,PNJ.HM,BC,19054220448985.0,-0.013928
10,INV,POW.HM,BC,31849465972481.0,-0.030014
10,INV,PVD.HM,SC,8203718721032.0,-0.001701
10,INV,PVT.HM,SC,6393121049811.0,0.009284
10,INV,REE.HM,BC,28839679948204.0,0.046257
10,INV,SAB.HM,BC,82574355581647.0,0.015299
10,INV,SBT.HM,SN,11069488837997.0,0.113985
10,INV,SCS.HM,SC,6394783283653.0,0.019593
10,INV,SHB.HM,BN,33225203930097.0,0.129842
10,INV,SIP.HM,SA,8609479415102.0,0.240189
10,INV,SJS.HM,SN,8189228231880.0,0.059318
10,INV,SSI.HM,BA,24501927107338.0,0.322636
10,INV,STB.HM,BN,40532137894000.0,0.085839
10,INV,TCB.HM,BN,121592096247196.0,0.145696
10,INV,TCH.HM,SA,5833719496485.0,0.340611
10,INV,TMS.HM,SN,7632470413629.0,0.184072
10,INV,TPB.HM,BA,35104847354079.0,0.254661
10,INV,VBB.HM,SA,4920127458559.0,0.329797
10,INV,VCB.HM,BN,351427022851775.0,0.084572
10,INV,VCF.HM,SC,5014154669399.0,-0.042039
10,INV,VCG.HM,SC,8206503996456.0,0.015095
10,INV,VCI.HM,SN,7554930025500.0,0.157318
10,INV,VGC.HM,BC,19256750267646.0,-0.092194
10,INV,VHC.HM,SN,15225617440083.0,0.089143
10,INV,VHM.HM,BN,130195592898723.0,0.091692
10,INV,VIB.HM,BA,33312551316480.0,0.325929
10,INV,VIC.HM,BN,282342637862250.0,0.048546
10,INV,VJC.HM,BC,54161149648340.0,-0.074949
10,INV,VND.HM,BA,19866700873143.0,0.282009
10,INV,VNM.HM,BN,116423435174620.0,0.083504
10,INV,VPB.HM,BN,90005298330581.0,0.110875
10,INV,VPI.HM,SN,12359526785694.0,0.081494
10,INV,VRE.HM,BN,64874690605500.0,0.11099
10,INV,VSH.HM,SN,8513643536053.0,0.069329
10,INV,VTP.HM,SA,5312831571991.0,0.292742
11,BM,ACB.HM,BN,67031092536418.0,0.8314757956498966
11,BM,ACG.HM,SN,4310928920223.0,0.9025889857640526
11,BM,AGG.HM,SN,3803598387200.0,0.8032481132702064
11,BM,BCM.HM,BL,79681391053065.0,0.23332467204294446
11,BM,BHN.HM,SL,9657834960165.0,0.5493202384799669
11,BM,BID.HM,BN,178672439056830.0,0.5648608175539539
11,BM,BSR.HM,BH,38593365023834.0,1.2805767284137244
11,BM,BVH.HM,BN,32376685652376.0,0.7154921756226147
11,BM,BWE.HM,SL,8768297762329.0,0.4980864223760071
11,BM,CMG.HM,SL,5990839242528.0,0.49135541503711816
11,BM,CRE.HM,SN,4775887787800.0,0.7665993878148714
11,BM,CTG.HM,BN,129904383486712.0,0.816821212279214
11,BM,CTR.HM,SL,5225314778380.0,0.28672863436841606
11,BM,DCM.HM,SN,11469223751344.0,0.849292785942863
11,BM,DGC.HM,BN,19814420901931.0,0.5539001269875325
11,BM,DGW.HM,SL,5774176627059.0,0.38805684684610614
11,BM,DHG.HM,SL,8699823806909.0,0.46649438233059276
11,BM,DIG.HM,SN,8720882620657.0,0.8622562392099364
11,BM,DPM.HM,BN,12852025526913.0,1.0111645558412974
11,BM,DXG.HM,SH,6822718738676.0,2.1365117755593928
11,BM,EIB.HM,BN,33843278018311.0,0.594586670626661
11,BM,FPT.HM,BL,71712586450331.0,0.33544694899935473
11,BM,FRT.HM,SL,8112296045207.0,0.23928913704189986
11,BM,GAS.HM,BL,169139177545708.0,0.3429898984020873
11,BM,GEE.HM,SN,7590403628010.0,0.7748738376526887
11,BM,GEG.HM,SN,5150989439994.0,0.9501736162125972
11,BM,GEX.HM,SH,10201218725501.0,2.0500331287817706
11,BM,GMD.HM,BN,12151774522012.0,0.6680912186900749
11,BM,GVR.HM,BH,52971505684000.0,1.0353817474730402
11,BM,HAG.HM,SN,8494977432280.0,0.5808538014768632
11,BM,HCM.HM,SH,6908340723706.0,1.1573123078498075
11,BM,HDB.HM,BN,36556647096699.0,1.0165775023540309
11,BM,HDG.HM,SN,7437959237322.0,0.8691655219704626
11,BM,HPG.HM,BH,93442773819307.0,1.049578034974726
11,BM,HSG.HM,SH,5030167600875.0,2.1636595102558407
11,BM,HT1.HM,SH,3796829518998.0,1.332313650569957
11,BM,IMP.HM,SL,3820518591410.0,0.4779219160321191
11,BM,KBC.HM,BN,18576035167800.0,1.0035129360995245
11,BM,KDC.HM,BL,14647040487022.0,0.4785972608326737
11,BM,KDH.HM,BN,18996000499848.0,0.6150518627378162
11,BM,KLB.HM,SH,4373932013223.0,1.1508722551658361
11,BM,KOS.HM,SL,8226290730000.0,0.2775393648403185
11,BM,LGC.HM,SL,9972509428097.0,0.4889989972466303
11,BM,LPB.HM,BH,21099808354936.0,1.108410825661783
11,BM,MBB.HM,BH,58847972800286.0,1.2899318767974803
11,BM,MCH.HM,BL,42413741933428.0,0.48523423402471805
11,BM,MCM.HM,SN,3889557210660.0,0.5797362014709572
11,BM,MSB.HM,BN,24999987574667.0,1.0318695928529322
11,BM,MSN.HM,BL,132406404819000.0,0.2688806334456962
11,BM,MWG.HM,BL,60816682020192.0,0.38333974884840977
11,BM,NAB.HM,SH,7110048308594.0,1.737865266690915
11,BM,NLG.HM,SH,11326625213124.0,1.1408042718711204
11,BM,NT2.HM,SN,6892425726744.0,0.6462153587171229
11,BM,NVL.HM,BH,27301463532000.0,1.636087522404365
11,BM,OCB.HM,BH,20338020566709.0,1.1742372120378093
11,BM,PC1.HM,SH,5462742504701.0,1.1991779993363525
11,BM,PDR.HM,SH,9134386966259.0,1.1387601175766808
11,BM,PGV.HM,BN,18310024558870.0,0.9483592123136205
11,BM,PHR.HM,SN,4758398670364.0,0.7543439270983612
11,BM,PLX.HM,BN,36854717917051.0,0.7166778996328969
11,BM,PNJ.HM,BL,18180885667381.0,0.457525458468342
11,BM,POW.HM,BH,24940942102450.0,1.299182292693226
11,BM,PVD.HM,SH,9703417020998.0,1.4623503431331013
11,BM,PVT.HM,SH,6962805103759.0,1.0965107058659758
11,BM,REE.HM,BN,23921544272615.0,0.7620882016995778
11,BM,SAB.HM,BL,90435952142825.0,0.2857903730122727
11,BM,SBT.HM,SH,9208711092976.0,1.0788635061335496
11,BM,SCS.HM,SL,5787740028241.0,0.26417081499143913
11,BM,SHB.HM,BH,28161281840686.0,1.50185773642219
11,BM,SIP.HM,SN,5625549095919.0,0.6344041924206125
11,BM,SJS.HM,SL,5182334973018.0,0.4781260767362198
11,BM,SSB.HM,BL,67125847535678.0,0.3667751827925032
11,BM,SSI.HM,BN,23068282660576.0,0.9607046317827906
11,BM,STB.HM,BN,42417353610000.0,0.8708758292570907
11,BM,STG.HM,SL,3930134280000.0,0.5291035223994942
11,BM,SVC.HM,SN,3624300469809.0,0.6303445643013686
11,BM,TCB.HM,BH,88574318181065.0,1.2407563643373742
11,BM,TCH.HM,SH,4374563343379.0,2.762172228742405
11,BM,TCM.HM,SL,4060251649357.0,0.47266270896187484
11,BM,TMS.HM,SN,5733798936951.0,0.7014802972196325
11,BM,TPB.HM,BH,27217570416632.0,1.125644116319739
11,BM,VAB.HM,SH,4643651592384.0,1.4307854278070435
11,BM,VBB.HM,SH,3725921764749.0,1.6487114834559138
11,BM,VCB.HM,BL,375857778450292.0,0.34159077545066635
11,BM,VCF.HM,SL,4708027331704.0,0.3304001164241326
11,BM,VCG.HM,SH,8089268225438.0,1.2324906042625592
11,BM,VCI.HM,SN,7126037997989.0,0.9249639307317898
11,BM,VGC.HM,BN,12595077527470.0,0.7052658801562235
11,BM,VHC.HM,BN,11669390561221.0,0.6738417530322371
11,BM,VHM.HM,BH,100634274704327.0,1.3924851290648266
11,BM,VIB.HM,BN,29438998838212.0,1.0352845613907122
11,BM,VIC.HM,BN,206667128122300.0,0.66399245127553
11,BM,VJC.HM,BL,45620352973025.0,0.38430393636964183
11,BM,VND.HM,BN,15413538081570.0,0.9468987059597526
11,BM,VNM.HM,BL,129202226923776.0,0.26194893220947185
11,BM,VPB.HM,BH,82535331763671.0,1.2402719152218618
11,BM,VPI.HM,SL,11610099982271.0,0.3137363995582495
11,BM,VRE.HM,BL,59761974183000.0,0.5454550898901318
11,BM,VSH.HM,SN,5776489999129.0,0.8037867325223619
11,OP,ACB.HM,BN,67031092536418.0,0.074198
11,OP,ACG.HM,SN,4310928920223.0,0.035778
11,OP,AGG.HM,SN,3803598387200.0,0.03463
11,OP,BCM.HM,BN,79681391053065.0,0.040846
11,OP,BHN.HM,SW,9657834960165.0,-0.005249
11,OP,BID.HM,BR,178672439056830.0,0.088886
11,OP,BSR.HM,BN,38593365023834.0,0.074622
11,OP,BVH.HM,BR,32376685652376.0,0.431847
11,OP,BWE.HM,SN,8768297762329.0,0.056772
11,OP,CMG.HM,SN,5990839242528.0,0.049197
11,OP,CRE.HM,SN,4775887787800.0,0.047093
11,OP,CTG.HM,BN,129904383486712.0,0.069406
11,OP,CTR.HM,SR,5225314778380.0,0.125536
11,OP,DCM.HM,SR,11469223751344.0,0.143755
11,OP,DGC.HM,BR,19814420901931.0,0.232281
11,OP,DGW.HM,SR,5774176627059.0,0.213621
11,OP,DHG.HM,SN,8699823806909.0,0.057579
11,OP,DIG.HM,SW,8720882620657.0,0.024593
11,OP,DPM.HM,BR,12852025526913.0,0.182391
11,OP,DXG.HM,SW,6822718738676.0,0.018328
11,OP,EIB.HM,BN,33843278018311.0,0.033342
11,OP,FPT.HM,BN,71712586450331.0,0.076374
11,OP,FRT.HM,SR,8112296045207.0,0.245085
11,OP,GAS.HM,BN,169139177545708.0,0.047751
11,OP,GEG.HM,SW,5150989439994.0,0.014437
11,OP,GEX.HM,SW,10201218725501.0,0.025247
11,OP,GMD.HM,BW,12151774522012.0,0.023503
11,OP,GVR.HM,BN,52971505684000.0,0.036744
11,OP,HAG.HM,SW,8494977432280.0,-0.030265
11,OP,HCM.HM,SN,6908340723706.0,0.063047
11,OP,HDB.HM,BR,36556647096699.0,0.096034
11,OP,HDG.HM,SR,7437959237322.0,0.137737
11,OP,HPG.HM,BR,93442773819307.0,0.088978
11,OP,HSG.HM,SN,5030167600875.0,0.060918
11,OP,HT1.HM,SW,3796829518998.0,0.019403
11,OP,IMP.HM,SN,3820518591410.0,0.046075
11,OP,KBC.HM,BW,18576035167800.0,0.026045
11,OP,KDC.HM,BW,14647040487022.0,0.0189
11,OP,KDH.HM,BW,18996000499848.0,0.032299
11,OP,KLB.HM,SN,4373932013223.0,0.033454
11,OP,KOS.HM,SW,8226290730000.0,-0.003657
11,OP,LGC.HM,SW,9972509428097.0,0.006088
11,OP,LPB.HM,BN,21099808354936.0,0.075417
11,OP,MBB.HM,BR,58847972800286.0,0.091357
11,OP,MCH.HM,BR,42413741933428.0,0.139356
11,OP,MCM.HM,SN,3889557210660.0,0.044838
11,OP,MSB.HM,BN,24999987574667.0,0.038437
11,OP,MSN.HM,BR,132406404819000.0,0.171078
11,OP,MWG.HM,BR,60816682020192.0,0.096011
11,OP,NAB.HM,SR,7110048308594.0,0.106487
11,OP,NLG.HM,SN,11326625213124.0,0.067914
11,OP,NT2.HM,SW,6892425726744.0,0.029728
11,OP,NVL.HM,BW,27301463532000.0,0.026973
11,OP,OCB.HM,BR,20338020566709.0,0.088687
11,OP,PC1.HM,SN,5462742504701.0,0.039046
11,OP,PDR.HM,SR,9134386966259.0,0.118339
11,OP,PGV.HM,BN,18310024558870.0,0.051244
11,OP,PHR.HM,SN,4758398670364.0,0.048786
11,OP,PLX.HM,BW,36854717917051.0,0.017705
11,OP,PNJ.HM,BR,18180885667381.0,0.097434
11,OP,POW.HM,BW,24940942102450.0,-0.019902
11,OP,PVD.HM,SW,9703417020998.0,0.000143
11,OP,PVT.HM,SN,6962805103759.0,0.042905
11,OP,REE.HM,BW,23921544272615.0,0.030931
11,OP,SAB.HM,BN,90435952142825.0,0.070322
11,OP,SBT.HM,SW,9208711092976.0,0.023769
11,OP,SCS.HM,SR,5787740028241.0,0.135998
11,OP,SHB.HM,BR,28161281840686.0,0.106681
11,OP,SIP.HM,SN,5625549095919.0,0.056705
11,OP,SJS.HM,SW,5182334973018.0,0.024577
11,OP,SSB.HM,BN,67125847535678.0,0.061115
11,OP,SSI.HM,BN,23068282660576.0,0.073394
11,OP,STB.HM,BN,42417353610000.0,0.051451
11,OP,STG.HM,SW,3930134280000.0,0.024276
11,OP,SVC.HM,SN,3624300469809.0,0.044066
11,OP,TCB.HM,BN,88574318181065.0,0.066545
11,OP,TCH.HM,SW,4374563343379.0,0.019888
11,OP,TCM.HM,SW,4060251649357.0,0.016111
11,OP,TMS.HM,SW,5733798936951.0,0.022479
11,OP,TPB.HM,BN,27217570416632.0,0.08085
11,OP,VBB.HM,SR,3725921764749.0,0.098955
11,OP,VCB.HM,BR,375857778450292.0,0.101106
11,OP,VCF.HM,SR,4708027331704.0,0.202239
11,OP,VCG.HM,SW,8089268225438.0,0.006688
11,OP,VCI.HM,SR,7126037997989.0,0.081752
11,OP,VGC.HM,BN,12595077527470.0,0.039394
11,OP,VHC.HM,SR,11669390561221.0,0.084142
11,OP,VHM.HM,BN,100634274704327.0,0.078715
11,OP,VIB.HM,BR,29438998838212.0,0.134642
11,OP,VIC.HM,BW,206667128122300.0,-0.024704
11,OP,VJC.HM,BW,45620352973025.0,-0.006878
11,OP,VND.HM,BN,15413538081570.0,0.070318
11,OP,VNM.HM,BN,129202226923776.0,0.075376
11,OP,VPB.HM,BR,82535331763671.0,0.088445
11,OP,VPI.HM,SR,11610099982271.0,0.108316
11,OP,VRE.HM,BW,59761974183000.0,0.006682
11,OP,VSH.HM,SN,5776489999129.0,0.055577
11,INV,ACB.HM,BN,67031092536418.0,0.187254
11,INV,ACG.HM,SN,4310928920223.0,0.118973
11,INV,AGG.HM,SA,3803598387200.0,0.806547
11,INV,BCM.HM,BC,79681391053065.0,-0.000843
11,INV,BHN.HM,SC,9657834960165.0,-0.077609
11,INV,BID.HM,BN,178672439056830.0,0.161543
11,INV,BSR.HM,BN,38593365023834.0,0.195022
11,INV,BVH.HM,BN,32376685652376.0,0.157714
11,INV,BWE.HM,SN,8768297762329.0,0.100416
11,INV,CMG.HM,SN,5990839242528.0,0.175408
11,INV,CRE.HM,SA,4775887787800.0,0.645439
11,INV,CTG.HM,BN,129904383486712.0,0.141689
11,INV,CTR.HM,SC,5225314778380.0,0.021742
11,INV,DCM.HM,SN,11469223751344.0,0.270106
11,INV,DGC.HM,BA,19814420901931.0,0.449996
11,INV,DGW.HM,SA,5774176627059.0,1.132734
11,INV,DHG.HM,SC,8699823806909.0,0.037552
11,INV,DIG.HM,SA,8720882620657.0,0.424545
11,INV,DPM.HM,BN,12852025526913.0,0.231682
11,INV,DXG.HM,SN,6822718738676.0,0.212026
11,INV,EIB.HM,BC,33843278018311.0,0.033639
11,INV,FPT.HM,BN,71712586450331.0,0.286661
11,INV,FRT.HM,SA,8112296045207.0,1.002026
11,INV,GAS.HM,BN,169139177545708.0,0.246165
11,INV,GEG.HM,SA,5150989439994.0,0.604593
11,INV,GEX.HM,SA,10201218725501.0,1.253578
11,INV,GMD.HM,BC,12151774522012.0,0.091175
11,INV,GVR.HM,BC,52971505684000.0,-0.015745
11,INV,HAG.HM,SC,8494977432280.0,-0.505185
11,INV,HCM.HM,SA,6908340723706.0,0.951272
11,INV,HDB.HM,BN,36556647096699.0,0.173862
11,INV,HDG.HM,SN,7437959237322.0,0.145035
11,INV,HPG.HM,BA,93442773819307.0,0.355292
11,INV,HSG.HM,SA,5030167600875.0,0.32168
11,INV,HT1.HM,SC,3796829518998.0,-0.115291
11,INV,IMP.HM,SN,3820518591410.0,0.094562
11,INV,KBC.HM,BA,18576035167800.0,0.303372
11,INV,KDC.HM,BN,14647040487022.0,0.139568
11,INV,KDH.HM,BC,18996000499848.0,0.031449
11,INV,KLB.HM,SA,4373932013223.0,0.463331
11,INV,KOS.HM,SA,8226290730000.0,0.762504
11,INV,LGC.HM,SC,9972509428097.0,0.022887
11,INV,LPB.HM,BN,21099808354936.0,0.193325
11,INV,MBB.HM,BN,58847972800286.0,0.226591
11,INV,MCH.HM,BN,42413741933428.0,0.182927
11,INV,MCM.HM,SA,3889557210660.0,1.034169
11,INV,MSB.HM,BN,24999987574667.0,0.152621
11,INV,MSN.HM,BC,132406404819000.0,0.089487
11,INV,MWG.HM,BA,60816682020192.0,0.368025
11,INV,NAB.HM,SN,7110048308594.0,0.14088
11,INV,NLG.HM,SA,11326625213124.0,0.731155
11,INV,NT2.HM,SC,6892425726744.0,0.03804
11,INV,NVL.HM,BA,27301463532000.0,0.396421
11,INV,OCB.HM,BN,20338020566709.0,0.209548
11,INV,PC1.HM,SA,5462742504701.0,0.742922
11,INV,PDR.HM,SA,9134386966259.0,0.315953
11,INV,PGV.HM,BC,18310024558870.0,-0.067802
11,INV,PHR.HM,SC,4758398670364.0,-0.078276
11,INV,PLX.HM,BC,36854717917051.0,0.060305
11,INV,PNJ.HM,BN,18180885667381.0,0.251778
11,INV,POW.HM,BC,24940942102450.0,-0.019856
11,INV,PVD.HM,SC,9703417020998.0,-0.004554
11,INV,PVT.HM,SN,6962805103759.0,0.125577
11,INV,REE.HM,BA,23921544272615.0,0.550234
11,INV,SAB.HM,BN,90435952142825.0,0.113682
11,INV,SBT.HM,SN,9208711092976.0,0.224107
11,INV,SCS.HM,SN,5787740028241.0,0.29355
11,INV,SHB.HM,BN,28161281840686.0,0.227597
11,INV,SIP.HM,SC,5625549095919.0,0.06688
11,INV,SJS.HM,SC,5182334973018.0,-0.014401
11,INV,SSI.HM,BA,23068282660576.0,0.420009
11,INV,STB.HM,BC,42417353610000.0,0.058071
11,INV,STG.HM,SN,3930134280000.0,0.147471
11,INV,SVC.HM,SC,3624300469809.0,0.039532
11,INV,TCB.HM,BN,88574318181065.0,0.293733
11,INV,TCH.HM,SA,4374563343379.0,0.306135
11,INV,TCM.HM,SN,4060251649357.0,0.211653
11,INV,TMS.HM,SA,5733798936951.0,0.462931
11,INV,TPB.HM,BA,27217570416632.0,0.419323
11,INV,VBB.HM,SN,3725921764749.0,0.127829
11,INV,VCB.HM,BC,375857778450292.0,0.066924
11,INV,VCF.HM,SC,4708027331704.0,-0.087346
11,INV,VCG.HM,SA,8089268225438.0,0.579268
11,INV,VCI.HM,SA,7126037997989.0,0.984665
11,INV,VGC.HM,BN,12595077527470.0,0.223607
11,INV,VHC.HM,BN,11669390561221.0,0.213245
11,INV,VHM.HM,BC,100634274704327.0,0.070545
11,INV,VIB.HM,BN,29438998838212.0,0.26501
11,INV,VIC.HM,BC,206667128122300.0,0.011914
11,INV,VJC.HM,BN,45620352973025.0,0.142861
11,INV,VND.HM,BA,15413538081570.0,1.476934
11,INV,VNM.HM,BN,129202226923776.0,0.10117
11,INV,VPB.HM,BA,82535331763671.0,0.306384
11,INV,VPI.HM,SC,11610099982271.0,0.013598
11,INV,VRE.HM,BC,59761974183000.0,-0.048798
11,INV,VSH.HM,SC,5776489999129.0,0.035184
12,BM,ACB.HM,BN,80794645890955.0,0.7739394648055544
12,BM,ACG.HM,SN,5333861206370.0,0.7421147826611477
12,BM,BCM.HM,BL,78297347040345.0,0.22940950880699026
12,BM,BHN.HM,SN,9227431445670.0,0.5744872301371071
12,BM,BID.HM,BL,200659332467120.0,0.5474375931057168
12,BM,BMP.HM,SL,5895196244266.0,0.492276041753438
12,BM,BSI.HM,SN,5461064626336.0,0.8174386614238065
12,BM,BSR.HM,BH,50200392100666.0,1.05200943246948
12,BM,BVB.HM,SH,5418142021840.0,0.929122931755564
12,BM,BVH.HM,BN,30639738997169.0,0.7117353877368838
12,BM,BWE.HM,SL,8020715907714.0,0.5362498539552272
12,BM,CMG.HM,SL,6919419325299.0,0.4513012438504095
12,BM,CTD.HM,SH,4992105603983.0,1.6498094945913822
12,BM,CTG.HM,BN,140630433501371.0,0.8031346429640275
12,BM,CTR.HM,SL,7411303369531.0,0.23609795379037762
12,BM,DBC.HM,SN,5154637585364.0,0.8381770895051012
12,BM,DCM.HM,SH,11425943661792.0,0.9461474262318832
12,BM,DGC.HM,BL,21875567452133.0,0.5045228943619404
12,BM,DGW.HM,SL,6519045210856.0,0.3842879035631124
12,BM,DHG.HM,BL,13585032304343.0,0.34247250649832034
12,BM,DIG.HM,SN,12837383158537.0,0.6128101366948325
12,BM,DPM.HM,SH,11460730742914.0,1.105847117795262
12,BM,DSC.HM,SL,5407748258984.0,0.19908862973130964
12,BM,DXG.HM,SH,7946460649102.0,1.762717585732199
12,BM,EIB.HM,BN,30876609133686.0,0.6850177073662047
12,BM,FPT.HM,BL,80732770976888.0,0.33519448033979926
12,BM,FRT.HM,SL,9754955038080.0,0.21029374053083938
12,BM,FTS.HM,SN,5458240158806.0,0.61845646471031
12,BM,GAS.HM,BL,154974812922537.0,0.41664530392415183
12,BM,GEE.HM,SN,6740625680460.0,0.8809812522821693
12,BM,GEG.HM,SH,5279764175869.0,1.0858525130617969
12,BM,GEX.HM,BH,15918837285429.0,1.3210942631056142
12,BM,GMD.HM,BN,13891566028683.0,0.590275355163999
12,BM,GVR.HM,BN,74467189148000.0,0.7290588341837274
12,BM,HAG.HM,SN,7558304156450.0,0.7046862965225835
12,BM,HCM.HM,SN,10118981269083.0,0.7921339133479182
12,BM,HDB.HM,BN,44934661306085.0,0.9086035103700926
12,BM,HDG.HM,SN,9167166321091.0,0.7532494241937354
12,BM,HHV.HM,SH,5022594988557.0,1.683957695314579
12,BM,HPG.HM,BN,149326743671869.0,0.645818511140818
12,BM,HSG.HM,SH,7378930229187.0,1.4091887765265767
12,BM,HT1.HM,SN,5942863594853.0,0.8442025186751906
12,BM,KBC.HM,BN,22529199676650.0,0.838994654484621
12,BM,KDC.HM,BL,14106226684210.0,0.48919916600386515
12,BM,KDH.HM,BL,22078370392183.0,0.5328359780649925
12,BM,KLB.HM,SH,4916154989648.0,1.0922948953618095
12,BM,KOS.HM,SL,8247938863500.0,0.2776375546765715
12,BM,LGC.HM,SL,9062736638164.0,0.5396748306988035
12,BM,LPB.HM,BH,24401686759868.0,1.0367508709113866
12,BM,MBB.HM,BH,71271814821645.0,1.1893549113647155
12,BM,MCH.HM,BN,40826061754776.0,0.5837724625568839
12,BM,MSB.HM,BH,25199987472598.0,1.11098944118299
12,BM,MSN.HM,BL,107064103681600.0,0.3465784210023424
12,BM,MWG.HM,BL,61368379741442.0,0.39032181563863716
12,BM,NAB.HM,SH,11934723948694.0,1.1070559366767603
12,BM,NLG.HM,SH,12133207775635.0,1.0759868353587763
12,BM,NT2.HM,SN,7396587508637.0,0.6164716896925149
12,BM,NVL.HM,BH,28959052389300.0,1.5334570188872958
12,BM,OCB.HM,BH,20676987577663.0,1.2601687785448201
12,BM,PC1.HM,SH,7220555686703.0,1.002269721222728
12,BM,PDR.HM,SN,11283654487779.0,0.7309437407327443
12,BM,PGV.HM,BN,25188928812575.0,0.725065746156077
12,BM,PHR.HM,SN,5603799449274.0,0.6544985478586615
12,BM,PLX.HM,BN,43423461015406.0,0.6546206918805693
12,BM,PNJ.HM,BN,15397917445841.0,0.5970085522419111
12,BM,POW.HM,BH,31381091472386.0,1.077355747007911
12,BM,PVD.HM,SH,13318415518707.0,1.0588253838110513
12,BM,PVT.HM,SH,7326769915774.0,1.126014769160042
12,BM,REE.HM,BN,25457086304919.0,0.7776922515948941
12,BM,SAB.HM,BL,84456681298995.0,0.302793740857922
12,BM,SBT.HM,SN,11218588423052.0,0.9276926392308705
12,BM,SCS.HM,SL,5058357690085.0,0.3083710103976037
12,BM,SHB.HM,BH,35378494775264.0,1.294957750210223
12,BM,SIP.HM,SL,9690926333849.0,0.3967021641333738
12,BM,SJS.HM,SL,4772304074109.0,0.5418002940845181
12,BM,SSB.HM,BL,66372553213073.0,0.4080976652057577
12,BM,SSI.HM,BN,35183470435648.0,0.652941647435636
12,BM,STB.HM,BN,56179428336800.0,0.7219331737740887
12,BM,TCB.HM,BH,110846390450965.0,1.0642242432980642
12,BM,TCH.HM,SH,5727521078158.0,2.03510729619081
12,BM,TMS.HM,SN,5800834907401.0,0.7303557723450528
12,BM,TPB.HM,BH,35946908505767.0,0.936444729164944
12,BM,VBB.HM,SH,5158968597163.0,1.244614088857019
12,BM,VCB.HM,BL,465942900961351.0,0.3104637021006982
12,BM,VCG.HM,SN,10755161277318.0,0.9227288081237177
12,BM,VCI.HM,SN,11442394300269.0,0.6002157228821893
12,BM,VGC.HM,BL,16272122710305.0,0.5669639956376703
12,BM,VHC.HM,SN,10866910981216.0,0.7260635239226103
12,BM,VHM.HM,BH,115310106432041.0,1.3911888555453187
12,BM,VIB.HM,BN,39188485312698.0,0.83112209466913
12,BM,VIC.HM,BN,195911218108500.0,0.6957843267786095
12,BM,VIX.HM,SH,6885720426924.0,1.1434551459875737
12,BM,VJC.HM,BL,39287664706450.0,0.3855960303825314
12,BM,VND.HM,BN,21579355148593.0,0.6789056127905759
12,BM,VNM.HM,BL,120543470586233.0,0.2862886392351751
12,BM,VPB.HM,BH,91526610924852.0,1.1482741241920396
12,BM,VPI.HM,SL,11373978649569.0,0.33598767929213674
12,BM,VRE.HM,BL,60898133388000.0,0.5655683365622963
12,BM,VSH.HM,SN,8717011551862.0,0.6303732453597868
12,OP,ACB.HM,BN,80794645890955.0,0.074198
12,OP,ACG.HM,SN,5333861206370.0,0.035778
12,OP,BCM.HM,BN,78297347040345.0,0.040846
12,OP,BHN.HM,SW,9227431445670.0,-0.005249
12,OP,BID.HM,BR,200659332467120.0,0.088886
12,OP,BMP.HM,SR,5895196244266.0,0.082609
12,OP,BSI.HM,SN,5461064626336.0,0.048233
12,OP,BSR.HM,BN,50200392100666.0,0.074622
12,OP,BVB.HM,SW,5418142021840.0,0.007316
12,OP,BVH.HM,BR,30639738997169.0,0.431847
12,OP,BWE.HM,SN,8020715907714.0,0.056772
12,OP,CMG.HM,SN,6919419325299.0,0.049197
12,OP,CTD.HM,SW,4992105603983.0,-0.017989
12,OP,CTG.HM,BN,140630433501371.0,0.069406
12,OP,CTR.HM,SR,7411303369531.0,0.125536
12,OP,DBC.HM,SW,5154637585364.0,0.029646
12,OP,DCM.HM,SR,11425943661792.0,0.143755
12,OP,DGC.HM,BR,21875567452133.0,0.232281
12,OP,DGW.HM,SR,6519045210856.0,0.213621
12,OP,DHG.HM,BN,13585032304343.0,0.057579
12,OP,DIG.HM,SW,12837383158537.0,0.024593
12,OP,DPM.HM,SR,11460730742914.0,0.182391
12,OP,DSC.HM,SW,5407748258984.0,0.006391
12,OP,DXG.HM,SW,7946460649102.0,0.018328
12,OP,EIB.HM,BN,30876609133686.0,0.033342
12,OP,FPT.HM,BN,80732770976888.0,0.076374
12,OP,FRT.HM,SR,9754955038080.0,0.245085
12,OP,FTS.HM,SR,5458240158806.0,0.091009
12,OP,GAS.HM,BN,154974812922537.0,0.047751
12,OP,GEG.HM,SW,5279764175869.0,0.014437
12,OP,GEX.HM,BW,15918837285429.0,0.025247
12,OP,GMD.HM,BW,13891566028683.0,0.023503
12,OP,GVR.HM,BN,74467189148000.0,0.036744
12,OP,HAG.HM,SW,7558304156450.0,-0.030265
12,OP,HCM.HM,SN,10118981269083.0,0.063047
12,OP,HDB.HM,BR,44934661306085.0,0.096034
12,OP,HDG.HM,SR,9167166321091.0,0.137737
12,OP,HHV.HM,SW,5022594988557.0,0.00961
12,OP,HPG.HM,BR,149326743671869.0,0.088978
12,OP,HSG.HM,SN,7378930229187.0,0.060918
12,OP,HT1.HM,SW,5942863594853.0,0.019403
12,OP,KBC.HM,BW,22529199676650.0,0.026045
12,OP,KDC.HM,BW,14106226684210.0,0.0189
12,OP,KDH.HM,BN,22078370392183.0,0.032299
12,OP,KLB.HM,SN,4916154989648.0,0.033454
12,OP,KOS.HM,SW,8247938863500.0,-0.003657
12,OP,LGC.HM,SW,9062736638164.0,0.006088
12,OP,LPB.HM,BN,24401686759868.0,0.075417
12,OP,MBB.HM,BR,71271814821645.0,0.091357
12,OP,MCH.HM,BR,40826061754776.0,0.139356
12,OP,MSB.HM,BN,25199987472598.0,0.038437
12,OP,MSN.HM,BR,107064103681600.0,0.171078
12,OP,MWG.HM,BR,61368379741442.0,0.096011
12,OP,NAB.HM,SR,11934723948694.0,0.106487
12,OP,NLG.HM,SN,12133207775635.0,0.067914
12,OP,NT2.HM,SW,7396587508637.0,0.029728
12,OP,NVL.HM,BW,28959052389300.0,0.026973
12,OP,OCB.HM,BR,20676987577663.0,0.088687
12,OP,PC1.HM,SN,7220555686703.0,0.039046
12,OP,PDR.HM,SR,11283654487779.0,0.118339
12,OP,PGV.HM,BN,25188928812575.0,0.051244
12,OP,PHR.HM,SN,5603799449274.0,0.048786
12,OP,PLX.HM,BW,43423461015406.0,0.017705
12,OP,PNJ.HM,BR,15397917445841.0,0.097434
12,OP,POW.HM,BW,31381091472386.0,-0.019902
12,OP,PVD.HM,SW,13318415518707.0,0.000143
12,OP,PVT.HM,SN,7326769915774.0,0.042905
12,OP,REE.HM,BN,25457086304919.0,0.030931
12,OP,SAB.HM,BN,84456681298995.0,0.070322
12,OP,SBT.HM,SW,11218588423052.0,0.023769
12,OP,SCS.HM,SR,5058357690085.0,0.135998
12,OP,SHB.HM,BR,35378494775264.0,0.106681
12,OP,SIP.HM,SN,9690926333849.0,0.056705
12,OP,SJS.HM,SW,4772304074109.0,0.024577
12,OP,SSB.HM,BN,66372553213073.0,0.061115
12,OP,SSI.HM,BN,35183470435648.0,0.073394
12,OP,STB.HM,BN,56179428336800.0,0.051451
12,OP,TCB.HM,BN,110846390450965.0,0.066545
12,OP,TCH.HM,SW,5727521078158.0,0.019888
12,OP,TMS.HM,SW,5800834907401.0,0.022479
12,OP,TPB.HM,BN,35946908505767.0,0.08085
12,OP,VBB.HM,SR,5158968597163.0,0.098955
12,OP,VCB.HM,BR,465942900961351.0,0.101106
12,OP,VCG.HM,SW,10755161277318.0,0.006688
12,OP,VCI.HM,SR,11442394300269.0,0.081752
12,OP,VGC.HM,BN,16272122710305.0,0.039394
12,OP,VHC.HM,SR,10866910981216.0,0.084142
12,OP,VHM.HM,BN,115310106432041.0,0.078715
12,OP,VIB.HM,BR,39188485312698.0,0.134642
12,OP,VIC.HM,BW,195911218108500.0,-0.024704
12,OP,VIX.HM,SN,6885720426924.0,0.062285
12,OP,VJC.HM,BW,39287664706450.0,-0.006878
12,OP,VND.HM,BN,21579355148593.0,0.070318
12,OP,VNM.HM,BN,120543470586233.0,0.075376
12,OP,VPB.HM,BR,91526610924852.0,0.088445
12,OP,VPI.HM,SR,11373978649569.0,0.108316
12,OP,VRE.HM,BW,60898133388000.0,0.006682
12,OP,VSH.HM,SN,8717011551862.0,0.055577
12,INV,ACB.HM,BN,80794645890955.0,0.187254
12,INV,ACG.HM,SN,5333861206370.0,0.118973
12,INV,BCM.HM,BC,78297347040345.0,-0.000843
12,INV,BHN.HM,SC,9227431445670.0,-0.077609
12,INV,BID.HM,BN,200659332467120.0,0.161543
12,INV,BMP.HM,SC,5895196244266.0,-0.061112
12,INV,BSI.HM,SA,5461064626336.0,1.055697
12,INV,BSR.HM,BN,50200392100666.0,0.195022
12,INV,BVB.HM,SN,5418142021840.0,0.2522
12,INV,BVH.HM,BN,30639738997169.0,0.157714
12,INV,BWE.HM,SN,8020715907714.0,0.100416
12,INV,CMG.HM,SN,6919419325299.0,0.175408
12,INV,CTD.HM,SC,4992105603983.0,0.063012
12,INV,CTG.HM,BN,140630433501371.0,0.141689
12,INV,CTR.HM,SC,7411303369531.0,0.021742
12,INV,DBC.HM,SC,5154637585364.0,0.071681
12,INV,DCM.HM,SN,11425943661792.0,0.270106
12,INV,DGC.HM,BA,21875567452133.0,0.449996
12,INV,DGW.HM,SA,6519045210856.0,1.132734
12,INV,DHG.HM,BC,13585032304343.0,0.037552
12,INV,DIG.HM,SA,12837383158537.0,0.424545
12,INV,DPM.HM,SN,11460730742914.0,0.231682
12,INV,DXG.HM,SN,7946460649102.0,0.212026
12,INV,EIB.HM,BC,30876609133686.0,0.033639
12,INV,FPT.HM,BN,80732770976888.0,0.286661
12,INV,FRT.HM,SA,9754955038080.0,1.002026
12,INV,FTS.HM,SA,5458240158806.0,1.784668
12,INV,GAS.HM,BN,154974812922537.0,0.246165
12,INV,GEG.HM,SA,5279764175869.0,0.604593
12,INV,GEX.HM,BA,15918837285429.0,1.253578
12,INV,GMD.HM,BN,13891566028683.0,0.091175
12,INV,GVR.HM,BC,74467189148000.0,-0.015745
12,INV,HAG.HM,SC,7558304156450.0,-0.505185
12,INV,HCM.HM,SA,10118981269083.0,0.951272
12,INV,HDB.HM,BN,44934661306085.0,0.173862
12,INV,HDG.HM,SN,9167166321091.0,0.145035
12,INV,HHV.HM,SC,5022594988557.0,0.04771
12,INV,HPG.HM,BA,149326743671869.0,0.355292
12,INV,HSG.HM,SA,7378930229187.0,0.32168
12,INV,HT1.HM,SC,5942863594853.0,-0.115291
12,INV,KBC.HM,BA,22529199676650.0,0.303372
12,INV,KDC.HM,BN,14106226684210.0,0.139568
12,INV,KDH.HM,BC,22078370392183.0,0.031449
12,INV,KLB.HM,SA,4916154989648.0,0.463331
12,INV,KOS.HM,SA,8247938863500.0,0.762504
12,INV,LGC.HM,SC,9062736638164.0,0.022887
12,INV,LPB.HM,BN,24401686759868.0,0.193325
12,INV,MBB.HM,BN,71271814821645.0,0.226591
12,INV,MCH.HM,BN,40826061754776.0,0.182927
12,INV,MSB.HM,BN,25199987472598.0,0.152621
12,INV,MSN.HM,BN,107064103681600.0,0.089487
12,INV,MWG.HM,BA,61368379741442.0,0.368025
12,INV,NAB.HM,SN,11934723948694.0,0.14088
12,INV,NLG.HM,SA,12133207775635.0,0.731155
12,INV,NT2.HM,SC,7396587508637.0,0.03804
12,INV,NVL.HM,BA,28959052389300.0,0.396421
12,INV,OCB.HM,BN,20676987577663.0,0.209548
12,INV,PC1.HM,SA,7220555686703.0,0.742922
12,INV,PDR.HM,SA,11283654487779.0,0.315953
12,INV,PGV.HM,BC,25188928812575.0,-0.067802
12,INV,PHR.HM,SC,5603799449274.0,-0.078276
12,INV,PLX.HM,BC,43423461015406.0,0.060305
12,INV,PNJ.HM,BN,15397917445841.0,0.251778
12,INV,POW.HM,BC,31381091472386.0,-0.019856
12,INV,PVD.HM,SC,13318415518707.0,-0.004554
12,INV,PVT.HM,SN,7326769915774.0,0.125577
12,INV,REE.HM,BA,25457086304919.0,0.550234
12,INV,SAB.HM,BN,84456681298995.0,0.113682
12,INV,SBT.HM,SN,11218588423052.0,0.224107
12,INV,SCS.HM,SN,5058357690085.0,0.29355
12,INV,SHB.HM,BN,35378494775264.0,0.227597
12,INV,SIP.HM,SC,9690926333849.0,0.06688
12,INV,SJS.HM,SC,4772304074109.0,-0.014401
12,INV,SSI.HM,BA,35183470435648.0,0.420009
12,INV,STB.HM,BC,56179428336800.0,0.058071
12,INV,TCB.HM,BN,110846390450965.0,0.293733
12,INV,TCH.HM,SA,5727521078158.0,0.306135
12,INV,TMS.HM,SA,5800834907401.0,0.462931
12,INV,TPB.HM,BA,35946908505767.0,0.419323
12,INV,VBB.HM,SN,5158968597163.0,0.127829
12,INV,VCB.HM,BC,465942900961351.0,0.066924
12,INV,VCG.HM,SA,10755161277318.0,0.579268
12,INV,VCI.HM,SA,11442394300269.0,0.984665
12,INV,VGC.HM,BN,16272122710305.0,0.223607
12,INV,VHC.HM,SN,10866910981216.0,0.213245
12,INV,VHM.HM,BC,115310106432041.0,0.070545
12,INV,VIB.HM,BN,39188485312698.0,0.26501
12,INV,VIC.HM,BC,195911218108500.0,0.011914
12,INV,VIX.HM,SA,6885720426924.0,1.236355
12,INV,VJC.HM,BN,39287664706450.0,0.142861
12,INV,VND.HM,BA,21579355148593.0,1.476934
12,INV,VNM.HM,BN,120543470586233.0,0.10117
12,INV,VPB.HM,BA,91526610924852.0,0.306384
12,INV,VPI.HM,SC,11373978649569.0,0.013598
12,INV,VRE.HM,BC,60898133388000.0,-0.048798
12,INV,VSH.HM,SC,8717011551862.0,0.035184
13,BM,ACB.HM,BN,87573334999065.0,0.7630780419714914
13,BM,ACG.HM,SN,5176708236827.0,0.7990543264196786
13,BM,BCM.HM,BL,63033505334235.0,0.28513598364231174
13,BM,BHN.HM,SN,8644520776862.0,0.6411489806700338
13,BM,BID.HM,BN,226383281706460.0,0.5260451968993687
13,BM,BMP.HM,SL,6751484587778.0,0.4391571250337116
13,BM,BSI.HM,SN,9632201385135.0,0.47729419599220363
13,BM,BSR.HM,BH,56014865880236.0,0.9795213512694718
13,BM,BVB.HM,SH,5317806058462.0,1.1061163072391562
13,BM,BVH.HM,BN,28110020866392.0,0.8028841157372576
13,BM,BWE.HM,SN,7510306713460.0,0.6400453296639657
13,BM,CII.HM,SH,4964751935575.0,1.6230439689701737
13,BM,CMG.HM,SL,8266176057739.0,0.3913641766371807
13,BM,CTD.HM,SH,6646326743648.0,1.2545797731396655
13,BM,CTG.HM,BH,144357321112547.0,0.845160619909812
13,BM,CTR.HM,SL,9650463110920.0,0.18910470844025884
13,BM,DBC.HM,SN,6549931074744.0,0.7114247070627571
13,BM,DCM.HM,SN,15375433557223.0,0.6222964057837025
13,BM,DGC.HM,BL,33437027216646.0,0.374052992735147
13,BM,DGW.HM,SL,8333098320378.0,0.31878266099619235
13,BM,DHG.HM,SL,10994889958298.0,0.41770735911657436
13,BM,DIG.HM,SN,16313539168552.0,0.48307308321125575
13,BM,DPM.HM,SH,11874193918911.0,0.9707529023195496
13,BM,DXG.HM,SH,13945607577407.0,1.0236956749961441
13,BM,EIB.HM,BN,31462063879701.0,0.6880047692600932
13,BM,EVF.HM,SL,11267973479216.0,0.4011755093618237
13,BM,FPT.HM,BL,106018392135823.0,0.267931394331153
13,BM,FRT.HM,SL,13883748886187.0,0.12931482996010002
13,BM,FTS.HM,SL,9228277638364.0,0.3903120957587001
13,BM,GAS.HM,BL,156432504724752.0,0.40062825149248954
13,BM,GEE.HM,SN,8162060969160.0,0.7178805449619203
13,BM,GEX.HM,BH,19415222736324.0,1.113425408036908
13,BM,GMD.HM,BN,19750689285603.0,0.4836644201955684
13,BM,GVR.HM,BN,82837099720000.0,0.6674548112088586
13,BM,HAG.HM,SL,12241670535600.0,0.45284805908463305
13,BM,HCM.HM,SN,14064887401261.0,0.5782343145954262
13,BM,HDB.HM,BN,56397845899525.0,0.7628940487665394
13,BM,HDG.HM,SH,8172266653475.0,0.8592215208633954
13,BM,HHV.HM,SH,6360459761170.0,1.3644519769225913
13,BM,HPG.HM,BN,159605448782489.0,0.6257003693685966
13,BM,HSG.HM,SN,13295531415616.0,0.8108112444275354
13,BM,KBC.HM,BN,24371451098250.0,0.8232112327336397
13,BM,KDC.HM,SN,14751854081261.0,0.5512011653212432
13,BM,KDH.HM,BN,25098400859298.0,0.6107486097195415
13,BM,KOS.HM,SL,8583484932750.0,0.2680184317823401
13,BM,LGC.HM,SN,9587244063899.0,0.506414515221853
13,BM,LPB.HM,BN,35457863733795.0,0.7470712335879595
13,BM,MBB.HM,BH,75673397758457.0,1.2126189350305059
13,BM,MCH.HM,BL,51626549947521.0,0.46697741530246567
13,BM,MSB.HM,BH,25999987075557.0,1.1756782382687068
13,BM,MSN.HM,BL,95866508202000.0,0.3971482399231237
13,BM,MWG.HM,BL,60277402386627.0,0.38605101978089984
13,BM,NAB.HM,SH,16188030233265.0,0.8782116042003857
13,BM,NKG.HM,SH,6489794788088.0,0.8344500054909237
13,BM,NLG.HM,SH,13499673885127.0,0.9728857993685115
13,BM,NT2.HM,SN,6385428863415.0,0.6449708005310743
13,BM,NVL.HM,BH,33249298160758.0,1.319108604198944
13,BM,OCB.HM,BH,25922489082419.0,1.0935830212702948
13,BM,PC1.HM,SN,8956667560511.0,0.7967396909297442
13,BM,PDR.HM,BL,20575878276168.0,0.41907301346170717
13,BM,PGV.HM,BN,24931230133819.0,0.684032906542814
13,BM,PHR.HM,SN,6238562459785.0,0.594604200863261
13,BM,PLX.HM,BN,40817264980944.0,0.6964800769455554
13,BM,PNJ.HM,BL,26766537282475.0,0.3525670447076745
13,BM,POW.HM,BH,26346065599903.0,1.279438059945433
13,BM,PVD.HM,SH,15384128945572.0,0.962672196365249
13,BM,PVT.HM,SH,8452519381906.0,1.0263440808925761
13,BM,REE.HM,BH,22177338989393.0,0.9251197247474435
13,BM,SAB.HM,BL,66450193535637.0,0.3990737480521288
13,BM,SBT.HM,SH,9774611695640.0,1.1017757653562588
13,BM,SCS.HM,SL,5591225398511.0,0.2535286981223301
13,BM,SHB.HM,BH,36068820619769.0,1.3730308656905892
13,BM,SIP.HM,SL,10295643105201.0,0.3762339451912632
13,BM,SJS.HM,SL,7904484551992.0,0.3387228524786305
13,BM,SSB.HM,BN,59647201438280.0,0.4799512015601032
13,BM,SSI.HM,BN,44729373265749.0,0.5076698550937936
13,BM,STB.HM,BN,52691779262200.0,0.8295409191345461
13,BM,SZC.HM,SL,5070186183048.0,0.33159618747122516
13,BM,TCB.HM,BH,106878494067454.0,1.1894795778069707
13,BM,TCH.HM,SH,8820448270036.0,1.3036872857006243
13,BM,TMS.HM,SN,6354813829784.0,0.6763694259975034
13,BM,TPB.HM,BH,34748678221779.0,0.9319473043928077
13,BM,VCB.HM,BL,441872860134153.0,0.3603831155225363
13,BM,VCG.HM,SN,12741126309211.0,0.7868725514281353
13,BM,VCI.HM,BL,18042873799860.0,0.4041185555018168
13,BM,VGC.HM,BN,21416583342536.0,0.468810330660105
13,BM,VHC.HM,SN,12687202164263.0,0.6671208583188576
13,BM,VHM.HM,BH,90570847233894.0,1.996939584024513
13,BM,VIB.HM,BH,39088769065006.0,0.9219977211373583
13,BM,VIC.HM,BH,171760060534100.0,0.8555103878228262
13,BM,VIX.HM,SN,10902390675443.0,0.7923286458517961
13,BM,VJC.HM,BL,58494041520515.0,0.26008969053450104
13,BM,VND.HM,BN,24690661435917.0,0.6366319200121181
13,BM,VNM.HM,BL,119467358546674.0,0.28462221332216486
13,BM,VPB.HM,BH,109768959771192.0,1.002027788450141
13,BM,VPI.HM,SL,12099977286769.0,0.3267909864918318
13,BM,VRE.HM,BN,52945018953000.0,0.6942927536324383
13,BM,VSH.HM,SN,9405718859665.0,0.5394221598951456
13,BM,VTP.HM,SL,6723441144334.0,0.22236733237263975
13,OP,ACB.HM,BN,87573334999065.0,0.063781
13,OP,ACG.HM,SN,5176708236827.0,0.05223
13,OP,BCM.HM,BW,63033505334235.0,-0.024282
13,OP,BHN.HM,SW,8644520776862.0,0.012715
13,OP,BID.HM,BR,226383281706460.0,0.092887
13,OP,BMP.HM,SR,6751484587778.0,0.133122
13,OP,BSI.HM,SW,9632201385135.0,0.004788
13,OP,BSR.HM,BN,56014865880236.0,0.031897
13,OP,BVB.HM,SN,5317806058462.0,0.021836
13,OP,BVH.HM,BR,28110020866392.0,0.669719
13,OP,BWE.HM,SN,7510306713460.0,0.035673
13,OP,CII.HM,SR,4964751935575.0,0.069952
13,OP,CMG.HM,SN,8266176057739.0,0.038586
13,OP,CTD.HM,SW,6646326743648.0,0.016873
13,OP,CTG.HM,BR,144357321112547.0,0.085611
13,OP,CTR.HM,SR,9650463110920.0,0.104418
13,OP,DBC.HM,SW,6549931074744.0,-0.056222
13,OP,DCM.HM,SR,15375433557223.0,0.107161
13,OP,DGC.HM,BR,33437027216646.0,0.10987
13,OP,DGW.HM,SR,8333098320378.0,0.077901
13,OP,DHG.HM,SR,10994889958298.0,0.067184
13,OP,DIG.HM,SW,16313539168552.0,0.00022
13,OP,DPM.HM,SR,11874193918911.0,0.087084
13,OP,DXG.HM,SW,13945607577407.0,-0.025651
13,OP,EIB.HM,BN,31462063879701.0,0.028179
13,OP,EVF.HM,SW,11267973479216.0,0.012854
13,OP,FPT.HM,BR,106018392135823.0,0.085992
13,OP,FRT.HM,SN,13883748886187.0,0.052718
13,OP,FTS.HM,SN,9228277638364.0,0.043371
13,OP,GAS.HM,BR,156432504724752.0,0.066839
13,OP,GEE.HM,SN,8162060969160.0,0.033425
13,OP,GEX.HM,BW,19415222736324.0,0.016472
13,OP,GMD.HM,BN,19750689285603.0,0.022379
13,OP,GVR.HM,BW,82837099720000.0,0.021279
13,OP,HAG.HM,SR,12241670535600.0,0.081192
13,OP,HCM.HM,SN,14064887401261.0,0.049107
13,OP,HDB.HM,BR,56397845899525.0,0.077238
13,OP,HDG.HM,SN,8172266653475.0,0.066078
13,OP,HHV.HM,SW,6360459761170.0,0.008161
13,OP,HPG.HM,BW,159605448782489.0,-0.025341
13,OP,HSG.HM,SW,13295531415616.0,-0.064461
13,OP,KBC.HM,BW,24371451098250.0,-0.028034
13,OP,KDC.HM,SW,14751854081261.0,-0.021992
13,OP,KDH.HM,BW,25098400859298.0,0.017163
13,OP,KOS.HM,SW,8583484932750.0,-0.005109
13,OP,LGC.HM,SN,9587244063899.0,0.02845
13,OP,LPB.HM,BR,35457863733795.0,0.088669
13,OP,MBB.HM,BR,75673397758457.0,0.096295
13,OP,MCH.HM,BR,51626549947521.0,0.092587
13,OP,MSB.HM,BN,25999987075557.0,0.026291
13,OP,MSN.HM,BW,95866508202000.0,0.006781
13,OP,MWG.HM,BN,60277402386627.0,0.032957
13,OP,NAB.HM,SN,16188030233265.0,0.037287
13,OP,NKG.HM,SW,6489794788088.0,-0.083409
13,OP,NLG.HM,SN,13499673885127.0,0.049429
13,OP,NT2.HM,SN,6385428863415.0,0.041502
13,OP,NVL.HM,BW,33249298160758.0,0.006134
13,OP,OCB.HM,BN,25922489082419.0,0.062193
13,OP,PC1.HM,SN,8956667560511.0,0.037045
13,OP,PDR.HM,BW,20575878276168.0,-0.158666
13,OP,PGV.HM,BN,24931230133819.0,0.025724
13,OP,PHR.HM,SN,6238562459785.0,0.032237
13,OP,PLX.HM,BN,40817264980944.0,0.033524
13,OP,PNJ.HM,BR,26766537282475.0,0.070378
13,OP,POW.HM,BN,26346065599903.0,0.021342
13,OP,PVD.HM,SW,15384128945572.0,0.003781
13,OP,PVT.HM,SR,8452519381906.0,0.070382
13,OP,REE.HM,BN,22177338989393.0,0.043416
13,OP,SAB.HM,BN,66450193535637.0,0.053273
13,OP,SBT.HM,SW,9774611695640.0,0.012336
13,OP,SCS.HM,SR,5591225398511.0,0.118828
13,OP,SHB.HM,BR,36068820619769.0,0.076918
13,OP,SIP.HM,SR,10295643105201.0,0.091191
13,OP,SJS.HM,SW,7904484551992.0,-0.007984
13,OP,SSB.HM,BN,59647201438280.0,0.049609
13,OP,SSI.HM,BW,44729373265749.0,0.017808
13,OP,STB.HM,BR,52691779262200.0,0.09554
13,OP,SZC.HM,SN,5070186183048.0,0.024672
13,OP,TCB.HM,BN,106878494067454.0,0.043587
13,OP,TCH.HM,SN,8820448270036.0,0.02159
13,OP,TMS.HM,SN,6354813829784.0,0.031544
13,OP,TPB.HM,BN,34748678221779.0,0.059195
13,OP,VCB.HM,BR,441872860134153.0,0.101553
13,OP,VCG.HM,SW,12741126309211.0,-0.00231
13,OP,VCI.HM,BN,18042873799860.0,0.034245
13,OP,VGC.HM,BN,21416583342536.0,0.024023
13,OP,VHC.HM,SN,12687202164263.0,0.031604
13,OP,VHM.HM,BR,90570847233894.0,0.097258
13,OP,VIB.HM,BR,39088769065006.0,0.092973
13,OP,VIC.HM,BN,171760060534100.0,0.028767
13,OP,VIX.HM,SW,10902390675443.0,0.002539
13,OP,VJC.HM,BW,58494041520515.0,-0.312967
13,OP,VND.HM,BW,24690661435917.0,0.017496
13,OP,VNM.HM,BR,119467358546674.0,0.070781
13,OP,VPB.HM,BR,109768959771192.0,0.075646
13,OP,VPI.HM,SN,12099977286769.0,0.024715
13,OP,VRE.HM,BN,52945018953000.0,0.032452
13,OP,VSH.HM,SR,9405718859665.0,0.102085
13,OP,VTP.HM,SW,6723441144334.0,0.004438
13,INV,ACB.HM,BA,87573334999065.0,0.151781
13,INV,ACG.HM,SN,5176708236827.0,0.09719
13,INV,BCM.HM,BC,63033505334235.0,-0.014143
13,INV,BHN.HM,SC,8644520776862.0,0.020521
13,INV,BID.HM,BA,226383281706460.0,0.203732
13,INV,BMP.HM,SN,6751484587778.0,0.072857
13,INV,BSI.HM,SC,9632201385135.0,-0.068887
13,INV,BSR.HM,BA,56014865880236.0,0.175045
13,INV,BVB.HM,SC,5317806058462.0,0.033408
13,INV,BVH.HM,BA,28110020866392.0,0.189729
13,INV,BWE.HM,SN,7510306713460.0,0.100667
13,INV,CII.HM,SC,4964751935575.0,-0.074851
13,INV,CMG.HM,SA,8266176057739.0,0.154527
13,INV,CTD.HM,SA,6646326743648.0,0.260313
13,INV,CTG.HM,BA,144357321112547.0,0.181004
13,INV,CTR.HM,SA,9650463110920.0,0.528978
13,INV,DBC.HM,SA,6549931074744.0,0.198494
13,INV,DCM.HM,SA,15375433557223.0,0.279507
13,INV,DGC.HM,BA,33437027216646.0,0.573306
13,INV,DGW.HM,SC,8333098320378.0,-0.028939
13,INV,DHG.HM,SN,10994889958298.0,0.119984
13,INV,DIG.HM,SC,16313539168552.0,-0.124599
13,INV,DPM.HM,SA,11874193918911.0,0.271654
13,INV,DXG.HM,SN,13945607577407.0,0.073144
13,INV,EIB.HM,BN,31462063879701.0,0.115925
13,INV,EVF.HM,SA,11267973479216.0,0.302909
13,INV,FPT.HM,BC,106018392135823.0,-0.038131
13,INV,FRT.HM,SC,13883748886187.0,-0.024316
13,INV,FTS.HM,SC,9228277638364.0,-0.440776
13,INV,GAS.HM,BN,156432504724752.0,0.049444
13,INV,GEX.HM,BC,19415222736324.0,-0.14389
13,INV,GMD.HM,BA,19750689285603.0,0.214276
13,INV,GVR.HM,BC,82837099720000.0,-0.007167
13,INV,HAG.HM,SN,12241670535600.0,0.073684
13,INV,HCM.HM,SC,14064887401261.0,-0.366125
13,INV,HDB.HM,BN,56397845899525.0,0.111212
13,INV,HDG.HM,SC,8172266653475.0,-0.049499
13,INV,HHV.HM,SN,6360459761170.0,0.049752
13,INV,HPG.HM,BC,159605448782489.0,-0.044328
13,INV,HSG.HM,SC,13295531415616.0,-0.303874
13,INV,KBC.HM,BN,24371451098250.0,0.12595
13,INV,KDC.HM,SC,14751854081261.0,-0.004826
13,INV,KDH.HM,BA,25098400859298.0,0.498623
13,INV,KOS.HM,SA,8583484932750.0,0.247947
13,INV,LGC.HM,SN,9587244063899.0,0.046962
13,INV,LPB.HM,BN,35457863733795.0,0.133308
13,INV,MBB.HM,BA,75673397758457.0,0.19994
13,INV,MCH.HM,BN,51626549947521.0,0.10967
13,INV,MSB.HM,BN,25999987075557.0,0.044732
13,INV,MSN.HM,BN,95866508202000.0,0.120937
13,INV,MWG.HM,BC,60277402386627.0,-0.113342
13,INV,NAB.HM,SA,16188030233265.0,0.158846
13,INV,NKG.HM,SC,6489794788088.0,-0.125806
13,INV,NLG.HM,SN,13499673885127.0,0.1468
13,INV,NT2.HM,SN,6385428863415.0,0.123899
13,INV,NVL.HM,BA,33249298160758.0,0.276967
13,INV,OCB.HM,BN,25922489082419.0,0.05151
13,INV,PC1.HM,SA,8956667560511.0,0.164145
13,INV,PDR.HM,BN,20575878276168.0,0.111494
13,INV,PGV.HM,BC,24931230133819.0,-0.024382
13,INV,PHR.HM,SN,6238562459785.0,0.050806
13,INV,PLX.HM,BN,40817264980944.0,0.14947
13,INV,PNJ.HM,BA,26766537282475.0,0.255966
13,INV,POW.HM,BN,26346065599903.0,0.072981
13,INV,PVD.HM,SC,15384128945572.0,-0.002753
13,INV,PVT.HM,SN,8452519381906.0,0.140751
13,INV,REE.HM,BN,22177338989393.0,0.065591
13,INV,SAB.HM,BN,66450193535637.0,0.130483
13,INV,SBT.HM,SA,9774611695640.0,0.2358
13,INV,SCS.HM,SN,5591225398511.0,0.098929
13,INV,SHB.HM,BN,36068820619769.0,0.087445
13,INV,SIP.HM,SN,10295643105201.0,0.066574
13,INV,SJS.HM,SC,7904484551992.0,-0.023973
13,INV,SSB.HM,BN,59647201438280.0,0.093354
13,INV,SSI.HM,BC,44729373265749.0,0.028219
13,INV,STB.HM,BN,52691779262200.0,0.135844
13,INV,SZC.HM,SN,5070186183048.0,0.127951
13,INV,TCB.HM,BA,106878494067454.0,0.229114
13,INV,TCH.HM,SC,8820448270036.0,-0.003018
13,INV,TMS.HM,SC,6354813829784.0,-0.02851
13,INV,TPB.HM,BN,34748678221779.0,0.12228
13,INV,VCB.HM,BA,441872860134153.0,0.281861
13,INV,VCG.HM,SC,12741126309211.0,0.033255
13,INV,VCI.HM,BC,18042873799860.0,-0.143873
13,INV,VGC.HM,BC,21416583342536.0,0.043727
13,INV,VHC.HM,SA,12687202164263.0,0.325679
13,INV,VHM.HM,BA,90570847233894.0,0.569574
13,INV,VIB.HM,BN,39088769065006.0,0.107528
13,INV,VIC.HM,BA,171760060534100.0,0.347872
13,INV,VIX.HM,SA,10902390675443.0,0.722787
13,INV,VJC.HM,BA,58494041520515.0,0.317175
13,INV,VND.HM,BN,24690661435917.0,0.047873
13,INV,VNM.HM,BC,119467358546674.0,-0.090934
13,INV,VPB.HM,BA,109768959771192.0,0.152726
13,INV,VPI.HM,SN,12099977286769.0,0.128159
13,INV,VRE.HM,BN,52945018953000.0,0.127466
13,INV,VSH.HM,SC,9405718859665.0,-0.030579
13,INV,VTP.HM,SN,6723441144334.0,0.056175
14,BM,ACB.HM,BN,100287982658220.0,0.7457596615028715
14,BM,ACG.HM,SN,6535416304517.0,0.6510203992378176
14,BM,BCM.HM,BL,63935415584685.0,0.3054080697034575
14,BM,BHN.HM,SN,8341962549644.0,0.6335603365237533
14,BM,BID.HM,BN,241039394054533.0,0.5352562202791253
14,BM,BMP.HM,SL,6822571215546.0,0.4220702064590395
14,BM,BSI.HM,SN,10301385902480.0,0.4680499872557183
14,BM,BSR.HM,BH,64621886113387.0,0.8981549536911365
14,BM,BVB.HM,SH,5919821838731.0,1.0065247168447353
14,BM,BVH.HM,BN,32735720502408.0,0.6988061647433504
14,BM,BWE.HM,SN,9496885262499.0,0.5294483041460805
14,BM,CMG.HM,SL,11616799474640.0,0.2878717087736968
14,BM,CTD.HM,SH,6820596406298.0,1.2491146268952487
14,BM,CTG.HM,BN,162629911019658.0,0.802942627105144
14,BM,CTR.HM,SL,15101478306343.0,0.12549741705724068
14,BM,DBC.HM,SN,8127651698624.0,0.5830518756427862
14,BM,DCM.HM,SN,18001059026400.0,0.5716824222189141
14,BM,DGC.HM,BL,43390210106362.0,0.2883140182733235
14,BM,DGW.HM,SL,9750009244970.0,0.27891208190176103
14,BM,DHG.HM,SL,12410377529291.0,0.40894512727131693
14,BM,DIG.HM,SN,16191568782327.0,0.48002266693147366
14,BM,DPM.HM,SH,12872624638669.0,0.9170844547153392
14,BM,DXG.HM,SH,11531251743709.0,1.3426982059495765
14,BM,EIB.HM,BN,32405068520761.0,0.7087790289745889
14,BM,EVF.HM,SH,10070751297049.0,0.8513389663899555
14,BM,FPT.HM,BL,166550960169412.0,0.19049485514158482
14,BM,FRT.HM,BL,22966575260329.0,0.07749774808042073
14,BM,FTS.HM,SL,12035577955502.0,0.3131765688672975
14,BM,GAS.HM,BL,154233287064025.0,0.4402439480310783
14,BM,GEE.HM,SN,9961199105760.0,0.593254970142686
14,BM,GEX.HM,SH,18181204341969.0,1.178923651593132
14,BM,GMD.HM,BN,23601367406265.0,0.4402632180750574
14,BM,GVR.HM,BL,133633434452000.0,0.4191928263563057
14,BM,HAG.HM,SN,12794531324300.0,0.5496468712881715
14,BM,HCM.HM,SN,16590089988218.0,0.517715098306683
14,BM,HDB.HM,BN,64340855161154.0,0.7724524312820555
14,BM,HDG.HM,SN,9297447738439.0,0.8059298664754911
14,BM,HPG.HM,BN,177764085660568.0,0.5941840286837976
14,BM,HSG.HM,SN,14303744813986.0,0.7802217676861669
14,BM,KBC.HM,BH,22260538011000.0,0.9049259647057414
14,BM,KDC.HM,SN,15384070421059.0,0.4637729147408482
14,BM,KDH.HM,BN,29494617570799.0,0.5284452858419542
14,BM,KOS.HM,SL,8507716465500.0,0.27143898290389024
14,BM,LGC.HM,SN,10860549916286.0,0.4917479104158799
14,BM,LPB.HM,BN,63486460781705.0,0.5736035770715711
14,BM,MBB.HM,BH,112474931081042.0,0.9010134349580536
14,BM,MCH.HM,BL,131610777929229.0,0.21344827827147977
14,BM,MSB.HM,BH,28599985782364.0,1.1295503517320191
14,BM,MSN.HM,BL,113015728098900.0,0.34361140394562456
14,BM,MWG.HM,BL,88550355435632.0,0.29400400732797116
14,BM,NAB.HM,SH,16875757007881.0,0.946213079066195
14,BM,NKG.HM,SH,6200189341137.0,0.8988731872765648
14,BM,NLG.HM,SH,15423420978258.0,0.8675992035898095
14,BM,NT2.HM,SN,5812767224540.0,0.6840420601321532
14,BM,NVL.HM,BH,25936402670855.0,1.7235222747221246
14,BM,OCB.HM,BH,27481736545539.0,1.0732787211997306
14,BM,PC1.HM,SN,8941117790219.0,0.8225684540816074
14,BM,PDR.HM,BN,20693421520751.0,0.46541622474785754
14,BM,PGV.HM,BN,26059583221989.0,0.578889510336021
14,BM,PHR.HM,SN,7606778371550.0,0.5126817908832203
14,BM,PLX.HM,BN,50281821454250.0,0.6028656587683107
14,BM,PNJ.HM,BL,30499119768862.0,0.3434323297696216
14,BM,POW.HM,BH,34893900218851.0,0.9705928389138155
14,BM,PVD.HM,SH,15655933344405.0,0.977698615278036
14,BM,PVT.HM,SH,10072478999718.0,0.9283903111478123
14,BM,REE.HM,BN,28561892077368.0,0.7301460784385733
14,BM,SAB.HM,BL,64817005919451.0,0.4081777011526621
14,BM,SBT.HM,SH,8737910455403.0,1.2958229427759436
14,BM,SCS.HM,SL,7152914046536.0,0.20939727934663946
14,BM,SHB.HM,BH,38530395291916.0,1.3802343214256567
14,BM,SIP.HM,SL,14507483211721.0,0.29543652125857284
14,BM,SJS.HM,SL,7175540731644.0,0.3855613680262863
14,BM,SSB.HM,BN,51910535142966.0,0.6080782622075747
14,BM,SSI.HM,BN,46606456913337.0,0.5153986427162656
14,BM,STB.HM,BH,54294212620800.0,0.8823960545225066
14,BM,SZC.HM,SL,6778818807285.0,0.438322057334358
14,BM,TAL.HM,SL,9484749021292.0,0.4205225668450724
14,BM,TCB.HM,BH,156956782171411.0,0.878412032233373
14,BM,TMS.HM,SN,6990295212676.0,0.6871403093532887
14,BM,TPB.HM,BH,35300764947105.0,0.9685402866263929
14,BM,VBB.HM,SH,5825759577388.0,1.193454159520483
14,BM,VCB.HM,BL,468836459320660.0,0.3703085000077967
14,BM,VCG.HM,SH,10543531092751.0,1.0173646265538
14,BM,VCI.HM,BL,19652439229885.0,0.4160963712356357
14,BM,VGC.HM,BN,20324298581864.0,0.4799446791445131
14,BM,VHC.HM,SN,14788136670730.0,0.5633183972229124
14,BM,VHM.HM,BH,157870018442412.0,1.2428974350919961
14,BM,VIB.HM,BH,44367809823740.0,0.8658467738798501
14,BM,VIC.HM,BH,158666244260200.0,0.9942425733686497
14,BM,VIX.HM,SH,10456093980469.0,0.8599238569023168
14,BM,VJC.HM,BL,54973566799373.0,0.2919946323040491
14,BM,VND.HM,BN,22263142416315.0,0.7414864989992
14,BM,VNM.HM,BL,117252945552700.0,0.30589927158267516
14,BM,VPB.HM,BH,141539108020761.0,1.0098792623381088
14,BM,VPI.HM,SL,12825975923970.0,0.3147117186575534
14,BM,VRE.HM,BN,46468911484500.0,0.8373141473946161
14,BM,VSH.HM,SL,10476459176307.0,0.43875846342106734
14,BM,VTP.HM,SL,9807480052131.0,0.16639348112764354
14,OP,ACB.HM,BN,100287982658220.0,0.063781
14,OP,ACG.HM,SN,6535416304517.0,0.05223
14,OP,BCM.HM,BW,63935415584685.0,-0.024282
14,OP,BHN.HM,SW,8341962549644.0,0.012715
14,OP,BID.HM,BR,241039394054533.0,0.092887
14,OP,BMP.HM,SR,6822571215546.0,0.133122
14,OP,BSI.HM,SW,10301385902480.0,0.004788
14,OP,BSR.HM,BN,64621886113387.0,0.031897
14,OP,BVB.HM,SN,5919821838731.0,0.021836
14,OP,BVH.HM,BR,32735720502408.0,0.669719
14,OP,BWE.HM,SN,9496885262499.0,0.035673
14,OP,CMG.HM,SN,11616799474640.0,0.038586
14,OP,CTD.HM,SW,6820596406298.0,0.016873
14,OP,CTG.HM,BR,162629911019658.0,0.085611
14,OP,CTR.HM,SR,15101478306343.0,0.104418
14,OP,DBC.HM,SW,8127651698624.0,-0.056222
14,OP,DCM.HM,SR,18001059026400.0,0.107161
14,OP,DGC.HM,BR,43390210106362.0,0.10987
14,OP,DGW.HM,SR,9750009244970.0,0.077901
14,OP,DHG.HM,SR,12410377529291.0,0.067184
14,OP,DIG.HM,SW,16191568782327.0,0.00022
14,OP,DPM.HM,SR,12872624638669.0,0.087084
14,OP,DXG.HM,SW,11531251743709.0,-0.025651
14,OP,EIB.HM,BN,32405068520761.0,0.028179
14,OP,EVF.HM,SW,10070751297049.0,0.012854
14,OP,FPT.HM,BR,166550960169412.0,0.085992
14,OP,FRT.HM,BN,22966575260329.0,0.052718
14,OP,FTS.HM,SN,12035577955502.0,0.043371
14,OP,GAS.HM,BR,154233287064025.0,0.066839
14,OP,GEE.HM,SN,9961199105760.0,0.033425
14,OP,GEX.HM,SW,18181204341969.0,0.016472
14,OP,GMD.HM,BN,23601367406265.0,0.022379
14,OP,GVR.HM,BW,133633434452000.0,0.021279
14,OP,HAG.HM,SR,12794531324300.0,0.081192
14,OP,HCM.HM,SN,16590089988218.0,0.049107
14,OP,HDB.HM,BR,64340855161154.0,0.077238
14,OP,HDG.HM,SN,9297447738439.0,0.066078
14,OP,HPG.HM,BW,177764085660568.0,-0.025341
14,OP,HSG.HM,SW,14303744813986.0,-0.064461
14,OP,KBC.HM,BW,22260538011000.0,-0.028034
14,OP,KDC.HM,SW,15384070421059.0,-0.021992
14,OP,KDH.HM,BW,29494617570799.0,0.017163
14,OP,KOS.HM,SW,8507716465500.0,-0.005109
14,OP,LGC.HM,SN,10860549916286.0,0.02845
14,OP,LPB.HM,BR,63486460781705.0,0.088669
14,OP,MBB.HM,BR,112474931081042.0,0.096295
14,OP,MCH.HM,BR,131610777929229.0,0.092587
14,OP,MSB.HM,BN,28599985782364.0,0.026291
14,OP,MSN.HM,BW,113015728098900.0,0.006781
14,OP,MWG.HM,BN,88550355435632.0,0.032957
14,OP,NAB.HM,SN,16875757007881.0,0.037287
14,OP,NKG.HM,SW,6200189341137.0,-0.083409
14,OP,NLG.HM,SN,15423420978258.0,0.049429
14,OP,NT2.HM,SN,5812767224540.0,0.041502
14,OP,NVL.HM,BW,25936402670855.0,0.006134
14,OP,OCB.HM,BN,27481736545539.0,0.062193
14,OP,PC1.HM,SN,8941117790219.0,0.037045
14,OP,PDR.HM,BW,20693421520751.0,-0.158666
14,OP,PGV.HM,BN,26059583221989.0,0.025724
14,OP,PHR.HM,SN,7606778371550.0,0.032237
14,OP,PLX.HM,BN,50281821454250.0,0.033524
14,OP,PNJ.HM,BR,30499119768862.0,0.070378
14,OP,POW.HM,BN,34893900218851.0,0.021342
14,OP,PVD.HM,SW,15655933344405.0,0.003781
14,OP,PVT.HM,SR,10072478999718.0,0.070382
14,OP,REE.HM,BN,28561892077368.0,0.043416
14,OP,SAB.HM,BN,64817005919451.0,0.053273
14,OP,SBT.HM,SW,8737910455403.0,0.012336
14,OP,SCS.HM,SR,7152914046536.0,0.118828
14,OP,SHB.HM,BR,38530395291916.0,0.076918
14,OP,SIP.HM,SR,14507483211721.0,0.091191
14,OP,SJS.HM,SW,7175540731644.0,-0.007984
14,OP,SSB.HM,BN,51910535142966.0,0.049609
14,OP,SSI.HM,BW,46606456913337.0,0.017808
14,OP,STB.HM,BR,54294212620800.0,0.09554
14,OP,SZC.HM,SN,6778818807285.0,0.024672
14,OP,TCB.HM,BN,156956782171411.0,0.043587
14,OP,TMS.HM,SN,6990295212676.0,0.031544
14,OP,TPB.HM,BN,35300764947105.0,0.059195
14,OP,VBB.HM,SN,5825759577388.0,0.021611
14,OP,VCB.HM,BR,468836459320660.0,0.101553
14,OP,VCG.HM,SW,10543531092751.0,-0.00231
14,OP,VCI.HM,SN,19652439229885.0,0.034245
14,OP,VGC.HM,BN,20324298581864.0,0.024023
14,OP,VHC.HM,SN,14788136670730.0,0.031604
14,OP,VHM.HM,BR,157870018442412.0,0.097258
14,OP,VIB.HM,BR,44367809823740.0,0.092973
14,OP,VIC.HM,BN,158666244260200.0,0.028767
14,OP,VIX.HM,SW,10456093980469.0,0.002539
14,OP,VJC.HM,BW,54973566799373.0,-0.312967
14,OP,VND.HM,BW,22263142416315.0,0.017496
14,OP,VNM.HM,BR,117252945552700.0,0.070781
14,OP,VPB.HM,BR,141539108020761.0,0.075646
14,OP,VPI.HM,SN,12825975923970.0,0.024715
14,OP,VRE.HM,BN,46468911484500.0,0.032452
14,OP,VSH.HM,SR,10476459176307.0,0.102085
14,OP,VTP.HM,SW,9807480052131.0,0.004438
14,INV,ACB.HM,BN,100287982658220.0,0.151781
14,INV,ACG.HM,SN,6535416304517.0,0.09719
14,INV,BCM.HM,BC,63935415584685.0,-0.014143
14,INV,BHN.HM,SC,8341962549644.0,0.020521
14,INV,BID.HM,BA,241039394054533.0,0.203732
14,INV,BMP.HM,SN,6822571215546.0,0.072857
14,INV,BSI.HM,SC,10301385902480.0,-0.068887
14,INV,BSR.HM,BA,64621886113387.0,0.175045
14,INV,BVB.HM,SC,5919821838731.0,0.033408
14,INV,BVH.HM,BA,32735720502408.0,0.189729
14,INV,BWE.HM,SN,9496885262499.0,0.100667
14,INV,CMG.HM,SA,11616799474640.0,0.154527
14,INV,CTD.HM,SA,6820596406298.0,0.260313
14,INV,CTG.HM,BA,162629911019658.0,0.181004
14,INV,CTR.HM,SA,15101478306343.0,0.528978
14,INV,DBC.HM,SA,8127651698624.0,0.198494
14,INV,DCM.HM,SA,18001059026400.0,0.279507
14,INV,DGC.HM,BA,43390210106362.0,0.573306
14,INV,DGW.HM,SC,9750009244970.0,-0.028939
14,INV,DHG.HM,SN,12410377529291.0,0.119984
14,INV,DIG.HM,SC,16191568782327.0,-0.124599
14,INV,DPM.HM,SA,12872624638669.0,0.271654
14,INV,DXG.HM,SN,11531251743709.0,0.073144
14,INV,EIB.HM,BN,32405068520761.0,0.115925
14,INV,EVF.HM,SA,10070751297049.0,0.302909
14,INV,FPT.HM,BC,166550960169412.0,-0.038131
14,INV,FRT.HM,BC,22966575260329.0,-0.024316
14,INV,FTS.HM,SC,12035577955502.0,-0.440776
14,INV,GAS.HM,BN,154233287064025.0,0.049444
14,INV,GEX.HM,SC,18181204341969.0,-0.14389
14,INV,GMD.HM,BA,23601367406265.0,0.214276
14,INV,GVR.HM,BC,133633434452000.0,-0.007167
14,INV,HAG.HM,SN,12794531324300.0,0.073684
14,INV,HCM.HM,SC,16590089988218.0,-0.366125
14,INV,HDB.HM,BN,64340855161154.0,0.111212
14,INV,HDG.HM,SC,9297447738439.0,-0.049499
14,INV,HPG.HM,BC,177764085660568.0,-0.044328
14,INV,HSG.HM,SC,14303744813986.0,-0.303874
14,INV,KBC.HM,BN,22260538011000.0,0.12595
14,INV,KDC.HM,SC,15384070421059.0,-0.004826
14,INV,KDH.HM,BA,29494617570799.0,0.498623
14,INV,KOS.HM,SA,8507716465500.0,0.247947
14,INV,LGC.HM,SN,10860549916286.0,0.046962
14,INV,LPB.HM,BN,63486460781705.0,0.133308
14,INV,MBB.HM,BA,112474931081042.0,0.19994
14,INV,MCH.HM,BN,131610777929229.0,0.10967
14,INV,MSB.HM,BC,28599985782364.0,0.044732
14,INV,MSN.HM,BN,113015728098900.0,0.120937
14,INV,MWG.HM,BC,88550355435632.0,-0.113342
14,INV,NAB.HM,SA,16875757007881.0,0.158846
14,INV,NKG.HM,SC,6200189341137.0,-0.125806
14,INV,NLG.HM,SN,15423420978258.0,0.1468
14,INV,NT2.HM,SN,5812767224540.0,0.123899
14,INV,NVL.HM,BA,25936402670855.0,0.276967
14,INV,OCB.HM,BN,27481736545539.0,0.05151
14,INV,PC1.HM,SA,8941117790219.0,0.164145
14,INV,PDR.HM,BN,20693421520751.0,0.111494
14,INV,PGV.HM,BC,26059583221989.0,-0.024382
14,INV,PHR.HM,SN,7606778371550.0,0.050806
14,INV,PLX.HM,BN,50281821454250.0,0.14947
14,INV,PNJ.HM,BA,30499119768862.0,0.255966
14,INV,POW.HM,BN,34893900218851.0,0.072981
14,INV,PVD.HM,SC,15655933344405.0,-0.002753
14,INV,PVT.HM,SN,10072478999718.0,0.140751
14,INV,REE.HM,BN,28561892077368.0,0.065591
14,INV,SAB.HM,BN,64817005919451.0,0.130483
14,INV,SBT.HM,SA,8737910455403.0,0.2358
14,INV,SCS.HM,SN,7152914046536.0,0.098929
14,INV,SHB.HM,BN,38530395291916.0,0.087445
14,INV,SIP.HM,SN,14507483211721.0,0.066574
14,INV,SJS.HM,SC,7175540731644.0,-0.023973
14,INV,SSB.HM,BN,51910535142966.0,0.093354
14,INV,SSI.HM,BC,46606456913337.0,0.028219
14,INV,STB.HM,BN,54294212620800.0,0.135844
14,INV,SZC.HM,SN,6778818807285.0,0.127951
14,INV,TCB.HM,BA,156956782171411.0,0.229114
14,INV,TMS.HM,SC,6990295212676.0,-0.02851
14,INV,TPB.HM,BN,35300764947105.0,0.12228
14,INV,VBB.HM,SN,5825759577388.0,0.076703
14,INV,VCB.HM,BA,468836459320660.0,0.281861
14,INV,VCG.HM,SC,10543531092751.0,0.033255
14,INV,VCI.HM,SC,19652439229885.0,-0.143873
14,INV,VGC.HM,BC,20324298581864.0,0.043727
14,INV,VHC.HM,SA,14788136670730.0,0.325679
14,INV,VHM.HM,BA,157870018442412.0,0.569574
14,INV,VIB.HM,BN,44367809823740.0,0.107528
14,INV,VIC.HM,BA,158666244260200.0,0.347872
14,INV,VIX.HM,SA,10456093980469.0,0.722787
14,INV,VJC.HM,BA,54973566799373.0,0.317175
14,INV,VND.HM,BN,22263142416315.0,0.047873
14,INV,VNM.HM,BC,117252945552700.0,-0.090934
14,INV,VPB.HM,BA,141539108020761.0,0.152726
14,INV,VPI.HM,SN,12825975923970.0,0.128159
14,INV,VRE.HM,BN,46468911484500.0,0.127466
14,INV,VSH.HM,SC,10476459176307.0,-0.030579
14,INV,VTP.HM,SN,9807480052131.0,0.056175
15,BM,ACB.HM,BN,108715544228869.0,0.7253264614487442
15,BM,BAF.HM,SN,6716511244712.0,0.42194159363854666
15,BM,BCM.HM,BL,72131959818000.0,0.2782558084822117
15,BM,BHN.HM,SN,8547699268720.0,0.6044533854308962
15,BM,BID.HM,BN,253219185524845.0,0.5467186687022053
15,BM,BMP.HM,SL,9349416955551.0,0.31452498553549607
15,BM,BSI.HM,SN,10840752228246.0,0.45896693148442413
15,BM,BSR.HM,BN,69903099957184.0,0.7957212502112582
15,BM,BVB.HM,SH,6401413114436.0,0.9424778392124685
15,BM,BVH.HM,BN,36926668702736.0,0.6432428146208349
15,BM,BWE.HM,SN,9870942012267.0,0.542903629389799
15,BM,CMG.HM,SL,10408476654257.0,0.32989539470741236
15,BM,CTD.HM,SH,6784897328349.0,1.2793943347359804
15,BM,CTG.HM,BN,198303568916936.0,0.7109602553802509
15,BM,CTR.HM,SL,13655098429761.0,0.12380741511334459
15,BM,DBC.HM,SN,9173734917268.0,0.7115105680705506
15,BM,DCM.HM,SN,17801047259440.0,0.5558398134267001
15,BM,DGC.HM,BL,42426784610115.0,0.33330722509300403
15,BM,DGW.HM,SL,8472299449929.0,0.33528334617289823
15,BM,DHG.HM,SL,12190180144378.0,0.3617294509417601
15,BM,DIG.HM,SN,11526201506063.0,0.6896631789701553
15,BM,DPM.HM,SH,13169907685799.0,0.8529142973621778
15,BM,DSE.HM,SN,8500140192051.0,0.4896052014745441
15,BM,DXG.HM,SH,11242970450492.0,1.3906279903454528
15,BM,EIB.HM,BN,35950507715100.0,0.6724931450646899
15,BM,EVF.HM,SH,6921148798200.0,1.2824433137903923
15,BM,FPT.HM,BL,197412018913364.0,0.17913896236451987
15,BM,FRT.HM,BL,24082465357723.0,0.08267460994119126
15,BM,FTS.HM,SL,12540775055132.0,0.3156468726146316
15,BM,GAS.HM,BL,150446808005942.0,0.39653121427109184
15,BM,GEE.HM,SN,9612642989250.0,0.6933173335326362
15,BM,GEX.HM,SH,15713167553260.0,1.4397523079732837
15,BM,GMD.HM,BL,25384650586195.0,0.41474697669581406
15,BM,GVR.HM,BN,119693116000000.0,0.47966727270453047
15,BM,HAG.HM,SN,12741661360150.0,0.7031919042380296
15,BM,HCM.HM,BN,19881963910173.0,0.50582991136616
15,BM,HDB.HM,BN,89124063277567.0,0.6012290399408593
15,BM,HDG.HM,SN,9413046555720.0,0.8026867266623293
15,BM,HPG.HM,BN,167399748508658.0,0.6677375457985155
15,BM,HSG.HM,SH,11131641506658.0,0.9807122380834326
15,BM,IMP.HM,SL,7064681001419.0,0.30434110179357565
15,BM,KBC.HM,BH,20878849444800.0,0.9875129738384156
15,BM,KDC.HM,SN,16528786532718.0,0.43720882555088975
15,BM,KDH.HM,BN,36502250197497.0,0.5173081986133233
15,BM,KOS.HM,SL,8323707330750.0,0.28003702067669556
15,BM,LGC.HM,SN,12927434213685.0,0.43284016042677537
15,BM,LPB.HM,BN,82171846993075.0,0.49491992072938706
15,BM,MBB.HM,BH,127167602254724.0,0.8651826097940986
15,BM,MCH.HM,BL,176835238747732.0,0.08960099997309623
15,BM,MSB.HM,BH,30289975891018.0,1.1631765943546906
15,BM,MSN.HM,BL,105904966090000.0,0.3888420394281059
15,BM,MWG.HM,BL,86538117561397.0,0.3151855563693485
15,BM,NAB.HM,BN,21892172568794.0,0.8137835540998306
15,BM,NLG.HM,SH,13616570935853.0,0.97267259011935
15,BM,NVL.HM,BH,19988581005734.0,2.0323302184468033
15,BM,OCB.HM,BH,26663142181172.0,1.1436759805760301
15,BM,PC1.HM,SH,8190002520412.0,0.9312259304305238
15,BM,PDR.HM,BN,18074001075087.0,0.6117640853114078
15,BM,PGV.HM,BN,21761095268384.0,0.6937315554467985
15,BM,PHR.HM,SN,7036921583487.0,0.5817155768260753
15,BM,PLX.HM,BN,46101914536293.0,0.6219922567192092
15,BM,PNJ.HM,BL,32034025792290.0,0.3285391628121882
15,BM,POW.HM,BH,28102469974552.0,1.2327044517031371
15,BM,PVD.HM,SH,12720445842387.0,1.216318149639372
15,BM,PVT.HM,SH,9861554169319.0,1.026653159184355
15,BM,REE.HM,BN,31046507447320.0,0.7017872010442446
15,BM,SAB.HM,BL,64225960618681.0,0.4082724434713875
15,BM,SBT.HM,SH,9700561607298.0,1.1287612356810661
15,BM,SCS.HM,SL,6545964732357.0,0.23516761691193988
15,BM,SHB.HM,BH,36169701557446.0,1.5413748690033888
15,BM,SIP.HM,SL,15874962458800.0,0.29673585968020505
15,BM,SJS.HM,SL,8428412923033.0,0.3403679658031828
15,BM,SSB.HM,BN,47486225387711.0,0.7113150755659209
15,BM,SSI.HM,BN,47802877179436.0,0.5044635069010613
15,BM,STB.HM,BN,69564459920400.0,0.7371652142297712
15,BM,SZC.HM,SL,7417339804617.0,0.408545336996661
15,BM,TAL.HM,SL,11873434498443.0,0.31253793005095715
15,BM,TCB.HM,BH,166161669521914.0,0.8688404637205468
15,BM,TMS.HM,SN,6410421784497.0,0.7488369652750806
15,BM,TPB.HM,BH,41006279694987.0,0.885500520166403
15,BM,VBB.HM,SH,6568255968696.0,1.2870210966638493
15,BM,VCB.HM,BL,501853111385260.0,0.37918864441175854
15,BM,VCG.HM,SH,10485758319737.0,1.0430210642465307
15,BM,VCI.HM,BL,23204165376604.0,0.3724353862845461
15,BM,VGC.HM,SN,18063240579662.0,0.5510390238955811
15,BM,VHC.HM,SN,15292057355141.0,0.5891817519721777
15,BM,VHM.HM,BH,158211431424314.0,1.3650450669445766
15,BM,VIB.HM,BH,48878342000375.0,0.8171734834969149
15,BM,VIC.HM,BH,156163014678425.0,1.051829585502317
15,BM,VIX.HM,SH,13682240862004.0,1.164468649278142
15,BM,VJC.HM,BL,54161149556032.0,0.30876758809257054
15,BM,VND.HM,SH,18072088481764.0,1.077006092854198
15,BM,VNM.HM,BL,118359617296967.0,0.2977728106661016
15,BM,VPB.HM,BH,145713183598585.0,0.97616338128914
15,BM,VPI.HM,SL,17399060562270.0,0.23988400496810866
15,BM,VRE.HM,BH,37635646212228.0,1.085069983114353
15,BM,VSH.HM,SN,10622798364921.0,0.4458560784101095
15,BM,VTP.HM,SL,16485537799487.0,0.09062909829496085
15,OP,ACB.HM,BR,108715544228869.0,0.075808
15,OP,BAF.HM,SW,6716511244712.0,-0.017201
15,OP,BCM.HM,BR,72131959818000.0,0.088005
15,OP,BHN.HM,SW,8547699268720.0,0.015305
15,OP,BID.HM,BR,253219185524845.0,0.108814
15,OP,BMP.HM,SR,9349416955551.0,0.133391
15,OP,BSI.HM,SN,10840752228246.0,0.01907
15,OP,BSR.HM,BN,69903099957184.0,0.04233
15,OP,BVB.HM,SW,6401413114436.0,0.016959
15,OP,BVH.HM,BR,36926668702736.0,0.6889
15,OP,BWE.HM,SN,9870942012267.0,0.036564
15,OP,CMG.HM,SN,10408476654257.0,0.0468
15,OP,CTD.HM,SW,6784897328349.0,0.007799
15,OP,CTG.HM,BR,198303568916936.0,0.082982
15,OP,CTR.HM,SR,13655098429761.0,0.094108
15,OP,DBC.HM,SW,9173734917268.0,0.001303
15,OP,DCM.HM,SR,17801047259440.0,0.055316
15,OP,DGC.HM,BR,42426784610115.0,0.06581
15,OP,DGW.HM,SN,8472299449929.0,0.032931
15,OP,DHG.HM,SR,12190180144378.0,0.064088
15,OP,DIG.HM,SW,11526201506063.0,0.004454
15,OP,DPM.HM,SW,13169907685799.0,0.010732
15,OP,DSE.HM,SN,8500140192051.0,0.021842
15,OP,DXG.HM,SW,11242970450492.0,0.016405
15,OP,EIB.HM,BN,35950507715100.0,0.02771
15,OP,EVF.HM,SN,6921148798200.0,0.018682
15,OP,FPT.HM,BR,197412018913364.0,0.085096
15,OP,FRT.HM,BW,24082465357723.0,-0.056503
15,OP,FTS.HM,SN,12540775055132.0,0.04552
15,OP,GAS.HM,BN,150446808005942.0,0.050519
15,OP,GEE.HM,SN,9612642989250.0,0.042146
15,OP,GEX.HM,SW,15713167553260.0,0.001847
15,OP,GMD.HM,BW,25384650586195.0,0.013426
15,OP,GVR.HM,BN,119693116000000.0,0.019008
15,OP,HAG.HM,SR,12741661360150.0,0.154769
15,OP,HCM.HM,BN,19881963910173.0,0.046364
15,OP,HDB.HM,BR,89124063277567.0,0.123631
15,OP,HDG.HM,SN,9413046555720.0,0.050404
15,OP,HPG.HM,BN,167399748508658.0,0.032984
15,OP,HSG.HM,SW,11131641506658.0,0.007881
15,OP,IMP.HM,SN,7064681001419.0,0.047258
15,OP,KBC.HM,BW,20878849444800.0,0.011202
15,OP,KDC.HM,SN,16528786532718.0,0.022488
15,OP,KDH.HM,BW,36502250197497.0,0.013669
15,OP,KOS.HM,SW,8323707330750.0,0.003659
15,OP,LGC.HM,SN,12927434213685.0,0.042391
15,OP,LPB.HM,BR,82171846993075.0,0.138999
15,OP,MBB.HM,BR,127167602254724.0,0.073467
15,OP,MCH.HM,BR,176835238747732.0,0.098184
15,OP,MSB.HM,BN,30289975891018.0,0.037093
15,OP,MSN.HM,BW,105904966090000.0,-0.006318
15,OP,MWG.HM,BN,86538117561397.0,0.019236
15,OP,NAB.HM,BR,21892172568794.0,0.095079
15,OP,NLG.HM,SN,13616570935853.0,0.021785
15,OP,NVL.HM,BN,19988581005734.0,0.019061
15,OP,OCB.HM,BN,26663142181172.0,0.032174
15,OP,PC1.HM,SW,8190002520412.0,0.013342
15,OP,PDR.HM,BW,18074001075087.0,-0.009219
15,OP,PGV.HM,BW,21761095268384.0,-0.021691
15,OP,PHR.HM,SN,7036921583487.0,0.020888
15,OP,PLX.HM,BW,46101914536293.0,0.018212
15,OP,PNJ.HM,BR,32034025792290.0,0.080972
15,OP,POW.HM,BN,28102469974552.0,0.024114
15,OP,PVD.HM,SW,12720445842387.0,-0.008139
15,OP,PVT.HM,SN,9861554169319.0,0.031361
15,OP,REE.HM,BN,31046507447320.0,0.018802
15,OP,SAB.HM,BN,64225960618681.0,0.048386
15,OP,SBT.HM,SW,9700561607298.0,0.015845
15,OP,SCS.HM,SR,6545964732357.0,0.10989
15,OP,SHB.HM,BR,36169701557446.0,0.077889
15,OP,SIP.HM,SR,15874962458800.0,0.085813
15,OP,SJS.HM,SN,8428412923033.0,0.035794
15,OP,SSB.HM,BR,47486225387711.0,0.058001
15,OP,SSI.HM,BN,47802877179436.0,0.031412
15,OP,STB.HM,BR,69564459920400.0,0.071523
15,OP,SZC.HM,SN,7417339804617.0,0.037468
15,OP,TAL.HM,SR,11873434498443.0,0.14655
15,OP,TCB.HM,BN,166161669521914.0,0.053751
15,OP,TMS.HM,SW,6410421784497.0,0.009002
15,OP,TPB.HM,BR,41006279694987.0,0.080683
15,OP,VBB.HM,SN,6568255968696.0,0.052836
15,OP,VCB.HM,BR,501853111385260.0,0.059331
15,OP,VCG.HM,SN,10485758319737.0,0.023354
15,OP,VCI.HM,BN,23204165376604.0,0.022402
15,OP,VGC.HM,SW,18063240579662.0,-0.002795
15,OP,VHC.HM,SW,15292057355141.0,0.010908
15,OP,VHM.HM,BW,158211431424314.0,-0.006539
15,OP,VIB.HM,BR,48878342000375.0,0.097466
15,OP,VIC.HM,BW,156163014678425.0,-0.082715
15,OP,VIX.HM,SW,13682240862004.0,0.014691
15,OP,VJC.HM,BW,54161149556032.0,-0.145068
15,OP,VND.HM,SN,18072088481764.0,0.04631
15,OP,VNM.HM,BR,118359617296967.0,0.078209
15,OP,VPB.HM,BR,145713183598585.0,0.066087
15,OP,VPI.HM,SW,17399060562270.0,-0.001326
15,OP,VRE.HM,BN,37635646212228.0,0.036254
15,OP,VSH.HM,SN,10622798364921.0,0.053664
15,OP,VTP.HM,SR,16485537799487.0,0.082875
15,INV,ACB.HM,BA,108715544228869.0,0.182471
15,INV,BAF.HM,SA,6716511244712.0,0.381588
15,INV,BCM.HM,BN,72131959818000.0,0.10596
15,INV,BHN.HM,SC,8547699268720.0,-0.011502
15,INV,BID.HM,BN,253219185524845.0,0.085004
15,INV,BMP.HM,SN,9349416955551.0,0.069039
15,INV,BSI.HM,SA,10840752228246.0,0.489224
15,INV,BSR.HM,BN,69903099957184.0,0.103286
15,INV,BVB.HM,SN,6401413114436.0,0.111506
15,INV,BVH.HM,BN,36926668702736.0,0.096386
15,INV,BWE.HM,SA,9870942012267.0,0.213714
15,INV,CMG.HM,SC,10408476654257.0,0.051465
15,INV,CTD.HM,SN,6784897328349.0,0.141552
15,INV,CTG.HM,BN,198303568916936.0,0.123729
15,INV,CTR.HM,SN,13655098429761.0,0.153629
15,INV,DBC.HM,SC,9173734917268.0,0.002898
15,INV,DCM.HM,SN,17801047259440.0,0.075606
15,INV,DGC.HM,BN,42426784610115.0,0.163767
15,INV,DGW.HM,SA,8472299449929.0,0.173649
15,INV,DHG.HM,SA,12190180144378.0,0.182325
15,INV,DIG.HM,SN,11526201506063.0,0.141025
15,INV,DPM.HM,SC,13169907685799.0,-0.248013
15,INV,DSE.HM,SN,8500140192051.0,0.161787
15,INV,DXG.HM,SC,11242970450492.0,-0.0506
15,INV,EIB.HM,BN,35950507715100.0,0.08841
15,INV,EVF.HM,SN,6921148798200.0,0.166435
15,INV,FPT.HM,BN,197412018913364.0,0.167132
15,INV,FRT.HM,BA,24082465357723.0,0.244651
15,INV,FTS.HM,SA,12540775055132.0,0.557241
15,INV,GAS.HM,BN,150446808005942.0,0.061597
15,INV,GEE.HM,SC,9612642989250.0,-0.212214
15,INV,GEX.HM,SC,15713167553260.0,0.05139
15,INV,GMD.HM,BC,25384650586195.0,0.039551
15,INV,GVR.HM,BC,119693116000000.0,-0.004918
15,INV,HAG.HM,SC,12741661360150.0,0.055806
15,INV,HCM.HM,BN,19881963910173.0,0.159496
15,INV,HDB.HM,BA,89124063277567.0,0.446923
15,INV,HDG.HM,SC,9413046555720.0,-0.044129
15,INV,HPG.HM,BN,167399748508658.0,0.102428
15,INV,HSG.HM,SA,11131641506658.0,0.177571
15,INV,IMP.HM,SC,7064681001419.0,0.050801
15,INV,KBC.HM,BC,20878849444800.0,-0.042178
15,INV,KDC.HM,SC,16528786532718.0,-0.11523
15,INV,KDH.HM,BA,36502250197497.0,0.229417
15,INV,KOS.HM,SC,8323707330750.0,-0.017078
15,INV,LGC.HM,SA,12927434213685.0,0.797141
15,INV,LPB.HM,BN,82171846993075.0,0.168171
15,INV,MBB.HM,BA,127167602254724.0,0.297065
15,INV,MCH.HM,BA,176835238747732.0,0.209927
15,INV,MSB.HM,BA,30289975891018.0,0.254869
15,INV,MSN.HM,BC,105904966090000.0,0.042738
15,INV,MWG.HM,BN,86538117561397.0,0.076604
15,INV,NAB.HM,BA,21892172568794.0,0.18199
15,INV,NLG.HM,SN,13616570935853.0,0.056361
15,INV,NVL.HM,BC,19988581005734.0,-0.063043
15,INV,OCB.HM,BA,26663142181172.0,0.237739
15,INV,PC1.HM,SC,8190002520412.0,-0.069853
15,INV,PDR.HM,SC,18074001075087.0,-0.077724
15,INV,PGV.HM,BC,21761095268384.0,-0.112506
15,INV,PHR.HM,SC,7036921583487.0,-0.027279
15,INV,PLX.HM,BN,46101914536293.0,0.069822
15,INV,PNJ.HM,BN,32034025792290.0,0.081759
15,INV,POW.HM,BA,28102469974552.0,0.237827
15,INV,PVD.HM,SC,12720445842387.0,0.044861
15,INV,PVT.HM,SA,9861554169319.0,0.227223
15,INV,REE.HM,BC,31046507447320.0,0.029419
15,INV,SAB.HM,BC,64225960618681.0,-0.011851
15,INV,SBT.HM,SA,9700561607298.0,0.175397
15,INV,SCS.HM,SN,6545964732357.0,0.094774
15,INV,SHB.HM,BN,36169701557446.0,0.144484
15,INV,SIP.HM,SN,15874962458800.0,0.108244
15,INV,SJS.HM,SN,8428412923033.0,0.102434
15,INV,SSB.HM,BN,47486225387711.0,0.149937
15,INV,SSI.HM,BA,47802877179436.0,0.325792
15,INV,STB.HM,BN,69564459920400.0,0.139349
15,INV,SZC.HM,SN,7417339804617.0,0.098837
15,INV,TCB.HM,BA,166161669521914.0,0.215225
15,INV,TMS.HM,SA,6410421784497.0,0.435945
15,INV,TPB.HM,BN,41006279694987.0,0.085201
15,INV,VBB.HM,SA,6568255968696.0,0.242137
15,INV,VCB.HM,BC,501853111385260.0,0.014284
15,INV,VCG.HM,SC,10485758319737.0,-0.04078
15,INV,VCI.HM,BA,23204165376604.0,0.211503
15,INV,VGC.HM,SC,18063240579662.0,0.049709
15,INV,VHC.HM,SC,15292057355141.0,0.031015
15,INV,VHM.HM,BA,158211431424314.0,0.228898
15,INV,VIB.HM,BA,48878342000375.0,0.19569
15,INV,VIC.HM,BN,156163014678425.0,0.1563
15,INV,VIX.HM,SN,13682240862004.0,0.11521
15,INV,VJC.HM,BA,54161149556032.0,0.277621
15,INV,VND.HM,SN,18072088481764.0,0.073873
15,INV,VNM.HM,BN,118359617296967.0,0.086437
15,INV,VPB.HM,BA,145713183598585.0,0.295642
15,INV,VPI.HM,SN,17399060562270.0,0.129314
15,INV,VRE.HM,BN,37635646212228.0,0.115984
15,INV,VSH.HM,SC,10622798364921.0,-0.01824
15,INV,VTP.HM,SN,16485537799487.0,0.122005
16,BM,ACB.HM,BH,106853229214568.0,0.8148988817656486
16,BM,BAF.HM,SL,10701566748178.0,0.28680826323085495
16,BM,BCM.HM,BL,65315540484000.0,0.322201417045247
16,BM,BHN.HM,SN,8507060000000.0,0.5831840588605229
16,BM,BID.HM,BN,249185048353366.0,0.625664786190989
16,BM,BMP.HM,SL,10450444046323.0,0.2859791693975478
16,BM,BSI.HM,SN,10072272956182.0,0.5100354033290928
16,BM,BSR.HM,BH,54726769049083.0,1.022122446900075
16,BM,BVB.HM,SN,8138411257139.0,0.7641799859333134
16,BM,BVH.HM,BN,38674676688665.0,0.627612686725549
16,BM,BWE.HM,SN,10248841041025.0,0.5160771014582953
16,BM,CII.HM,SH,7914558687020.0,1.4575348354992683
16,BM,CMG.HM,SL,8726724175491.0,0.42140849088507926
16,BM,CTD.HM,SH,8444086194643.0,1.0358130480538972
16,BM,CTG.HM,BN,219812686181728.0,0.7005154009750681
16,BM,CTR.HM,SL,11275053161240.0,0.17788507940945464
16,BM,DBC.HM,SN,11239891430279.0,0.6436352177366562
16,BM,DCM.HM,SN,16867208635400.0,0.6263493034599237
16,BM,DGC.HM,BL,37005180058737.0,0.38682679834652756
16,BM,DGW.HM,SL,9415172625747.0,0.3309722980814453
16,BM,DHG.HM,SL,12395763091981.0,0.351813350611887
16,BM,DIG.HM,SN,11441833680411.0,0.697670666914139
16,BM,DPM.HM,SH,13564169944324.0,0.839638900761472
16,BM,DXG.HM,SH,17219143131664.0,0.9920589944852392
16,BM,EIB.HM,BN,42563165869950.0,0.6051580391999224
16,BM,EVF.HM,SH,7985940921000.0,1.1579935403331292
16,BM,FPT.HM,BL,155395835745939.0,0.24387175187178312
16,BM,FRT.HM,BL,24414637389265.0,0.09554093647528969
16,BM,FTS.HM,SL,12838057924043.0,0.33267770981126593
16,BM,GAS.HM,BL,149784046736524.0,0.42946622148131064
16,BM,GEE.HM,BL,34085380673329.0,0.21841021032677563
16,BM,GEX.HM,BN,33227464186347.0,0.7434796474535281
16,BM,GMD.HM,SN,22880639555899.0,0.6162919709814446
16,BM,GVR.HM,BN,119495928000000.0,0.5028054327940865
16,BM,HAG.HM,SN,13693320714850.0,0.7115346973823311
16,BM,HAH.HM,SN,8337438562968.0,0.5397090718838404
16,BM,HCM.HM,SN,22433175196685.0,0.45961742476863604
16,BM,HDB.HM,BH,76192336449057.0,0.8010324902007303
16,BM,HDG.HM,SH,9209881013894.0,0.8233454957649765
16,BM,HPG.HM,BN,171105085456394.0,0.6896164352707121
16,BM,HSG.HM,SH,10308309412953.0,1.0974815088882879
16,BM,IMP.HM,SL,7831132281498.0,0.27877439559511513
16,BM,KBC.HM,BH,25191939803250.0,0.8532096871921339
16,BM,KDC.HM,SL,16274062082727.0,0.4422912949461891
16,BM,KDH.HM,BN,29727594343668.0,0.6582470648577059
16,BM,KOS.HM,SL,8388651731250.0,0.2767226809428047
16,BM,LGC.HM,SN,11944646817323.0,0.4902454248899581
16,BM,LPB.HM,BN,91036724467130.0,0.5038868244492118
16,BM,MBB.HM,BH,150321263476818.0,0.8227481936983116
16,BM,MCH.HM,BL,127489012912144.0,0.127146944560302
16,BM,MSB.HM,BH,31199975166248.0,1.2186114507273895
16,BM,MSN.HM,BL,116192877081600.0,0.37290095648093197
16,BM,MWG.HM,BL,94010884993841.0,0.31559253569131634
16,BM,NAB.HM,BH,22990212572245.0,0.8792276685776697
16,BM,NLG.HM,SH,14771822950566.0,0.9829105223919349
16,BM,NVL.HM,BH,29544097779207.0,1.6536303109714163
16,BM,OCB.HM,BH,27364803817276.0,1.1835721064413263
16,BM,PC1.HM,SH,7832360488953.0,0.9943976067474308
16,BM,PDR.HM,SN,16375594480649.0,0.678335800165452
16,BM,PGV.HM,SN,20310355583421.0,0.7223136282157088
16,BM,PHR.HM,SN,8068650687833.0,0.5034931712836449
16,BM,PLX.HM,BN,45692809883764.0,0.6460573429709865
16,BM,PNJ.HM,BL,27358287564732.0,0.42876555744551437
16,BM,POW.HM,BH,30444342472195.0,1.1507653343393778
16,BM,PVD.HM,SH,10899356373637.0,1.4912153784303182
16,BM,PVT.HM,SH,8411769939541.0,1.2680758198340654
16,BM,REE.HM,BN,36301404013341.0,0.6398510565593482
16,BM,SAB.HM,BN,54095319010225.0,0.4733504856178774
16,BM,SBT.HM,SN,16087260578443.0,0.6640171745152943
16,BM,SHB.HM,BH,52441765613252.0,1.1722171303947435
16,BM,SIP.HM,SL,13276505829670.0,0.39908634424865824
16,BM,SJS.HM,SL,11275849721324.0,0.2712502207210034
16,BM,SSB.HM,BN,51636723237395.0,0.7475223751619933
16,BM,SSI.HM,BN,45556600952731.0,0.6081084305034012
16,BM,STB.HM,BN,88039573937200.0,0.6572314518613429
16,BM,TAL.HM,SL,16377151031974.0,0.2683632713030705
16,BM,TCB.HM,BN,230536677390233.0,0.6678011791564166
16,BM,TCH.HM,SH,13364315560960.0,1.0063330648329079
16,BM,TPB.HM,BH,35534312705144.0,1.1113651283392667
16,BM,VAB.HM,SH,8207384210383.0,1.0395168667806116
16,BM,VBB.HM,SH,8374522756143.0,1.062506994022199
16,BM,VCB.HM,BL,468918308142964.0,0.43705231900972663
16,BM,VCG.HM,SN,14254626808800.0,0.7904017215793026
16,BM,VCI.HM,BN,25167746633711.0,0.499850970795078
16,BM,VGC.HM,SN,18063240579662.0,0.5674441662837442
16,BM,VHC.HM,SN,12949444313502.0,0.7108381483072029
16,BM,VHM.HM,BN,303370419756122.0,0.7363803273225747
16,BM,VIB.HM,BH,47205502548830.0,0.9245377052146585
16,BM,VIC.HM,BL,368167304642600.0,0.4276658600981632
16,BM,VIX.HM,SH,18595930623403.0,0.8828285161780591
16,BM,VJC.HM,BL,47715972758865.0,0.37361033601241933
16,BM,VND.HM,BN,25448062261650.0,0.7897496662499486
16,BM,VNM.HM,BL,112111378038267.0,0.3355813585591046
16,BM,VPB.HM,BH,144215956917301.0,1.0485203248813277
16,BM,VPI.HM,SL,15507858327240.0,0.3369006512806366
16,BM,VPL.HM,BL,169646215664200.0,0.20976894686787717
16,BM,VRE.HM,BH,54094383622824.0,0.7967562640239575
16,BM,VSH.HM,SN,10820082013426.0,0.44623873295949135
16,BM,VTP.HM,SL,14209594304894.0,0.11550453823925999
16,OP,ACB.HM,BR,106853229214568.0,0.075808
16,OP,BAF.HM,SW,10701566748178.0,-0.017201
16,OP,BCM.HM,BR,65315540484000.0,0.088005
16,OP,BHN.HM,SW,8507060000000.0,0.015305
16,OP,BID.HM,BR,249185048353366.0,0.108814
16,OP,BMP.HM,SR,10450444046323.0,0.133391
16,OP,BSI.HM,SN,10072272956182.0,0.01907
16,OP,BSR.HM,BN,54726769049083.0,0.04233
16,OP,BVB.HM,SW,8138411257139.0,0.016959
16,OP,BVH.HM,BR,38674676688665.0,0.6889
16,OP,BWE.HM,SN,10248841041025.0,0.036564
16,OP,CII.HM,SW,7914558687020.0,0.006226
16,OP,CMG.HM,SN,8726724175491.0,0.0468
16,OP,CTD.HM,SW,8444086194643.0,0.007799
16,OP,CTG.HM,BR,219812686181728.0,0.082982
16,OP,CTR.HM,SR,11275053161240.0,0.094108
16,OP,DBC.HM,SW,11239891430279.0,0.001303
16,OP,DCM.HM,SR,16867208635400.0,0.055316
16,OP,DGC.HM,BR,37005180058737.0,0.06581
16,OP,DGW.HM,SN,9415172625747.0,0.032931
16,OP,DHG.HM,SR,12395763091981.0,0.064088
16,OP,DIG.HM,SW,11441833680411.0,0.004454
16,OP,DPM.HM,SW,13564169944324.0,0.010732
16,OP,DXG.HM,SW,17219143131664.0,0.016405
16,OP,EIB.HM,BN,42563165869950.0,0.02771
16,OP,EVF.HM,SN,7985940921000.0,0.018682
16,OP,FPT.HM,BR,155395835745939.0,0.085096
16,OP,FRT.HM,BW,24414637389265.0,-0.056503
16,OP,FTS.HM,SN,12838057924043.0,0.04552
16,OP,GAS.HM,BN,149784046736524.0,0.050519
16,OP,GEE.HM,BN,34085380673329.0,0.042146
16,OP,GEX.HM,BW,33227464186347.0,0.001847
16,OP,GMD.HM,BW,22880639555899.0,0.013426
16,OP,GVR.HM,BN,119495928000000.0,0.019008
16,OP,HAG.HM,SR,13693320714850.0,0.154769
16,OP,HAH.HM,SN,8337438562968.0,0.021934
16,OP,HCM.HM,SN,22433175196685.0,0.046364
16,OP,HDB.HM,BR,76192336449057.0,0.123631
16,OP,HDG.HM,SN,9209881013894.0,0.050404
16,OP,HPG.HM,BN,171105085456394.0,0.032984
16,OP,HSG.HM,SW,10308309412953.0,0.007881
16,OP,IMP.HM,SN,7831132281498.0,0.047258
16,OP,KBC.HM,BW,25191939803250.0,0.011202
16,OP,KDC.HM,SN,16274062082727.0,0.022488
16,OP,KDH.HM,BW,29727594343668.0,0.013669
16,OP,KOS.HM,SW,8388651731250.0,0.003659
16,OP,LGC.HM,SN,11944646817323.0,0.042391
16,OP,LPB.HM,BR,91036724467130.0,0.138999
16,OP,MBB.HM,BR,150321263476818.0,0.073467
16,OP,MCH.HM,BR,127489012912144.0,0.098184
16,OP,MSB.HM,BN,31199975166248.0,0.037093
16,OP,MSN.HM,BW,116192877081600.0,-0.006318
16,OP,MWG.HM,BN,94010884993841.0,0.019236
16,OP,NAB.HM,BR,22990212572245.0,0.095079
16,OP,NLG.HM,SN,14771822950566.0,0.021785
16,OP,NVL.HM,BN,29544097779207.0,0.019061
16,OP,OCB.HM,BN,27364803817276.0,0.032174
16,OP,PC1.HM,SW,7832360488953.0,0.013342
16,OP,PDR.HM,SW,16375594480649.0,-0.009219
16,OP,PGV.HM,SW,20310355583421.0,-0.021691
16,OP,PHR.HM,SN,8068650687833.0,0.020888
16,OP,PLX.HM,BW,45692809883764.0,0.018212
16,OP,PNJ.HM,BR,27358287564732.0,0.080972
16,OP,POW.HM,BN,30444342472195.0,0.024114
16,OP,PVD.HM,SW,10899356373637.0,-0.008139
16,OP,PVT.HM,SN,8411769939541.0,0.031361
16,OP,REE.HM,BN,36301404013341.0,0.018802
16,OP,SAB.HM,BN,54095319010225.0,0.048386
16,OP,SBT.HM,SW,16087260578443.0,0.015845
16,OP,SHB.HM,BR,52441765613252.0,0.077889
16,OP,SIP.HM,SR,13276505829670.0,0.085813
16,OP,SJS.HM,SN,11275849721324.0,0.035794
16,OP,SSB.HM,BR,51636723237395.0,0.058001
16,OP,SSI.HM,BN,45556600952731.0,0.031412
16,OP,STB.HM,BR,88039573937200.0,0.071523
16,OP,TAL.HM,SR,16377151031974.0,0.14655
16,OP,TCB.HM,BN,230536677390233.0,0.053751
16,OP,TCH.HM,SN,13364315560960.0,0.048259
16,OP,TPB.HM,BR,35534312705144.0,0.080683
16,OP,VAB.HM,SR,8207384210383.0,0.109883
16,OP,VBB.HM,SN,8374522756143.0,0.052836
16,OP,VCB.HM,BR,468918308142964.0,0.059331
16,OP,VCG.HM,SN,14254626808800.0,0.023354
16,OP,VCI.HM,BN,25167746633711.0,0.022402
16,OP,VGC.HM,SW,18063240579662.0,-0.002795
16,OP,VHC.HM,SW,12949444313502.0,0.010908
16,OP,VHM.HM,BW,303370419756122.0,-0.006539
16,OP,VIB.HM,BR,47205502548830.0,0.097466
16,OP,VIC.HM,BW,368167304642600.0,-0.082715
16,OP,VIX.HM,SW,18595930623403.0,0.014691
16,OP,VJC.HM,BW,47715972758865.0,-0.145068
16,OP,VND.HM,BN,25448062261650.0,0.04631
16,OP,VNM.HM,BR,112111378038267.0,0.078209
16,OP,VPB.HM,BR,144215956917301.0,0.066087
16,OP,VPI.HM,SW,15507858327240.0,-0.001326
16,OP,VRE.HM,BN,54094383622824.0,0.036254
16,OP,VSH.HM,SN,10820082013426.0,0.053664
16,OP,VTP.HM,SR,14209594304894.0,0.082875
16,INV,ACB.HM,BA,106853229214568.0,0.182471
16,INV,BAF.HM,SA,10701566748178.0,0.381588
16,INV,BCM.HM,BN,65315540484000.0,0.10596
16,INV,BHN.HM,SC,8507060000000.0,-0.011502
16,INV,BID.HM,BN,249185048353366.0,0.085004
16,INV,BMP.HM,SN,10450444046323.0,0.069039
16,INV,BSI.HM,SA,10072272956182.0,0.489224
16,INV,BSR.HM,BN,54726769049083.0,0.103286
16,INV,BVB.HM,SN,8138411257139.0,0.111506
16,INV,BVH.HM,BN,38674676688665.0,0.096386
16,INV,BWE.HM,SA,10248841041025.0,0.213714
16,INV,CII.HM,SN,7914558687020.0,0.161929
16,INV,CMG.HM,SC,8726724175491.0,0.051465
16,INV,CTD.HM,SN,8444086194643.0,0.141552
16,INV,CTG.HM,BN,219812686181728.0,0.123729
16,INV,CTR.HM,SN,11275053161240.0,0.153629
16,INV,DBC.HM,SC,11239891430279.0,0.002898
16,INV,DCM.HM,SN,16867208635400.0,0.075606
16,INV,DGC.HM,BN,37005180058737.0,0.163767
16,INV,DGW.HM,SA,9415172625747.0,0.173649
16,INV,DHG.HM,SA,12395763091981.0,0.182325
16,INV,DIG.HM,SN,11441833680411.0,0.141025
16,INV,DPM.HM,SC,13564169944324.0,-0.248013
16,INV,DXG.HM,SC,17219143131664.0,-0.0506
16,INV,EIB.HM,BN,42563165869950.0,0.08841
16,INV,EVF.HM,SN,7985940921000.0,0.166435
16,INV,FPT.HM,BN,155395835745939.0,0.167132
16,INV,FRT.HM,BA,24414637389265.0,0.244651
16,INV,FTS.HM,SA,12838057924043.0,0.557241
16,INV,GAS.HM,BN,149784046736524.0,0.061597
16,INV,GEE.HM,BC,34085380673329.0,-0.212214
16,INV,GEX.HM,BC,33227464186347.0,0.05139
16,INV,GMD.HM,SC,22880639555899.0,0.039551
16,INV,GVR.HM,BC,119495928000000.0,-0.004918
16,INV,HAG.HM,SC,13693320714850.0,0.055806
16,INV,HAH.HM,SN,8337438562968.0,0.0613
16,INV,HCM.HM,SN,22433175196685.0,0.159496
16,INV,HDB.HM,BA,76192336449057.0,0.446923
16,INV,HDG.HM,SC,9209881013894.0,-0.044129
16,INV,HPG.HM,BN,171105085456394.0,0.102428
16,INV,HSG.HM,SA,10308309412953.0,0.177571
16,INV,IMP.HM,SC,7831132281498.0,0.050801
16,INV,KBC.HM,BC,25191939803250.0,-0.042178
16,INV,KDC.HM,SC,16274062082727.0,-0.11523
16,INV,KDH.HM,BA,29727594343668.0,0.229417
16,INV,KOS.HM,SC,8388651731250.0,-0.017078
16,INV,LGC.HM,SA,11944646817323.0,0.797141
16,INV,LPB.HM,BN,91036724467130.0,0.168171
16,INV,MBB.HM,BA,150321263476818.0,0.297065
16,INV,MCH.HM,BA,127489012912144.0,0.209927
16,INV,MSB.HM,BA,31199975166248.0,0.254869
16,INV,MSN.HM,BC,116192877081600.0,0.042738
16,INV,MWG.HM,BN,94010884993841.0,0.076604
16,INV,NAB.HM,BA,22990212572245.0,0.18199
16,INV,NLG.HM,SN,14771822950566.0,0.056361
16,INV,NVL.HM,BC,29544097779207.0,-0.063043
16,INV,OCB.HM,BA,27364803817276.0,0.237739
16,INV,PC1.HM,SC,7832360488953.0,-0.069853
16,INV,PDR.HM,SC,16375594480649.0,-0.077724
16,INV,PGV.HM,SC,20310355583421.0,-0.112506
16,INV,PHR.HM,SC,8068650687833.0,-0.027279
16,INV,PLX.HM,BN,45692809883764.0,0.069822
16,INV,PNJ.HM,BN,27358287564732.0,0.081759
16,INV,POW.HM,BA,30444342472195.0,0.237827
16,INV,PVD.HM,SC,10899356373637.0,0.044861
16,INV,PVT.HM,SA,8411769939541.0,0.227223
16,INV,REE.HM,BC,36301404013341.0,0.029419
16,INV,SAB.HM,BC,54095319010225.0,-0.011851
16,INV,SBT.HM,SA,16087260578443.0,0.175397
16,INV,SHB.HM,BN,52441765613252.0,0.144484
16,INV,SIP.HM,SN,13276505829670.0,0.108244
16,INV,SJS.HM,SN,11275849721324.0,0.102434
16,INV,SSB.HM,BN,51636723237395.0,0.149937
16,INV,SSI.HM,BA,45556600952731.0,0.325792
16,INV,STB.HM,BN,88039573937200.0,0.139349
16,INV,TCB.HM,BA,230536677390233.0,0.215225
16,INV,TCH.HM,SA,13364315560960.0,0.172212
16,INV,TPB.HM,BN,35534312705144.0,0.085201
16,INV,VAB.HM,SN,8207384210383.0,0.067033
16,INV,VBB.HM,SA,8374522756143.0,0.242137
16,INV,VCB.HM,BC,468918308142964.0,0.014284
16,INV,VCG.HM,SC,14254626808800.0,-0.04078
16,INV,VCI.HM,BA,25167746633711.0,0.211503
16,INV,VGC.HM,SC,18063240579662.0,0.049709
16,INV,VHC.HM,SC,12949444313502.0,0.031015
16,INV,VHM.HM,BA,303370419756122.0,0.228898
16,INV,VIB.HM,BA,47205502548830.0,0.19569
16,INV,VIC.HM,BN,368167304642600.0,0.1563
16,INV,VIX.HM,SN,18595930623403.0,0.11521
16,INV,VJC.HM,BA,47715972758865.0,0.277621
16,INV,VND.HM,BN,25448062261650.0,0.073873
16,INV,VNM.HM,BN,112111378038267.0,0.086437
16,INV,VPB.HM,BA,144215956917301.0,0.295642
16,INV,VPI.HM,SN,15507858327240.0,0.129314
16,INV,VRE.HM,BN,54094383622824.0,0.115984
16,INV,VSH.HM,SC,10820082013426.0,-0.01824
16,INV,VTP.HM,SN,14209594304894.0,0.122005
17,BM,ACB.HM,BH,120398004748400.0,0.7592775328049184
17,BM,BAF.HM,SL,11385615759327.0,0.3778479962679938
17,BM,BCM.HM,BL,62873838036000.0,0.35130258875513704
17,BM,BID.HM,BN,270003592776421.0,0.622164687782888
17,BM,BMP.HM,SL,13550502462844.0,0.23233165743318487
17,BM,BSI.HM,SN,9225760369121.0,0.5888914213089014
17,BM,BSR.HM,BN,79718478306418.0,0.7207079762646635
17,BM,BVB.HM,SH,8458821149153.0,0.8726776308231978
17,BM,BVH.HM,BN,42163932995200.0,0.6061537342041488
17,BM,BWE.HM,SN,10131283948775.0,0.5921930218953577
17,BM,CII.HM,SH,13071913798900.0,0.9093524016078111
17,BM,CTG.HM,BN,273461041134001.0,0.6212256023583087
17,BM,CTR.HM,SL,9585935149855.0,0.2251979861921613
17,BM,DBC.HM,SH,10283600639133.0,0.770205120145911
17,BM,DCM.HM,SN,16366697993400.0,0.6448647208823739
17,BM,DGC.HM,SN,26014821290500.0,0.6154541239170002
17,BM,DGW.HM,SL,8421420463548.0,0.39078097104375065
17,BM,DHG.HM,SL,12719022711230.0,0.31430795817766105
17,BM,DIG.HM,SN,13340219192922.0,0.6167472603667815
17,BM,DPM.HM,SH,14164747756852.0,0.8007154399935924
17,BM,DSE.HM,SN,8691488115470.0,0.4939381468562071
17,BM,DXG.HM,SH,19021770005435.0,0.9963448670044831
17,BM,EIB.HM,BN,39675948929100.0,0.668953930942618
17,BM,EVF.HM,SH,8404252112100.0,1.1547946052245368
17,BM,FPT.HM,BL,146344231345366.0,0.29266971111006646
17,BM,FRT.HM,SL,25460118237292.0,0.14308562007740605
17,BM,FTS.HM,SL,11220530732038.0,0.3825050392956283
17,BM,GAS.HM,BL,169768121218010.0,0.3909880400186658
17,BM,GEE.HM,BL,88038157768836.0,0.09129624382780027
17,BM,GEX.HM,BN,39344578394962.0,0.6421086827398802
17,BM,GMD.HM,SN,25281478098231.0,0.5612126830780431
17,BM,GVR.HM,BN,104800000000000.0,0.6100475247445134
17,BM,HAG.HM,SN,22242857416650.0,0.5972286265727776
17,BM,HAH.HM,SN,9521911675105.0,0.5287614427828097
17,BM,HCM.HM,SN,23481454411379.0,0.4524614107304376
17,BM,HDB.HM,BN,148656706793100.0,0.46016795660090026
17,BM,HDG.HM,SH,9918333399547.0,0.8134377034389152
17,BM,HPG.HM,BN,198994460615580.0,0.6408018178234922
17,BM,HSG.HM,SH,9780474292411.0,1.1593126723982112
17,BM,HVN.HM,BL,77476305453900.0,0.082210168843349
17,BM,KBC.HM,BH,33291030730650.0,0.7828933207583844
17,BM,KDC.HM,SN,14717412666119.0,0.49445966141893866
17,BM,KDH.HM,BN,35349769318500.0,0.5764618284039397
17,BM,KLB.HM,SH,9716627700999.0,0.7949555378360168
17,BM,KOS.HM,SL,8345355464250.0,0.2800092428652477
17,BM,LGC.HM,SN,11051989046800.0,0.5436846023697237
17,BM,LPB.HM,BL,117994886286078.0,0.3683370302559289
17,BM,MBB.HM,BN,195953190082647.0,0.6791966231520213
17,BM,MCH.HM,BL,228964146286965.0,0.0728419814352807
17,BM,MSB.HM,BH,38687984524800.0,1.0482906643534866
17,BM,MSN.HM,BL,111335490189000.0,0.38597891765734343
17,BM,MWG.HM,BL,127820657679727.0,0.24876416847697222
17,BM,NAB.HM,SH,24534306850273.0,0.9075989036858494
17,BM,NLG.HM,SH,14491980258085.0,0.9913804105158568
17,BM,NVL.HM,SH,27335603330080.0,1.858901603439835
17,BM,OCB.HM,BH,31823466842088.0,1.0259050394636988
17,BM,PC1.HM,SH,9274484484650.0,0.9003651390409467
17,BM,PDR.HM,SN,18758816325200.0,0.6365398488073682
17,BM,PGV.HM,SH,20901397676935.0,0.7513707295184554
17,BM,PLX.HM,BN,43300837285822.0,0.6674157245182097
17,BM,PNJ.HM,BL,32773305313174.0,0.3659082240874107
17,BM,POW.HM,BH,35392627919200.0,1.0306079465595808
17,BM,PVD.HM,SH,15759193583936.0,1.089103421693059
17,BM,PVT.HM,SH,8646735580310.0,1.2865683771106093
17,BM,REE.HM,BN,32516676135161.0,0.7431576103923745
17,BM,SAB.HM,BN,56397247479209.0,0.43446345750405513
17,BM,SBT.HM,SN,21463320753613.0,0.5440541087915454
17,BM,SHB.HM,BH,75107079636088.0,0.8755666885016595
17,BM,SIP.HM,SN,11871736460860.0,0.4798502644203179
17,BM,SJS.HM,SL,18383944370400.0,0.17715798990367249
17,BM,SSB.HM,BH,49645224269562.0,0.8111147767477951
17,BM,SSI.HM,BL,72279959538821.0,0.4324222928781516
17,BM,STB.HM,BN,109342511528000.0,0.573471297885295
17,BM,TAL.HM,BL,36820260011328.0,0.1668867424678562
17,BM,TCB.HM,BN,242218176482844.0,0.7407808761730516
17,BM,TCH.HM,SH,16691600461705.0,0.851873672985254
17,BM,TPB.HM,BH,47436201528300.0,0.8430953303910812
17,BM,VAB.HM,SH,8490147469529.0,1.0667836881778516
17,BM,VBB.HM,SH,11199733909792.0,0.8351520737311616
17,BM,VCB.HM,BN,476484231373058.0,0.4675738048203485
17,BM,VCG.HM,SH,14610184393600.0,0.8396422369523762
17,BM,VCI.HM,BL,29419033201746.0,0.43067236316317986
17,BM,VCK.HM,BL,76243467570000.0,0.18266910475020254
17,BM,VGC.HM,SN,17650793826698.0,0.6160159204277038
17,BM,VHC.HM,SH,12591822219900.0,0.807310881366123
17,BM,VHM.HM,BN,490455437415374.0,0.4790031082906204
17,BM,VIB.HM,BH,52316782639268.0,0.8651098694671806
17,BM,VIC.HM,BL,1311600225561600.0,0.12343997495934869
17,BM,VIX.HM,BN,32816348159266.0,0.6145733235318983
17,BM,VJC.HM,BL,113196802572108.0,0.21565484961894185
17,BM,VND.HM,SN,28777023894714.0,0.7144905674821292
17,BM,VNM.HM,BL,123846583103739.0,0.3064501075179133
17,BM,VPB.HM,BN,223339846798252.0,0.7143610479151126
17,BM,VPI.HM,SL,16846247601261.0,0.31765442625878526
17,BM,VPL.HM,BL,168928895513400.0,0.21265901189267156
17,BM,VPX.HM,BL,55875000000000.0,0.3628259850281879
17,BM,VRE.HM,BN,73844868515538.0,0.6189966739582187
17,BM,VSH.HM,SN,10157567804705.0,0.4892543831264467
17,BM,VTP.HM,SL,12032164645427.0,0.1452847741364965
17,OP,ACB.HM,BR,120398004748400.0,0.068557
17,OP,BAF.HM,SN,11385615759327.0,0.045931
17,OP,BCM.HM,BN,62873838036000.0,0.033787
17,OP,BID.HM,BR,270003592776421.0,0.1015
17,OP,BMP.HM,SR,13550502462844.0,0.11796
17,OP,BSI.HM,SW,9225760369121.0,0.019031
17,OP,BSR.HM,BW,79718478306418.0,0.000974
17,OP,BVB.HM,SN,8458821149153.0,0.057682
17,OP,BVH.HM,BR,42163932995200.0,0.617425
17,OP,BWE.HM,SN,10131283948775.0,0.035971
17,OP,CII.HM,SW,13071913798900.0,-0.000785
17,OP,CTG.HM,BR,273461041134001.0,0.079777
17,OP,CTR.HM,SR,9585935149855.0,0.101501
17,OP,DBC.HM,SN,10283600639133.0,0.038186
17,OP,DCM.HM,SN,16366697993400.0,0.034017
17,OP,DGC.HM,SN,26014821290500.0,0.061652
17,OP,DGW.HM,SN,8421420463548.0,0.052695
17,OP,DHG.HM,SR,12719022711230.0,0.07194
17,OP,DIG.HM,SW,13340219192922.0,0.00955
17,OP,DPM.HM,SW,14164747756852.0,-0.001019
17,OP,DSE.HM,SN,8691488115470.0,0.031157
17,OP,DXG.HM,SW,19021770005435.0,0.020415
17,OP,EIB.HM,BN,39675948929100.0,0.058924
17,OP,EVF.HM,SW,8404252112100.0,0.026352
17,OP,FPT.HM,BR,146344231345366.0,0.091255
17,OP,FRT.HM,SR,25460118237292.0,0.075186
17,OP,FTS.HM,SN,11220530732038.0,0.045164
17,OP,GAS.HM,BN,169768121218010.0,0.041616
17,OP,GEE.HM,BR,88038157768836.0,0.110525
17,OP,GEX.HM,BW,39344578394962.0,0.001847
17,OP,GMD.HM,SW,25281478098231.0,0.023858
17,OP,GVR.HM,BN,104800000000000.0,0.035453
17,OP,HAG.HM,SW,22242857416650.0,0.023732
17,OP,HAH.HM,SR,9521911675105.0,0.102285
17,OP,HCM.HM,SN,23481454411379.0,0.055096
17,OP,HDB.HM,BR,148656706793100.0,0.096434
17,OP,HDG.HM,SW,9918333399547.0,0.021247
17,OP,HPG.HM,BN,198994460615580.0,0.029284
17,OP,HSG.HM,SW,9780474292411.0,0.014862
17,OP,KBC.HM,BW,33291030730650.0,0.014824
17,OP,KDC.HM,SW,14717412666119.0,0.00087
17,OP,KDH.HM,BN,35349769318500.0,0.035201
17,OP,KLB.HM,SR,9716627700999.0,0.088005
17,OP,KOS.HM,SW,8345355464250.0,0.003253
17,OP,LGC.HM,SN,11051989046800.0,0.042391
17,OP,LPB.HM,BR,117994886286078.0,0.077458
17,OP,MBB.HM,BR,195953190082647.0,0.086209
17,OP,MCH.HM,BR,228964146286965.0,0.238138
17,OP,MSB.HM,BN,38687984524800.0,0.051379
17,OP,MSN.HM,BN,111335490189000.0,0.034127
17,OP,MWG.HM,BN,127820657679727.0,0.04327
17,OP,NAB.HM,SN,24534306850273.0,0.04957
17,OP,NLG.HM,SR,14491980258085.0,0.122287
17,OP,NVL.HM,SW,27335603330080.0,0.029165
17,OP,OCB.HM,BN,31823466842088.0,0.063588
17,OP,PC1.HM,SN,9274484484650.0,0.04533
17,OP,PDR.HM,SW,18758816325200.0,0.006839
17,OP,PGV.HM,SW,20901397676935.0,0.01503
17,OP,PLX.HM,BW,43300837285822.0,0.022777
17,OP,PNJ.HM,BR,32773305313174.0,0.077844
17,OP,POW.HM,BW,35392627919200.0,0.007011
17,OP,PVD.HM,SW,15759193583936.0,0.006279
17,OP,PVT.HM,SN,8646735580310.0,0.03027
17,OP,REE.HM,BN,32516676135161.0,0.029557
17,OP,SAB.HM,BN,56397247479209.0,0.045001
17,OP,SBT.HM,SN,21463320753613.0,0.030381
17,OP,SHB.HM,BR,75107079636088.0,0.115623
17,OP,SIP.HM,SR,11871736460860.0,0.069914
17,OP,SJS.HM,SN,18383944370400.0,0.059479
17,OP,SSB.HM,BN,49645224269562.0,0.043348
17,OP,SSI.HM,BN,72279959538821.0,0.031274
17,OP,STB.HM,BR,109342511528000.0,0.076438
17,OP,TAL.HM,BW,36820260011328.0,-0.001367
17,OP,TCB.HM,BN,242218176482844.0,0.034835
17,OP,TCH.HM,SN,16691600461705.0,0.037446
17,OP,TPB.HM,BR,47436201528300.0,0.084871
17,OP,VAB.HM,SR,8490147469529.0,0.076471
17,OP,VBB.HM,SN,11199733909792.0,0.033905
17,OP,VCB.HM,BN,476484231373058.0,0.047497
17,OP,VCG.HM,SN,14610184393600.0,0.030168
17,OP,VCI.HM,BW,29419033201746.0,0.019898
17,OP,VCK.HM,BN,76243467570000.0,0.056855
17,OP,VGC.HM,SR,17650793826698.0,0.068148
17,OP,VHC.HM,SN,12591822219900.0,0.041812
17,OP,VHM.HM,BN,490455437415374.0,0.03934
17,OP,VIB.HM,BR,52316782639268.0,0.071963
17,OP,VIC.HM,BW,1311600225561600.0,-0.027499
17,OP,VIX.HM,BW,32816348159266.0,0.01574
17,OP,VJC.HM,BW,113196802572108.0,-0.046483
17,OP,VND.HM,BW,28777023894714.0,0.024197
17,OP,VNM.HM,BR,123846583103739.0,0.071501
17,OP,VPB.HM,BR,223339846798252.0,0.077578
17,OP,VPI.HM,SW,16846247601261.0,0.008012
17,OP,VPX.HM,BW,55875000000000.0,0.021952
17,OP,VRE.HM,BN,73844868515538.0,0.030743
17,OP,VSH.HM,SR,10157567804705.0,0.073391
17,OP,VTP.HM,SR,12032164645427.0,0.103581
17,INV,ACB.HM,BA,120398004748400.0,0.20202
17,INV,BAF.HM,SN,11385615759327.0,0.140101
17,INV,BCM.HM,BN,62873838036000.0,0.100659
17,INV,BID.HM,BA,270003592776421.0,0.199941
17,INV,BMP.HM,SC,13550502462844.0,-0.016745
17,INV,BSI.HM,SA,9225760369121.0,0.238841
17,INV,BSR.HM,BC,79718478306418.0,0.020697
17,INV,BVB.HM,SN,8458821149153.0,0.178102
17,INV,BVH.HM,BN,42163932995200.0,0.13652
17,INV,BWE.HM,SN,10131283948775.0,0.171412
17,INV,CII.HM,SN,13071913798900.0,0.10509
17,INV,CTG.HM,BN,273461041134001.0,0.173557
17,INV,CTR.HM,SC,9585935149855.0,0.016486
17,INV,DBC.HM,SN,10283600639133.0,0.085296
17,INV,DCM.HM,SC,16366697993400.0,0.032214
17,INV,DGC.HM,SC,26014821290500.0,0.01415
17,INV,DGW.HM,SN,8421420463548.0,0.139467
17,INV,DHG.HM,SC,12719022711230.0,-0.024749
17,INV,DIG.HM,SN,13340219192922.0,0.101721
17,INV,DPM.HM,SA,14164747756852.0,0.243667
17,INV,DSE.HM,SA,8691488115470.0,0.428574
17,INV,DXG.HM,SC,19021770005435.0,0.013789
17,INV,EIB.HM,BA,39675948929100.0,0.190407
17,INV,EVF.HM,SA,8404252112100.0,0.210833
17,INV,FPT.HM,BA,146344231345366.0,0.19437
17,INV,FRT.HM,SA,25460118237292.0,0.208735
17,INV,FTS.HM,SA,11220530732038.0,0.185177
17,INV,GAS.HM,BC,169768121218010.0,-0.067228
17,INV,GEE.HM,BC,88038157768836.0,-0.05973
17,INV,GEX.HM,BN,39344578394962.0,0.05139
17,INV,GMD.HM,SA,25281478098231.0,0.328645
17,INV,GVR.HM,BN,104800000000000.0,0.068171
17,INV,HAG.HM,SN,22242857416650.0,0.065902
17,INV,HAH.HM,SA,9521911675105.0,0.360253
17,INV,HCM.HM,SA,23481454411379.0,0.749774
17,INV,HDB.HM,BN,148656706793100.0,0.15781
17,INV,HDG.HM,SC,9918333399547.0,-0.040793
17,INV,HPG.HM,BA,198994460615580.0,0.195477
17,INV,HSG.HM,SN,9780474292411.0,0.05329
17,INV,HVN.HM,BC,77476305453900.0,0.008138
17,INV,KBC.HM,BA,33291030730650.0,0.337849
17,INV,KDC.HM,SN,14717412666119.0,0.087848
17,INV,KDH.HM,BN,35349769318500.0,0.161514
17,INV,KLB.HM,SN,9716627700999.0,0.059831
17,INV,KOS.HM,SC,8345355464250.0,0.020687
17,INV,LGC.HM,SA,11051989046800.0,0.797141
17,INV,LPB.HM,BA,117994886286078.0,0.327708
17,INV,MBB.HM,BA,195953190082647.0,0.194557
17,INV,MCH.HM,BC,228964146286965.0,-0.312007
17,INV,MSB.HM,BA,38687984524800.0,0.19903
17,INV,MSN.HM,BC,111335490189000.0,0.001365
17,INV,MWG.HM,BN,127820657679727.0,0.17179
17,INV,NAB.HM,SN,24534306850273.0,0.167858
17,INV,NLG.HM,SN,14491980258085.0,0.059658
17,INV,NVL.HM,SC,27335603330080.0,-0.015357
17,INV,OCB.HM,BN,31823466842088.0,0.169078
17,INV,PC1.HM,SC,9274484484650.0,0.037206
17,INV,PDR.HM,SN,18758816325200.0,0.138492
17,INV,PGV.HM,SC,20901397676935.0,-0.060742
17,INV,PLX.HM,BC,43300837285822.0,0.020069
17,INV,PNJ.HM,BA,32773305313174.0,0.192699
17,INV,POW.HM,BN,35392627919200.0,0.135768
17,INV,PVD.HM,SN,15759193583936.0,0.091607
17,INV,PVT.HM,SN,8646735580310.0,0.135403
17,INV,REE.HM,BC,32516676135161.0,0.041535
17,INV,SAB.HM,BC,56397247479209.0,-0.018123
17,INV,SBT.HM,SC,21463320753613.0,-0.005141
17,INV,SHB.HM,BA,75107079636088.0,0.185531
17,INV,SIP.HM,SA,11871736460860.0,0.189571
17,INV,SJS.HM,SN,18383944370400.0,0.049543
17,INV,SSB.HM,BA,49645224269562.0,0.223871
17,INV,SSI.HM,BN,72279959538821.0,0.06161
17,INV,STB.HM,BN,109342511528000.0,0.109291
17,INV,TAL.HM,BC,36820260011328.0,-0.075227
17,INV,TCB.HM,BN,242218176482844.0,0.15223
17,INV,TCH.HM,SC,16691600461705.0,-0.08507
17,INV,TPB.HM,BN,47436201528300.0,0.17215
17,INV,VAB.HM,SN,8490147469529.0,0.068061
17,INV,VBB.HM,SN,11199733909792.0,0.177908
17,INV,VCB.HM,BN,476484231373058.0,0.133797
17,INV,VCG.HM,SC,14610184393600.0,-0.040846
17,INV,VCI.HM,BA,29419033201746.0,0.541114
17,INV,VGC.HM,SC,17650793826698.0,0.030175
17,INV,VHC.HM,SC,12591822219900.0,0.024419
17,INV,VHM.HM,BA,490455437415374.0,0.268939
17,INV,VIB.HM,BA,52316782639268.0,0.203173
17,INV,VIC.HM,BA,1311600225561600.0,0.253047
17,INV,VIX.HM,BA,32816348159266.0,1.157668
17,INV,VJC.HM,BN,113196802572108.0,0.142534
17,INV,VND.HM,BN,28777023894714.0,0.061154
17,INV,VNM.HM,BN,123846583103739.0,0.045102
17,INV,VPB.HM,BN,223339846798252.0,0.129996
17,INV,VPI.HM,SC,16846247601261.0,-0.111113
17,INV,VPX.HM,BA,55875000000000.0,0.186495
17,INV,VRE.HM,BN,73844868515538.0,0.158905
17,INV,VSH.HM,SC,10157567804705.0,-0.097063
17,INV,VTP.HM,SC,12032164645427.0,-0.010994
