period,Thang_xep_hang,Hang,ticker_x,formation_market_cap,formation_date,holding_start,holding_end,complete,source_period,ticker_y,information_date,book_equity,operating_profitability,investment,event_conflict,ticker,sector,book_to_market,is_financial,valid_size,valid_book_equity,eligible_bm,eligible_op,eligible_inv,look_ahead,reason_bm,reason_op,reason_inv
2018,2018-06,77,AAA.HM,2750175310093,2018-06-30,2018-07-31,2019-06-30,True,2,AAA.HM,2018-04-27,1512942801711.0,,,False,AAA.HM,Materials,0.5501259487562771,False,True,True,True,False,False,False,eligible,missing_operating_profitability,missing_investment
2018,2018-06,20,ACB.HM,34988186959078,2018-06-30,2018-07-31,2019-06-30,True,2,ACB.HM,2018-05-03,17177260000000.0,,,False,ACB.HM,Financials,0.4909445585188633,True,True,True,True,False,False,False,eligible,missing_operating_profitability,missing_investment
2018,2018-06,90,ANV.HM,2006415443093,2018-06-30,2018-07-31,2019-06-30,True,2,ANV.HM,2018-04-17,1469580835207.0,,,False,ANV.HM,Consumer Staples,0.7324409509834913,False,True,True,True,False,False,False,eligible,missing_operating_profitability,missing_investment
2018,2018-06,81,ASM.HM,2422094867321,2018-06-30,2018-07-31,2019-06-30,True,2,ASM.HM,2018-05-04,4973582713528.0,,,False,ASM.HM,Real Estate,2.0534219285263244,False,True,True,True,False,False,False,eligible,missing_operating_profitability,missing_investment
2018,2018-06,27,BHN.HM,16383902768707,2018-06-30,2018-07-31,2019-06-30,True,2,BHN.HM,2018-04-20,4623985071662.0,,,False,BHN.HM,Consumer Staples,0.28222732623229063,False,True,True,True,False,False,False,eligible,missing_operating_profitability,missing_investment
2018,2018-06,82,BIC.HM,2405834572662,2018-06-30,2018-07-31,2019-06-30,True,2,BIC.HM,2018-04-26,2152669337721.0,,,False,BIC.HM,Financials,0.8947703063968864,True,True,True,True,False,False,False,eligible,missing_operating_profitability,missing_investment
2018,2018-06,10,BID.HM,76993058952417,2018-06-30,2018-07-31,2019-06-30,True,2,BID.HM,2018-05-02,50803246000000.0,,,False,BID.HM,Financials,0.6598418960259425,True,True,True,True,False,False,False,eligible,missing_operating_profitability,missing_investment
2018,2018-06,83,BMP.HM,2378494628496,2018-06-30,2018-07-31,2019-06-30,True,2,BMP.HM,2018-04-26,2535659202927.0,,,False,BMP.HM,Industrials,1.0660773299834527,False,True,True,True,False,False,False,eligible,missing_operating_profitability,missing_investment
2018,2018-06,16,BVH.HM,47329494415998,2018-06-30,2018-07-31,2019-06-30,True,2,BVH.HM,2018-04-27,14969467257567.0,,,False,BVH.HM,Financials,0.3162820022118622,True,True,True,True,False,False,False,eligible,missing_operating_profitability,missing_investment
2018,2018-06,89,BWE.HM,2073595687192,2018-06-30,2018-07-31,2019-06-30,True,2,BWE.HM,2018-04-23,3458976123526.0,,,False,BWE.HM,Utilities,1.668105380856593,False,True,True,True,False,False,False,eligible,missing_operating_profitability,missing_investment
2018,2018-06,96,CHP.HM,1855053273094,2018-06-30,2018-07-31,2019-06-30,True,2,CHP.HM,2018-04-19,1666388013140.0,,,False,CHP.HM,Utilities,0.8982965811869491,False,True,True,True,False,False,False,eligible,missing_operating_profitability,missing_investment
2018,2018-06,49,CII.HM,5767033465843,2018-06-30,2018-07-31,2019-06-30,True,2,CII.HM,2018-05-02,7686120569947.0,,,False,CII.HM,Industrials,1.3327685048943054,False,True,True,True,False,False,False,eligible,missing_operating_profitability,missing_investment
2018,2018-06,31,CTD.HM,10339095315014,2018-06-30,2018-07-31,2019-06-30,True,2,CTD.HM,2018-04-20,7670183938995.0,,,False,CTD.HM,Industrials,0.7418621944471951,False,True,True,True,False,False,False,eligible,missing_operating_profitability,missing_investment
2018,2018-06,8,CTG.HM,86193176525288,2018-06-30,2018-07-31,2019-06-30,True,2,CTG.HM,2018-04-27,66171887000000.0,,,False,CTG.HM,Financials,0.7677160729838747,True,True,True,True,False,False,False,eligible,missing_operating_profitability,missing_investment
2018,2018-06,99,DBD.HM,1827568667274,2018-06-30,2018-07-31,2019-06-30,True,2,DBD.HM,2018-04-23,894038448257.0,,,False,DBD.HM,Health Care,0.4891955439302574,False,True,True,True,False,False,False,eligible,missing_operating_profitability,missing_investment
2018,2018-06,69,DCM.HM,3368365021428,2018-06-30,2018-07-31,2019-06-30,True,2,DCM.HM,2018-05-02,6394013726132.0,,,False,DCM.HM,Materials,1.8982544010094526,False,True,True,True,False,False,False,eligible,missing_operating_profitability,missing_investment
2018,2018-06,35,DHG.HM,9031350597241,2018-06-30,2018-07-31,2019-06-30,True,2,DHG.HM,2018-04-20,2796746160357.0,,,False,DHG.HM,Health Care,0.3096708659733996,False,True,True,True,False,False,False,eligible,missing_operating_profitability,missing_investment
2018,2018-06,63,DIG.HM,4043965052568,2018-06-30,2018-07-31,2019-06-30,True,2,DIG.HM,2018-04-27,2891480324970.0,,,False,DIG.HM,Industrials,0.7150112049395311,False,True,True,True,False,False,False,eligible,missing_operating_profitability,missing_investment
2018,2018-06,84,DMC.HM,2351858620344,2018-06-30,2018-07-31,2019-06-30,True,2,DMC.HM,2018-04-20,1004912173627.0,,,False,DMC.HM,Health Care,0.4272842614493614,False,True,True,True,False,False,False,eligible,missing_operating_profitability,missing_investment
2018,2018-06,64,DPM.HM,3865105791180,2018-06-30,2018-07-31,2019-06-30,True,2,DPM.HM,2018-04-20,8207313340984.0,,,False,DPM.HM,Materials,2.1234382147346977,False,True,True,True,False,False,False,eligible,missing_operating_profitability,missing_investment
2018,2018-06,94,DRC.HM,1877512033535,2018-06-30,2018-07-31,2019-06-30,True,2,DRC.HM,2018-04-18,1547520715493.0,,,False,DRC.HM,Consumer Discretionary,0.8242401049112379,False,True,True,True,False,False,False,eligible,missing_operating_profitability,missing_investment
2018,2018-06,73,DTL.HM,2928476527200,2018-06-30,2018-07-31,2019-06-30,True,2,DTL.HM,2018-05-02,1193425135452.0,,,False,DTL.HM,Materials,0.40752422782540376,False,True,True,True,False,False,False,eligible,missing_operating_profitability,missing_investment
2018,2018-06,38,DXG.HM,8152648564452,2018-06-30,2018-07-31,2019-06-30,True,2,DXG.HM,2018-04-17,4798243579378.0,,,False,DXG.HM,Real Estate,0.5885502780409039,False,True,True,True,False,False,False,eligible,missing_operating_profitability,missing_investment
2018,2018-06,26,EIB.HM,17557335645165,2018-06-30,2018-07-31,2019-06-30,True,2,EIB.HM,2018-04-27,14684531000000.0,,,False,EIB.HM,Financials,0.8363758201571933,True,True,True,True,False,False,False,eligible,missing_operating_profitability,missing_investment
2018,2018-06,25,FPT.HM,19027605973603,2018-06-30,2018-07-31,2019-06-30,True,2,FPT.HM,2018-05-02,13899836341958.0,,,False,FPT.HM,Information Technology,0.7305089437547343,False,True,True,True,False,False,False,eligible,missing_operating_profitability,missing_investment
2018,2018-06,54,FRT.HM,5144922105507,2018-06-30,2018-07-31,2019-06-30,True,2,FRT.HM,2018-04-26,860336944083.0,,,False,FRT.HM,Consumer Discretionary,0.16722059662713187,False,True,True,True,False,False,False,eligible,missing_operating_profitability,missing_investment
2018,2018-06,5,GAS.HM,126260099487340,2018-06-30,2018-07-31,2019-06-30,True,2,GAS.HM,2018-04-20,45778225096075.0,,,False,GAS.HM,Utilities,0.3625707985495857,False,True,True,True,False,False,False,eligible,missing_operating_profitability,missing_investment
2018,2018-06,30,GEX.HM,10430821133139,2018-06-30,2018-07-31,2019-06-30,True,2,GEX.HM,2018-04-27,7071252105177.0,,,False,GEX.HM,Industrials,0.6779190262127535,False,True,True,True,False,False,False,eligible,missing_operating_profitability,missing_investment
2018,2018-06,52,GMD.HM,5355954036795,2018-06-30,2018-07-31,2019-06-30,True,2,GMD.HM,2018-05-02,6369787391707.0,,,False,GMD.HM,Industrials,1.1892908990530988,False,True,True,True,False,False,False,eligible,missing_operating_profitability,missing_investment
2018,2018-06,58,HAG.HM,4831750264430,2018-06-30,2018-07-31,2019-06-30,True,2,HAG.HM,2018-05-02,18284675897000.0,,,False,HAG.HM,Consumer Staples,3.784275862021821,False,True,True,True,False,False,False,eligible,missing_operating_profitability,missing_investment
2018,2018-06,59,HCM.HM,4612918162410,2018-06-30,2018-07-31,2019-06-30,True,2,HCM.HM,2018-04-23,3034919882162.0,,,False,HCM.HM,Financials,0.6579175643940794,True,True,True,True,False,False,False,eligible,missing_operating_profitability,missing_investment
2018,2018-06,22,HDB.HM,32314632935909,2018-06-30,2018-07-31,2019-06-30,True,2,HDB.HM,2018-04-27,15779257000000.0,,,False,HDB.HM,Financials,0.48830067267963956,True,True,True,True,False,False,False,eligible,missing_operating_profitability,missing_investment
2018,2018-06,97,HDG.HM,1843826622774,2018-06-30,2018-07-31,2019-06-30,True,2,HDG.HM,2018-05-02,2052501210893.0,,,False,HDG.HM,Industrials,1.113174734295274,False,True,True,True,False,False,False,eligible,missing_operating_profitability,missing_investment
2018,2018-06,92,HNA.HM,1912953039576,2018-06-30,2018-07-31,2019-06-30,True,2,HNA.HM,2018-04-27,2262768433206.0,,,False,HNA.HM,Utilities,1.1828666916504837,False,True,True,True,False,False,False,eligible,missing_operating_profitability,missing_investment
2018,2018-06,14,HPG.HM,53967209667778,2018-06-30,2018-07-31,2019-06-30,True,2,HPG.HM,2018-04-27,34428192910709.0,,,False,HPG.HM,Materials,0.6379465071966638,False,True,True,True,False,False,False,eligible,missing_operating_profitability,missing_investment
2018,2018-06,68,HSG.HM,3391955508891,2018-06-30,2018-07-31,2019-06-30,True,2,HSG.HM,2018-05-02,5533383996081.0,,,False,HSG.HM,Materials,1.6313256413820534,False,True,True,True,False,False,False,eligible,missing_operating_profitability,missing_investment
2018,2018-06,72,HT1.HM,3017838658004,2018-06-30,2018-07-31,2019-06-30,True,2,HT1.HM,2018-04-20,5270810485256.0,,,False,HT1.HM,Materials,1.7465514504152175,False,True,True,True,False,False,False,eligible,missing_operating_profitability,missing_investment
2018,2018-06,18,HVN.HM,44693190017687,2018-06-30,2018-07-31,2019-06-30,True,2,HVN.HM,2018-05-08,18570406940408.0,,,False,HVN.HM,Industrials,0.41550864758275025,False,True,True,True,False,False,False,eligible,missing_operating_profitability,missing_investment
2018,2018-06,95,IDI.HM,1855780540883,2018-06-30,2018-07-31,2019-06-30,True,2,IDI.HM,2018-05-02,2387914331850.0,,,False,IDI.HM,Consumer Staples,1.2867439221632344,False,True,True,True,False,False,False,eligible,missing_operating_profitability,missing_investment
2018,2018-06,87,IMP.HM,2235279755538,2018-06-30,2018-07-31,2019-06-30,True,2,IMP.HM,2018-04-17,1416192688961.0,,,False,IMP.HM,Health Care,0.633563957912795,False,True,True,True,False,False,False,eligible,missing_operating_profitability,missing_investment
2018,2018-06,53,KBC.HM,5254432642048,2018-06-30,2018-07-31,2019-06-30,True,2,KBC.HM,2018-05-02,9268167659985.0,,,False,KBC.HM,Real Estate,1.7638760055305576,False,True,True,True,False,False,False,eligible,missing_operating_profitability,missing_investment
2018,2018-06,57,KDC.HM,4926322825610,2018-06-30,2018-07-31,2019-06-30,True,2,KDC.HM,2018-04-23,7833017434441.0,,,False,KDC.HM,Consumer Staples,1.5900333193188734,False,True,True,True,False,False,False,eligible,missing_operating_profitability,missing_investment
2018,2018-06,29,KDH.HM,10936047227004,2018-06-30,2018-07-31,2019-06-30,True,2,KDH.HM,2018-04-27,6502375491000.0,,,False,KDH.HM,Real Estate,0.5945818773481437,False,True,True,True,False,False,False,eligible,missing_operating_profitability,missing_investment
2018,2018-06,70,KLB.HM,3258201306538,2018-06-30,2018-07-31,2019-06-30,True,2,KLB.HM,2018-04-26,3610497000000.0,,,False,KLB.HM,Financials,1.1081258216780754,True,True,True,True,False,False,False,eligible,missing_operating_profitability,missing_investment
2018,2018-06,85,LDG.HM,2283867322470,2018-06-30,2018-07-31,2019-06-30,True,2,LDG.HM,2018-04-13,1988494206399.0,,,False,LDG.HM,Real Estate,0.8706697568790668,False,True,True,True,False,False,False,eligible,missing_operating_profitability,missing_investment
2018,2018-06,62,LGC.HM,4236561057773,2018-06-30,2018-07-31,2019-06-30,True,2,LGC.HM,2018-05-02,3136225673489.0,,,False,LGC.HM,Industrials,0.7402762832214662,False,True,True,True,False,False,False,eligible,missing_operating_profitability,missing_investment
2018,2018-06,40,LPB.HM,7824642024088,2018-06-30,2018-07-31,2019-06-30,True,2,LPB.HM,2018-04-26,9658333000000.0,,,False,LPB.HM,Financials,1.2343482258059884,True,True,True,True,False,False,False,eligible,missing_operating_profitability,missing_investment
2018,2018-06,19,MBB.HM,35147515397706,2018-06-30,2018-07-31,2019-06-30,True,2,MBB.HM,2018-04-19,31029631000000.0,,,False,MBB.HM,Financials,0.8828399575016683,True,True,True,True,False,False,False,eligible,missing_operating_profitability,missing_investment
2018,2018-06,23,MCH.HM,32300323756061,2018-06-30,2018-07-31,2019-06-30,True,2,MCH.HM,2018-04-26,10518701942572.0,,,False,MCH.HM,Consumer Staples,0.3256531427366333,False,True,True,True,False,False,False,eligible,missing_operating_profitability,missing_investment
2018,2018-06,9,MSN.HM,80925237891395,2018-06-30,2018-07-31,2019-06-30,True,2,MSN.HM,2018-04-24,19579933000000.0,,,False,MSN.HM,Consumer Staples,0.24195088590628644,False,True,True,True,False,False,False,eligible,missing_operating_profitability,missing_investment
2018,2018-06,21,MWG.HM,34276534056238,2018-06-30,2018-07-31,2019-06-30,True,2,MWG.HM,2018-05-02,7269138094125.0,,,False,MWG.HM,Consumer Discretionary,0.21207331179396438,False,True,True,True,False,False,False,eligible,missing_operating_profitability,missing_investment
2018,2018-06,80,NKG.HM,2442130024620,2018-06-30,2018-07-31,2019-06-30,True,2,NKG.HM,2018-04-24,3061581144274.0,,,False,NKG.HM,Materials,1.2536519814297717,False,True,True,True,False,False,False,eligible,missing_operating_profitability,missing_investment
2018,2018-06,56,NLG.HM,4984599410885,2018-06-30,2018-07-31,2019-06-30,True,2,NLG.HM,2018-04-20,3650449937012.0,,,False,NLG.HM,Real Estate,0.7323456984407648,False,True,True,True,False,False,False,eligible,missing_operating_profitability,missing_investment
2018,2018-06,60,NT2.HM,4363938829649,2018-06-30,2018-07-31,2019-06-30,True,2,NT2.HM,2018-04-20,5220288536213.0,,,False,NT2.HM,Utilities,1.1962332058244909,False,True,True,True,False,False,False,eligible,missing_operating_profitability,missing_investment
2018,2018-06,17,NVL.HM,46280278664071,2018-06-30,2018-07-31,2019-06-30,True,2,NVL.HM,2018-05-02,13471350329748.0,,,False,NVL.HM,Real Estate,0.2910818758791589,False,True,True,True,False,False,False,eligible,missing_operating_profitability,missing_investment
2018,2018-06,43,PAN.HM,6288402443678,2018-06-30,2018-07-31,2019-06-30,True,2,PAN.HM,2018-05-02,4696675322045.0,,,False,PAN.HM,Consumer Staples,0.7468789353274883,False,True,True,True,False,False,False,eligible,missing_operating_profitability,missing_investment
2018,2018-06,65,PC1.HM,3729103707362,2018-06-30,2018-07-31,2019-06-30,True,2,PC1.HM,2018-05-02,2876403153834.0,,,False,PC1.HM,Industrials,0.7713390078574115,False,True,True,True,False,False,False,eligible,missing_operating_profitability,missing_investment
2018,2018-06,41,PDR.HM,7822571578146,2018-06-30,2018-07-31,2019-06-30,True,2,PDR.HM,2018-04-23,2957177791526.0,,,False,PDR.HM,Real Estate,0.3780314135811168,False,True,True,True,False,False,False,eligible,missing_operating_profitability,missing_investment
2018,2018-06,88,PGD.HM,2108713373082,2018-06-30,2018-07-31,2019-06-30,True,2,PGD.HM,2018-04-19,1456211895411.0,,,False,PGD.HM,Utilities,0.6905689099332958,False,True,True,True,False,False,False,eligible,missing_operating_profitability,missing_investment
2018,2018-06,93,PHR.HM,1911279283669,2018-06-30,2018-07-31,2019-06-30,True,2,PHR.HM,2018-04-26,2512199240549.0,,,False,PHR.HM,Materials,1.3144071941838034,False,True,True,True,False,False,False,eligible,missing_operating_profitability,missing_investment
2018,2018-06,15,PLX.HM,52173332613197,2018-06-30,2018-07-31,2019-06-30,True,2,PLX.HM,2018-05-03,24252195650942.0,,,False,PLX.HM,Energy,0.4648389212692831,False,True,True,True,False,False,False,eligible,missing_operating_profitability,missing_investment
2018,2018-06,39,PNJ.HM,7906269471448,2018-06-30,2018-07-31,2019-06-30,True,2,PNJ.HM,2018-04-20,3198903738511.0,,,False,PNJ.HM,Consumer Discretionary,0.4046034289702921,False,True,True,True,False,False,False,eligible,missing_operating_profitability,missing_investment
2018,2018-06,48,POW.HM,5846012709002,2018-06-30,2018-07-31,2019-06-30,True,2,,,,,,False,POW.HM,Utilities,,False,True,False,False,False,False,False,no_statement_available_at_formation,no_statement_available_at_formation,no_statement_available_at_formation
2018,2018-06,78,PPC.HM,2679480739573,2018-06-30,2018-07-31,2019-06-30,True,2,PPC.HM,2018-04-17,5667773165383.0,,,False,PPC.HM,Utilities,2.115250571379816,False,True,True,True,False,False,False,eligible,missing_operating_profitability,missing_investment
2018,2018-06,91,PTB.HM,1958087853560,2018-06-30,2018-07-31,2019-06-30,True,2,PTB.HM,2018-05-03,1168030261564.0,,,False,PTB.HM,Consumer Discretionary,0.5965157586981625,False,True,True,True,False,False,False,eligible,missing_operating_profitability,missing_investment
2018,2018-06,55,PVD.HM,5110541822344,2018-06-30,2018-07-31,2019-06-30,True,2,PVD.HM,2018-04-27,13236282673250.0,,,False,PVD.HM,Energy,2.5899959599937388,False,True,True,True,False,False,False,eligible,missing_operating_profitability,missing_investment
2018,2018-06,66,PVT.HM,3518674987007,2018-06-30,2018-07-31,2019-06-30,True,2,PVT.HM,2018-04-27,4811610830857.0,,,False,PVT.HM,Energy,1.3674496361909734,False,True,True,True,False,False,False,eligible,missing_operating_profitability,missing_investment
2018,2018-06,79,QCG.HM,2476162269000,2018-06-30,2018-07-31,2019-06-30,True,2,QCG.HM,2018-05-03,4174891060336.0,,,False,QCG.HM,Real Estate,1.6860329036602406,False,True,True,True,False,False,False,eligible,missing_operating_profitability,missing_investment
2018,2018-06,37,REE.HM,8330133632261,2018-06-30,2018-07-31,2019-06-30,True,2,REE.HM,2018-04-26,8539176334030.0,,,False,REE.HM,Industrials,1.0250947596998226,False,True,True,True,False,False,False,eligible,missing_operating_profitability,missing_investment
2018,2018-06,6,SAB.HM,111238609098873,2018-06-30,2018-07-31,2019-06-30,True,2,SAB.HM,2018-05-02,15551245264193.0,,,False,SAB.HM,Consumer Staples,0.1398007885047401,False,True,True,True,False,False,False,eligible,missing_operating_profitability,missing_investment
2018,2018-06,100,SAM.HM,1692499615621,2018-06-30,2018-07-31,2019-06-30,True,2,SAM.HM,2018-05-02,2711177223105.0,,,False,SAM.HM,Industrials,1.6018776004922364,False,True,True,True,False,False,False,eligible,missing_operating_profitability,missing_investment
2018,2018-06,42,SBT.HM,6719133601705,2018-06-30,2018-07-31,2019-06-30,True,2,SBT.HM,2018-04-27,7292056331404.0,,,False,SBT.HM,Consumer Staples,1.0852673519624048,False,True,True,True,False,False,False,eligible,missing_operating_profitability,missing_investment
2018,2018-06,74,SCR.HM,2805737658899,2018-06-30,2018-07-31,2019-06-30,True,2,SCR.HM,2018-05-02,3486770498770.0,,,False,SCR.HM,Real Estate,1.2427286235086727,False,True,True,True,False,False,False,eligible,missing_operating_profitability,missing_investment
2018,2018-06,45,SCS.HM,5976389607475,2018-06-30,2018-07-31,2019-06-30,True,2,SCS.HM,2018-04-22,855547759029.0,,,False,SCS.HM,Industrials,0.14315461595055973,False,True,True,True,False,False,False,eligible,missing_operating_profitability,missing_investment
2018,2018-06,98,SGN.HM,1829496371502,2018-06-30,2018-07-31,2019-06-30,True,2,,,,,,False,SGN.HM,Industrials,,False,True,False,False,False,False,False,no_statement_available_at_formation,no_statement_available_at_formation,no_statement_available_at_formation
2018,2018-06,34,SHB.HM,9104463151531,2018-06-30,2018-07-31,2019-06-30,True,2,SHB.HM,2018-05-03,15202243000000.0,,,False,SHB.HM,Financials,1.6697572110491328,True,True,True,True,False,False,False,eligible,missing_operating_profitability,missing_investment
2018,2018-06,86,SJS.HM,2241699244599,2018-06-30,2018-07-31,2019-06-30,True,2,SJS.HM,2018-04-20,2325527604505.0,,,False,SJS.HM,Real Estate,1.037395007429284,False,True,True,True,False,False,False,eligible,missing_operating_profitability,missing_investment
2018,2018-06,32,SSI.HM,10090122826482,2018-06-30,2018-07-31,2019-06-30,True,2,SSI.HM,2018-05-02,9010467845824.0,,,False,SSI.HM,Financials,0.8929988267512071,True,True,True,True,False,False,False,eligible,missing_operating_profitability,missing_investment
2018,2018-06,24,STB.HM,20832197104950,2018-06-30,2018-07-31,2019-06-30,True,2,STB.HM,2018-04-23,23670441000000.0,,,False,STB.HM,Financials,1.1362431375217545,True,True,True,True,False,False,False,eligible,missing_operating_profitability,missing_investment
2018,2018-06,7,TCB.HM,104120939115926,2018-06-30,2018-07-31,2019-06-30,True,2,TCB.HM,2018-04-20,37615799000000.0,,,False,TCB.HM,Financials,0.36127026244086585,True,True,True,True,False,False,False,eligible,missing_operating_profitability,missing_investment
2018,2018-06,51,TCH.HM,5435658284980,2018-06-30,2018-07-31,2019-06-30,True,2,TCH.HM,2018-05-14,4408951401806.0,,,False,TCH.HM,Industrials,0.8111163672648385,False,True,True,True,False,False,False,eligible,missing_operating_profitability,missing_investment
2018,2018-06,67,TLG.HM,3456949244933,2018-06-30,2018-07-31,2019-06-30,True,2,TLG.HM,2018-04-27,1105687288734.0,,,False,TLG.HM,Industrials,0.3198448141391297,False,True,True,True,False,False,False,eligible,missing_operating_profitability,missing_investment
2018,2018-06,28,TPB.HM,14967561907890,2018-06-30,2018-07-31,2019-06-30,True,2,TPB.HM,2018-04-23,7278146000000.0,,,False,TPB.HM,Financials,0.48626129257320116,True,True,True,True,False,False,False,eligible,missing_operating_profitability,missing_investment
2018,2018-06,3,VCB.HM,200412034928000,2018-06-30,2018-07-31,2019-06-30,True,2,VCB.HM,2018-04-20,56065738000000.0,,,False,VCB.HM,Financials,0.2797523513003706,True,True,True,True,False,False,False,eligible,missing_operating_profitability,missing_investment
2018,2018-06,76,VCF.HM,2760156749394,2018-06-30,2018-07-31,2019-06-30,True,2,VCF.HM,2018-04-24,911281332153.0,,,False,VCF.HM,Consumer Staples,0.3301556450926471,False,True,True,True,False,False,False,eligible,missing_operating_profitability,missing_investment
2018,2018-06,46,VCG.HM,5971754431373,2018-06-30,2018-07-31,2019-06-30,True,2,VCG.HM,2018-04-27,7621315361102.0,,,False,VCG.HM,Industrials,1.2762271872840123,False,True,True,True,False,False,False,eligible,missing_operating_profitability,missing_investment
2018,2018-06,50,VCI.HM,5621795772481,2018-06-30,2018-07-31,2019-06-30,True,2,VCI.HM,2018-04-20,3591277511378.0,,,False,VCI.HM,Financials,0.6388132292100509,True,True,True,True,False,False,False,eligible,missing_operating_profitability,missing_investment
2018,2018-06,47,VGC.HM,5923133445233,2018-06-30,2018-07-31,2019-06-30,True,2,VGC.HM,2018-04-27,6868268244574.0,,,False,VGC.HM,Industrials,1.1595666901784316,False,True,True,True,False,False,False,eligible,missing_operating_profitability,missing_investment
2018,2018-06,61,VHC.HM,4277949181080,2018-06-30,2018-07-31,2019-06-30,True,2,VHC.HM,2018-04-23,2856277691800.0,,,False,VHC.HM,Consumer Staples,0.6676745260164384,False,True,True,True,False,False,False,eligible,missing_operating_profitability,missing_investment
2018,2018-06,2,VHM.HM,286041784365979,2018-06-30,2018-07-31,2019-06-30,True,2,VHM.HM,2018-05-16,38247644000687.0,,,False,VHM.HM,Real Estate,0.1337134855505959,False,True,True,True,False,False,False,eligible,missing_operating_profitability,missing_investment
2018,2018-06,33,VIB.HM,10003787336565,2018-06-30,2018-07-31,2019-06-30,True,2,VIB.HM,2018-04-26,9157345000000.0,,,False,VIB.HM,Financials,0.9153878118269113,True,True,True,True,False,False,False,eligible,missing_operating_profitability,missing_investment
2018,2018-06,1,VIC.HM,343099305356297,2018-06-30,2018-07-31,2019-06-30,True,2,VIC.HM,2018-05-02,59256311695961.0,,,False,VIC.HM,Real Estate,0.17270892354161232,False,True,True,True,False,False,False,eligible,missing_operating_profitability,missing_investment
2018,2018-06,13,VJC.HM,57755930986717,2018-06-30,2018-07-31,2019-06-30,True,2,VJC.HM,2018-05-03,11520910445283.0,,,False,VJC.HM,Industrials,0.19947579838913232,False,True,True,True,False,False,False,eligible,missing_operating_profitability,missing_investment
2018,2018-06,71,VND.HM,3171445620698,2018-06-30,2018-07-31,2019-06-30,True,2,VND.HM,2018-04-20,2645533435416.0,,,False,VND.HM,Financials,0.8341727249397854,True,True,True,True,False,False,False,eligible,missing_operating_profitability,missing_investment
2018,2018-06,4,VNM.HM,168060928336596,2018-06-30,2018-07-31,2019-06-30,True,2,VNM.HM,2018-05-02,26290939061369.0,,,False,VNM.HM,Consumer Staples,0.15643695010843298,False,True,True,True,False,False,False,eligible,missing_operating_profitability,missing_investment
2018,2018-06,12,VPB.HM,60202451408691,2018-06-30,2018-07-31,2019-06-30,True,2,VPB.HM,2018-04-23,31635228000000.0,,,False,VPB.HM,Financials,0.5254807281059164,True,True,True,True,False,False,False,eligible,missing_operating_profitability,missing_investment
2018,2018-06,44,VPI.HM,5987691088817,2018-06-30,2018-07-31,2019-06-30,True,2,VPI.HM,2018-04-18,2042362429566.0,,,False,VPI.HM,Real Estate,0.3410934864994035,False,True,True,True,False,False,False,eligible,missing_operating_profitability,missing_investment
2018,2018-06,11,VRE.HM,71645742184902,2018-06-30,2018-07-31,2019-06-30,True,2,VRE.HM,2018-05-02,26635553991588.0,,,False,VRE.HM,Real Estate,0.37176743766360126,False,True,True,True,False,False,False,eligible,missing_operating_profitability,missing_investment
2018,2018-06,75,VSH.HM,2772596649860,2018-06-30,2018-07-31,2019-06-30,True,2,VSH.HM,2018-04-27,3060172039486.0,,,False,VSH.HM,Utilities,1.10372060055707,False,True,True,True,False,False,False,eligible,missing_operating_profitability,missing_investment
2018,2018-06,36,YEG.HM,8731010356328,2018-06-30,2018-07-31,2019-06-30,True,2,YEG.HM,2018-06-22,330430995758.0,,,False,YEG.HM,Communication Services,0.037845676762771514,False,True,True,True,False,False,False,eligible,missing_operating_profitability,missing_investment
2019,2019-06,83,AAA.HM,2734022799567,2019-06-30,2019-07-31,2020-06-30,True,4,AAA.HM,2019-04-26,3124272893149.0,,,False,AAA.HM,Materials,1.1427384196078416,False,True,True,True,False,False,False,eligible,missing_operating_profitability,missing_investment
2019,2019-06,23,ACB.HM,32663839552618,2019-06-30,2019-07-31,2020-06-30,True,4,ACB.HM,2019-04-29,22383445000000.0,,,False,ACB.HM,Financials,0.6852668059412499,True,True,True,True,False,False,False,eligible,missing_operating_profitability,missing_investment
2019,2019-06,84,ANV.HM,2729109341801,2019-06-30,2019-07-31,2020-06-30,True,4,ANV.HM,2019-04-18,2073221493098.0,,,False,ANV.HM,Consumer Staples,0.7596696333646474,False,True,True,True,False,False,False,eligible,missing_operating_profitability,missing_investment
2019,2019-06,100,AST.HM,2024402609655,2019-06-30,2019-07-31,2020-06-30,True,4,AST.HM,2019-06-03,598268528711.0,,,False,AST.HM,Consumer Discretionary,0.2955284318730242,False,True,True,True,False,False,False,eligible,missing_operating_profitability,missing_investment
2019,2019-06,28,BHN.HM,17010609432115,2019-06-30,2019-07-31,2020-06-30,True,4,BHN.HM,2019-04-26,5002708251467.0,,,False,BHN.HM,Consumer Staples,0.2940934169014656,False,True,True,True,False,False,False,eligible,missing_operating_profitability,missing_investment
2019,2019-06,8,BID.HM,93872306486709,2019-06-30,2019-07-31,2020-06-30,True,4,BID.HM,2019-04-26,56652302000000.0,,,False,BID.HM,Financials,0.6035038886364337,True,True,True,True,False,False,False,eligible,missing_operating_profitability,missing_investment
2019,2019-06,77,BSR.HM,2910591431365,2019-06-30,2019-07-31,2020-06-30,True,4,BSR.HM,2019-04-23,31975331655260.0,,,False,BSR.HM,Energy,10.985853703370628,False,True,True,True,False,False,False,eligible,missing_operating_profitability,missing_investment
2019,2019-06,17,BVH.HM,47649327137804,2019-06-30,2019-07-31,2020-06-30,True,4,BVH.HM,2019-05-02,15910330574629.0,,,False,BVH.HM,Financials,0.33390462217054206,True,True,True,True,False,False,False,eligible,missing_operating_profitability,missing_investment
2019,2019-06,71,BWE.HM,3400396967874,2019-06-30,2019-07-31,2020-06-30,True,4,BWE.HM,2019-04-22,4283839572681.0,,,False,BWE.HM,Utilities,1.2598057265529639,False,True,True,True,False,False,False,eligible,missing_operating_profitability,missing_investment
2019,2019-06,59,CII.HM,4932793221236,2019-06-30,2019-07-31,2020-06-30,True,4,CII.HM,2019-04-26,7752059355454.0,,,False,CII.HM,Industrials,1.571535437990969,False,True,True,True,False,False,False,eligible,missing_operating_profitability,missing_investment
2019,2019-06,85,CMG.HM,2528103089434,2019-06-30,2019-07-31,2020-06-30,True,4,CMG.HM,2019-04-26,1362555506598.0,,,False,CMG.HM,Information Technology,0.5389635858967498,False,True,True,True,False,False,False,eligible,missing_operating_profitability,missing_investment
2019,2019-06,42,CTD.HM,7314985860322,2019-06-30,2019-07-31,2020-06-30,True,4,CTD.HM,2019-04-19,8201640424672.0,,,False,CTD.HM,Industrials,1.1212107010567713,False,True,True,True,False,False,False,eligible,missing_operating_profitability,missing_investment
2019,2019-06,11,CTG.HM,69309977002519,2019-06-30,2019-07-31,2020-06-30,True,4,CTG.HM,2019-05-02,70125496000000.0,,,False,CTG.HM,Financials,1.0117662569337076,True,True,True,True,False,False,False,eligible,missing_operating_profitability,missing_investment
2019,2019-06,97,DBC.HM,2051564056325,2019-06-30,2019-07-31,2020-06-30,True,4,DBC.HM,2019-04-18,2766584879200.0,,,False,DBC.HM,Consumer Staples,1.348524736856537,False,True,True,True,False,False,False,eligible,missing_operating_profitability,missing_investment
2019,2019-06,74,DCM.HM,2950980538727,2019-06-30,2019-07-31,2020-06-30,True,4,DCM.HM,2019-05-29,5966956884492.0,,,False,DCM.HM,Materials,2.022025156108294,False,True,True,True,False,False,False,eligible,missing_operating_profitability,missing_investment
2019,2019-06,82,DGC.HM,2744268731645,2019-06-30,2019-07-31,2020-06-30,True,4,DGC.HM,2019-04-24,3177614797523.0,,,False,DGC.HM,Materials,1.1579094863709791,False,True,True,True,False,False,False,eligible,missing_operating_profitability,missing_investment
2019,2019-06,32,DHG.HM,9916198059815,2019-06-30,2019-07-31,2020-06-30,True,4,DHG.HM,2019-04-19,3017943922795.0,,,False,DHG.HM,Health Care,0.30434486126543786,False,True,True,True,False,False,False,eligible,missing_operating_profitability,missing_investment
2019,2019-06,66,DIG.HM,4049303949478,2019-06-30,2019-07-31,2020-06-30,True,4,DIG.HM,2019-05-03,3045516633624.0,,,False,DIG.HM,Industrials,0.7521086763606868,False,True,True,True,False,False,False,eligible,missing_operating_profitability,missing_investment
2019,2019-06,69,DPM.HM,3589486324259,2019-06-30,2019-07-31,2020-06-30,True,4,DPM.HM,2019-04-19,8074504573852.0,,,False,DPM.HM,Materials,2.249487487744885,False,True,True,True,False,False,False,eligible,missing_operating_profitability,missing_investment
2019,2019-06,53,DXG.HM,5722951288983,2019-06-30,2019-07-31,2020-06-30,True,4,DXG.HM,2019-04-22,6619565205038.0,,,False,DXG.HM,Real Estate,1.1566698493102732,False,True,True,True,False,False,False,eligible,missing_operating_profitability,missing_investment
2019,2019-06,26,EIB.HM,22763993800825,2019-06-30,2019-07-31,2020-06-30,True,4,EIB.HM,2019-04-26,15235997000000.0,,,False,EIB.HM,Financials,0.6693024577896267,True,True,True,True,False,False,False,eligible,missing_operating_profitability,missing_investment
2019,2019-06,25,FPT.HM,24041244007157,2019-06-30,2019-07-31,2020-06-30,True,4,FPT.HM,2019-04-27,15532763194118.0,,,False,FPT.HM,Information Technology,0.6460881637195623,False,True,True,True,False,False,False,eligible,missing_operating_profitability,missing_investment
2019,2019-06,65,FRT.HM,4183244390745,2019-06-30,2019-07-31,2020-06-30,True,4,FRT.HM,2019-04-24,1222740790915.0,,,False,FRT.HM,Consumer Discretionary,0.29229484981087617,False,True,True,True,False,False,False,eligible,missing_operating_profitability,missing_investment
2019,2019-06,4,GAS.HM,144725410741196,2019-06-30,2019-07-31,2020-06-30,True,4,GAS.HM,2019-04-19,45928201666640.0,,,False,GAS.HM,Utilities,0.317347184792384,False,True,True,True,False,False,False,eligible,missing_operating_profitability,missing_investment
2019,2019-06,63,GEG.HM,4531994208616,2019-06-30,2019-07-31,2020-06-30,True,4,GEG.HM,2019-05-02,2567021533857.0,,,False,GEG.HM,Utilities,0.5664220684520531,False,True,True,True,False,False,False,eligible,missing_operating_profitability,missing_investment
2019,2019-06,36,GEX.HM,8816290169242,2019-06-30,2019-07-31,2020-06-30,True,4,GEX.HM,2019-05-02,7881816351386.0,,,False,GEX.HM,Industrials,0.8940060048027726,False,True,True,True,False,False,False,eligible,missing_operating_profitability,missing_investment
2019,2019-06,48,GMD.HM,6061996187399,2019-06-30,2019-07-31,2020-06-30,True,4,GMD.HM,2019-05-02,6670296852531.0,,,False,GMD.HM,Industrials,1.100346593156305,False,True,True,True,False,False,False,eligible,missing_operating_profitability,missing_investment
2019,2019-06,58,HAG.HM,4961586164050,2019-06-30,2019-07-31,2020-06-30,True,4,HAG.HM,2019-05-02,16761799853000.0,,,False,HAG.HM,Consumer Staples,3.3783147765225596,False,True,True,True,False,False,False,eligible,missing_operating_profitability,missing_investment
2019,2019-06,60,HCM.HM,4843796419021,2019-06-30,2019-07-31,2020-06-30,True,4,HCM.HM,2019-04-19,3102369853836.0,,,False,HCM.HM,Financials,0.6404831222165677,True,True,True,True,False,False,False,eligible,missing_operating_profitability,missing_investment
2019,2019-06,24,HDB.HM,24582362537853,2019-06-30,2019-07-31,2020-06-30,True,4,HDB.HM,2019-04-26,17713159000000.0,,,False,HDB.HM,Financials,0.7205637364075361,True,True,True,True,False,False,False,eligible,missing_operating_profitability,missing_investment
2019,2019-06,70,HDG.HM,3578796878827,2019-06-30,2019-07-31,2020-06-30,True,4,HDG.HM,2019-05-02,2950073651833.0,,,False,HDG.HM,Industrials,0.8243199465402259,False,True,True,True,False,False,False,eligible,missing_operating_profitability,missing_investment
2019,2019-06,92,HNA.HM,2295543647356,2019-06-30,2019-07-31,2020-06-30,True,4,HNA.HM,2019-04-18,2488978716375.0,,,False,HNA.HM,Utilities,1.084265472033955,False,True,True,True,False,False,False,eligible,missing_operating_profitability,missing_investment
2019,2019-06,13,HPG.HM,55815183642639,2019-06-30,2019-07-31,2020-06-30,True,4,HPG.HM,2019-04-26,42211124342036.0,,,False,HPG.HM,Materials,0.7562659761597483,False,True,True,True,False,False,False,eligible,missing_operating_profitability,missing_investment
2019,2019-06,56,HPX.HM,5299898066238,2019-06-30,2019-07-31,2020-06-30,True,4,HPX.HM,2019-04-26,2592245655055.0,,,False,HPX.HM,Real Estate,0.48911236077697634,False,True,True,True,False,False,False,eligible,missing_operating_profitability,missing_investment
2019,2019-06,93,HSG.HM,2287056736852,2019-06-30,2019-07-31,2020-06-30,True,4,HSG.HM,2019-05-02,5226266967931.0,,,False,HSG.HM,Materials,2.2851496789382897,False,True,True,True,False,False,False,eligible,missing_operating_profitability,missing_investment
2019,2019-06,62,HT1.HM,4637622750001,2019-06-30,2019-07-31,2020-06-30,True,4,HT1.HM,2019-04-22,5270653470914.0,,,False,HT1.HM,Materials,1.1364989683373585,False,True,True,True,False,False,False,eligible,missing_operating_profitability,missing_investment
2019,2019-06,12,HVN.HM,59568265370106,2019-06-30,2019-07-31,2020-06-30,True,4,HVN.HM,2019-05-02,19874338159589.0,,,False,HVN.HM,Industrials,0.3336396995297235,False,True,True,True,False,False,False,eligible,missing_operating_profitability,missing_investment
2019,2019-06,96,IMP.HM,2097792310338,2019-06-30,2019-07-31,2020-06-30,True,4,IMP.HM,2019-04-19,1540934196594.0,,,False,IMP.HM,Health Care,0.7345504075881192,False,True,True,True,False,False,False,eligible,missing_operating_profitability,missing_investment
2019,2019-06,46,KBC.HM,6243760963720,2019-06-30,2019-07-31,2020-06-30,True,4,KBC.HM,2019-05-02,9940619689332.0,,,False,KBC.HM,Real Estate,1.5920884459051152,False,True,True,True,False,False,False,eligible,missing_operating_profitability,missing_investment
2019,2019-06,73,KDC.HM,2971745523917,2019-06-30,2019-07-31,2020-06-30,True,4,KDC.HM,2019-04-22,8399405023143.0,,,False,KDC.HM,Consumer Staples,2.82642135927975,False,True,True,True,False,False,False,eligible,missing_operating_profitability,missing_investment
2019,2019-06,30,KDH.HM,12878060574962,2019-06-30,2019-07-31,2020-06-30,True,4,KDH.HM,2019-04-27,7001952960000.0,,,False,KDH.HM,Real Estate,0.5437117584004423,False,True,True,True,False,False,False,eligible,missing_operating_profitability,missing_investment
2019,2019-06,72,KLB.HM,3358907798483,2019-06-30,2019-07-31,2020-06-30,True,4,KLB.HM,2019-04-24,3811325000000.0,,,False,KLB.HM,Financials,1.1346917595419939,True,True,True,True,False,False,False,eligible,missing_operating_profitability,missing_investment
2019,2019-06,90,KOS.HM,2324001448557,2019-06-30,2019-07-31,2020-06-30,True,4,KOS.HM,2019-04-23,1125202149765.0,,,False,KOS.HM,Real Estate,0.4841658556037697,False,True,True,True,False,False,False,eligible,missing_operating_profitability,missing_investment
2019,2019-06,99,LDG.HM,2041273285928,2019-06-30,2019-07-31,2020-06-30,True,4,LDG.HM,2019-04-19,2649207357204.0,,,False,LDG.HM,Real Estate,1.2978210097917497,False,True,True,True,False,False,False,eligible,missing_operating_profitability,missing_investment
2019,2019-06,51,LGC.HM,5767135012900,2019-06-30,2019-07-31,2020-06-30,True,4,LGC.HM,2019-04-26,3608018051250.0,,,False,LGC.HM,Industrials,0.6256170599751072,False,True,True,True,False,False,False,eligible,missing_operating_profitability,missing_investment
2019,2019-06,45,LPB.HM,6453027790936,2019-06-30,2019-07-31,2020-06-30,True,4,LPB.HM,2019-04-22,11617632000000.0,,,False,LPB.HM,Financials,1.800338132173902,True,True,True,True,False,False,False,eligible,missing_operating_profitability,missing_investment
2019,2019-06,22,MBB.HM,33526095205244,2019-06-30,2019-07-31,2020-06-30,True,4,MBB.HM,2019-04-19,36131421000000.0,,,False,MBB.HM,Financials,1.0777103858593258,True,True,True,True,False,False,False,eligible,missing_operating_profitability,missing_investment
2019,2019-06,18,MCH.HM,41904729809673,2019-06-30,2019-07-31,2020-06-30,True,4,MCH.HM,2019-04-24,11683764458714.0,,,False,MCH.HM,Consumer Staples,0.27881731994885695,False,True,True,True,False,False,False,eligible,missing_operating_profitability,missing_investment
2019,2019-06,7,MSN.HM,94362250826621,2019-06-30,2019-07-31,2020-06-30,True,4,MSN.HM,2019-04-24,34914113000000.0,,,False,MSN.HM,Consumer Staples,0.3700008498541475,False,True,True,True,False,False,False,eligible,missing_operating_profitability,missing_investment
2019,2019-06,20,MWG.HM,38936103407494,2019-06-30,2019-07-31,2020-06-30,True,4,MWG.HM,2019-05-02,10017109185084.0,,,False,MWG.HM,Consumer Discretionary,0.25727045873717336,False,True,True,True,False,False,False,eligible,missing_operating_profitability,missing_investment
2019,2019-06,52,NLG.HM,5750009612593,2019-06-30,2019-07-31,2020-06-30,True,4,NLG.HM,2019-04-22,5768103112384.0,,,False,NLG.HM,Real Estate,1.0031466903553299,False,True,True,True,False,False,False,eligible,missing_operating_profitability,missing_investment
2019,2019-06,61,NT2.HM,4842963974213,2019-06-30,2019-07-31,2020-06-30,True,4,NT2.HM,2019-04-17,3861911264202.0,,,False,NT2.HM,Utilities,0.7974272129144994,False,True,True,True,False,False,False,eligible,missing_operating_profitability,missing_investment
2019,2019-06,15,NVL.HM,55454653341119,2019-06-30,2019-07-31,2020-06-30,True,4,NVL.HM,2019-04-27,20749330642168.0,,,False,NVL.HM,Real Estate,0.37416752954043997,False,True,True,True,False,False,False,eligible,missing_operating_profitability,missing_investment
2019,2019-06,64,PAN.HM,4306829827933,2019-06-30,2019-07-31,2020-06-30,True,4,PAN.HM,2019-05-02,5837777137240.0,,,False,PAN.HM,Consumer Staples,1.3554696541241695,False,True,True,True,False,False,False,eligible,missing_operating_profitability,missing_investment
2019,2019-06,76,PC1.HM,2915614743414,2019-06-30,2019-07-31,2020-06-30,True,4,PC1.HM,2019-04-26,3373225218484.0,,,False,PC1.HM,Industrials,1.156951626103443,False,True,True,True,False,False,False,eligible,missing_operating_profitability,missing_investment
2019,2019-06,38,PDR.HM,8180054311946,2019-06-30,2019-07-31,2020-06-30,True,4,PDR.HM,2019-04-22,3651305214423.0,,,False,PDR.HM,Real Estate,0.4463668669156269,False,True,True,True,False,False,False,eligible,missing_operating_profitability,missing_investment
2019,2019-06,95,PGD.HM,2116223728521,2019-06-30,2019-07-31,2020-06-30,True,4,PGD.HM,2019-04-16,1412946401560.0,,,False,PGD.HM,Utilities,0.667673451779831,False,True,True,True,False,False,False,eligible,missing_operating_profitability,missing_investment
2019,2019-06,49,PHR.HM,5902890619881,2019-06-30,2019-07-31,2020-06-30,True,4,PHR.HM,2019-05-29,2798387883298.0,,,False,PHR.HM,Materials,0.4740707669345929,False,True,True,True,False,False,False,eligible,missing_operating_profitability,missing_investment
2019,2019-06,14,PLX.HM,55785999500776,2019-06-30,2019-07-31,2020-06-30,True,4,PLX.HM,2019-05-06,25000265019942.0,,,False,PLX.HM,Energy,0.4481458653365929,False,True,True,True,False,False,False,eligible,missing_operating_profitability,missing_investment
2019,2019-06,33,PNJ.HM,9306193725515,2019-06-30,2019-07-31,2020-06-30,True,4,PNJ.HM,2019-04-22,4040217924784.0,,,False,PNJ.HM,Consumer Discretionary,0.43414289922923527,False,True,True,True,False,False,False,eligible,missing_operating_profitability,missing_investment
2019,2019-06,21,POW.HM,33957254339027,2019-06-30,2019-07-31,2020-06-30,True,4,POW.HM,2019-04-27,27726242394420.0,,,False,POW.HM,Utilities,0.8165042472987661,False,True,True,True,False,False,False,eligible,missing_operating_profitability,missing_investment
2019,2019-06,57,PPC.HM,4966554576978,2019-06-30,2019-07-31,2020-06-30,True,4,PPC.HM,2019-04-17,5856613275191.0,,,False,PPC.HM,Utilities,1.1792104937976084,False,True,True,True,False,False,False,eligible,missing_operating_profitability,missing_investment
2019,2019-06,88,PTB.HM,2429509146032,2019-06-30,2019-07-31,2020-06-30,True,4,PTB.HM,2019-04-26,1741686016415.0,,,False,PTB.HM,Consumer Discretionary,0.716888026233452,False,True,True,True,False,False,False,eligible,missing_operating_profitability,missing_investment
2019,2019-06,43,PVD.HM,6982535163783,2019-06-30,2019-07-31,2020-06-30,True,4,PVD.HM,2019-04-26,13769741036640.0,,,False,PVD.HM,Energy,1.9720260211593157,False,True,True,True,False,False,False,eligible,missing_operating_profitability,missing_investment
2019,2019-06,67,PVT.HM,3990269172381,2019-06-30,2019-07-31,2020-06-30,True,4,PVT.HM,2019-04-26,5079459520651.0,,,False,PVT.HM,Energy,1.272961622691754,False,True,True,True,False,False,False,eligible,missing_operating_profitability,missing_investment
2019,2019-06,37,REE.HM,8732496197862,2019-06-30,2019-07-31,2020-06-30,True,4,REE.HM,2019-05-31,9705631894441.0,,,False,REE.HM,Industrials,1.1114384334707474,False,True,True,True,False,False,False,eligible,missing_operating_profitability,missing_investment
2019,2019-06,5,SAB.HM,137716010822117,2019-06-30,2019-07-31,2020-06-30,True,4,SAB.HM,2019-04-26,17261568113285.0,,,False,SAB.HM,Consumer Staples,0.12534176680140097,False,True,True,True,False,False,False,eligible,missing_operating_profitability,missing_investment
2019,2019-06,98,SAM.HM,2042096547190,2019-06-30,2019-07-31,2020-06-30,True,4,SAM.HM,2019-04-25,2827915379090.0,,,False,SAM.HM,Industrials,1.3848098332967242,False,True,True,True,False,False,False,eligible,missing_operating_profitability,missing_investment
2019,2019-06,39,SBT.HM,8060668813274,2019-06-30,2019-07-31,2020-06-30,True,4,SBT.HM,2019-05-02,6200595532479.0,,,False,SBT.HM,Consumer Staples,0.7692408255588045,False,True,True,True,False,False,False,eligible,missing_operating_profitability,missing_investment
2019,2019-06,87,SCR.HM,2472925008168,2019-06-30,2019-07-31,2020-06-30,True,4,SCR.HM,2019-05-02,4597098254428.0,,,False,SCR.HM,Real Estate,1.8589719620465308,False,True,True,True,False,False,False,eligible,missing_operating_profitability,missing_investment
2019,2019-06,54,SCS.HM,5560873819328,2019-06-30,2019-07-31,2020-06-30,True,4,SCS.HM,2019-04-19,923634597610.0,,,False,SCS.HM,Industrials,0.16609522668896234,False,True,True,True,False,False,False,eligible,missing_operating_profitability,missing_investment
2019,2019-06,89,SGN.HM,2376842654915,2019-06-30,2019-07-31,2020-06-30,True,4,SGN.HM,2019-04-24,773776668285.0,,,False,SGN.HM,Industrials,0.32554812439306025,False,True,True,True,False,False,False,eligible,missing_operating_profitability,missing_investment
2019,2019-06,40,SHB.HM,7550042614882,2019-06-30,2019-07-31,2020-06-30,True,4,SHB.HM,2019-04-26,17065824000000.0,,,False,SHB.HM,Financials,2.2603612814530747,True,True,True,True,False,False,False,eligible,missing_operating_profitability,missing_investment
2019,2019-06,68,SIP.HM,3917607178151,2019-06-30,2019-07-31,2020-06-30,True,4,SIP.HM,2019-04-25,1490220118654.0,,,False,SIP.HM,Real Estate,0.3803903890530806,False,True,True,True,False,False,False,eligible,missing_operating_profitability,missing_investment
2019,2019-06,94,SJS.HM,2232390449779,2019-06-30,2019-07-31,2020-06-30,True,4,SJS.HM,2019-04-19,2258293262383.0,,,False,SJS.HM,Real Estate,1.011603173005226,False,True,True,True,False,False,False,eligible,missing_operating_profitability,missing_investment
2019,2019-06,34,SSI.HM,9220406155225,2019-06-30,2019-07-31,2020-06-30,True,4,SSI.HM,2019-04-26,9370891277310.0,,,False,SSI.HM,Financials,1.0163208777955757,True,True,True,True,False,False,False,eligible,missing_operating_profitability,missing_investment
2019,2019-06,27,STB.HM,20471466419150,2019-06-30,2019-07-31,2020-06-30,True,4,STB.HM,2019-04-22,25477238000000.0,,,False,STB.HM,Financials,1.2445243285633587,True,True,True,True,False,False,False,eligible,missing_operating_profitability,missing_investment
2019,2019-06,10,TCB.HM,69319407740333,2019-06-30,2019-07-31,2020-06-30,True,4,TCB.HM,2019-04-24,53874961000000.0,,,False,TCB.HM,Financials,0.7771988070326983,True,True,True,True,False,False,False,eligible,missing_operating_profitability,missing_investment
2019,2019-06,55,TCH.HM,5467974208086,2019-06-30,2019-07-31,2020-06-30,True,4,TCH.HM,2019-05-02,4488955044449.0,,,False,TCH.HM,Industrials,0.8209539536252323,False,True,True,True,False,False,False,eligible,missing_operating_profitability,missing_investment
2019,2019-06,86,TDM.HM,2494784154909,2019-06-30,2019-07-31,2020-06-30,True,4,TDM.HM,2019-04-22,1118208902058.0,,,False,TDM.HM,Utilities,0.44821869653841373,False,True,True,True,False,False,False,eligible,missing_operating_profitability,missing_investment
2019,2019-06,79,TLG.HM,2826258405641,2019-06-30,2019-07-31,2020-06-30,True,4,TLG.HM,2019-04-26,1701820353928.0,,,False,TLG.HM,Industrials,0.6021460566136819,False,True,True,True,False,False,False,eligible,missing_operating_profitability,missing_investment
2019,2019-06,29,TPB.HM,15439213473048,2019-06-30,2019-07-31,2020-06-30,True,4,TPB.HM,2019-04-19,11342487000000.0,,,False,TPB.HM,Financials,0.7346544576121321,True,True,True,True,False,False,False,eligible,missing_operating_profitability,missing_investment
2019,2019-06,2,VCB.HM,254357274961789,2019-06-30,2019-07-31,2020-06-30,True,4,VCB.HM,2019-04-22,72991878000000.0,,,False,VCB.HM,Financials,0.2869659537395392,True,True,True,True,False,False,False,eligible,missing_operating_profitability,missing_investment
2019,2019-06,81,VCF.HM,2773957533145,2019-06-30,2019-07-31,2020-06-30,True,4,VCF.HM,2019-04-24,1506758179199.0,,,False,VCF.HM,Consumer Staples,0.5431799734477907,False,True,True,True,False,False,False,eligible,missing_operating_profitability,missing_investment
2019,2019-06,31,VCG.HM,10162825763268,2019-06-30,2019-07-31,2020-06-30,True,4,VCG.HM,2019-05-02,7569305450920.0,,,False,VCG.HM,Industrials,0.7448032296566681,False,True,True,True,False,False,False,eligible,missing_operating_profitability,missing_investment
2019,2019-06,75,VCI.HM,2947507586676,2019-06-30,2019-07-31,2020-06-30,True,4,VCI.HM,2019-04-22,3615941571916.0,,,False,VCI.HM,Financials,1.2267793943132186,True,True,True,True,False,False,False,eligible,missing_operating_profitability,missing_investment
2019,2019-06,47,VGC.HM,6181144627498,2019-06-30,2019-07-31,2020-06-30,True,4,VGC.HM,2019-04-25,7095079139315.0,,,False,VGC.HM,Industrials,1.1478584577605881,False,True,True,True,False,False,False,eligible,missing_operating_profitability,missing_investment
2019,2019-06,44,VHC.HM,6694352435374,2019-06-30,2019-07-31,2020-06-30,True,4,VHC.HM,2019-04-22,4322532686343.0,,,False,VHC.HM,Consumer Staples,0.645698404449408,False,True,True,True,False,False,False,eligible,missing_operating_profitability,missing_investment
2019,2019-06,6,VHM.HM,121457938386289,2019-06-30,2019-07-31,2020-06-30,True,4,VHM.HM,2019-05-02,50755830856239.0,,,False,VHM.HM,Real Estate,0.41788813090844185,False,True,True,True,False,False,False,eligible,missing_operating_profitability,missing_investment
2019,2019-06,35,VIB.HM,9154433342230,2019-06-30,2019-07-31,2020-06-30,True,4,VIB.HM,2019-04-22,11253421000000.0,,,False,VIB.HM,Financials,1.2292864647435067,True,True,True,True,False,False,False,eligible,missing_operating_profitability,missing_investment
2019,2019-06,1,VIC.HM,387124750619210,2019-06-30,2019-07-31,2020-06-30,True,4,VIC.HM,2019-05-02,102372881570940.0,,,False,VIC.HM,Real Estate,0.26444416536838194,False,True,True,True,False,False,False,eligible,missing_operating_profitability,missing_investment
2019,2019-06,16,VJC.HM,53327901192212,2019-06-30,2019-07-31,2020-06-30,True,4,VJC.HM,2019-05-03,15507120222457.0,,,False,VJC.HM,Industrials,0.2907881217106976,False,True,True,True,False,False,False,eligible,missing_operating_profitability,missing_investment
2019,2019-06,80,VND.HM,2799443734120,2019-06-30,2019-07-31,2020-06-30,True,4,VND.HM,2019-04-22,3071988780825.0,,,False,VND.HM,Financials,1.0973568582155033,True,True,True,True,False,False,False,eligible,missing_operating_profitability,missing_investment
2019,2019-06,3,VNM.HM,150429979240154,2019-06-30,2019-07-31,2020-06-30,True,4,VNM.HM,2019-04-26,28923230823493.0,,,False,VNM.HM,Consumer Staples,0.19227039031440998,False,True,True,True,False,False,False,eligible,missing_operating_profitability,missing_investment
2019,2019-06,19,VPB.HM,40196829223116,2019-06-30,2019-07-31,2020-06-30,True,4,VPB.HM,2019-04-22,36179904000000.0,,,False,VPB.HM,Financials,0.9000686048936918,True,True,True,True,False,False,False,eligible,missing_operating_profitability,missing_investment
2019,2019-06,50,VPI.HM,5767959305733,2019-06-30,2019-07-31,2020-06-30,True,4,VPI.HM,2019-04-26,2459739513500.0,,,False,VPI.HM,Real Estate,0.42644883278825646,False,True,True,True,False,False,False,eligible,missing_operating_profitability,missing_investment
2019,2019-06,9,VRE.HM,78714062258000,2019-06-30,2019-07-31,2020-06-30,True,4,VRE.HM,2019-04-23,29112273017178.0,,,False,VRE.HM,Real Estate,0.36984843853893734,False,True,True,True,False,False,False,eligible,missing_operating_profitability,missing_investment
2019,2019-06,78,VSH.HM,2868756071235,2019-06-30,2019-07-31,2020-06-30,True,4,VSH.HM,2019-04-26,3067820418582.0,,,False,VSH.HM,Utilities,1.0693904753154222,False,True,True,True,False,False,False,eligible,missing_operating_profitability,missing_investment
2019,2019-06,41,VTP.HM,7398286553209,2019-06-30,2019-07-31,2020-06-30,True,4,VTP.HM,2019-05-02,748821411550.0,,,False,VTP.HM,Industrials,0.10121551877781747,False,True,True,True,False,False,False,eligible,missing_operating_profitability,missing_investment
2019,2019-06,91,YEG.HM,2299075149827,2019-06-30,2019-07-31,2020-06-30,True,4,YEG.HM,2019-04-24,1565846320299.0,,,False,YEG.HM,Communication Services,0.6810766148365469,False,True,True,True,False,False,False,eligible,missing_operating_profitability,missing_investment
2020,2020-06,21,ACB.HM,34356093947829,2020-06-30,2020-07-31,2021-06-30,True,6,ACB.HM,2020-04-22,29412365000000.0,0.045782,,False,ACB.HM,Financials,0.856103288245275,True,True,True,True,True,False,False,eligible,eligible,missing_investment
2020,2020-06,100,AGG.HM,2037966799776,2020-06-30,2020-07-31,2021-06-30,True,6,AGG.HM,2020-04-20,1454144931005.0,,,False,AGG.HM,Real Estate,0.7135272915951477,False,True,True,True,False,False,False,eligible,missing_operating_profitability,missing_investment
2020,2020-06,25,BCM.HM,25360555946175,2020-06-30,2020-07-31,2021-06-30,True,6,BCM.HM,2020-05-04,16052977455978.0,0.051335,,False,BCM.HM,Real Estate,0.632989966389092,False,True,True,True,True,False,False,eligible,eligible,missing_investment
2020,2020-06,34,BHN.HM,10127895310772,2020-06-30,2020-07-31,2021-06-30,True,6,BHN.HM,2020-04-29,5083164587472.0,-0.007877,,False,BHN.HM,Consumer Staples,0.5018974260195562,False,True,True,True,True,False,False,eligible,eligible,missing_investment
2020,2020-06,4,BID.HM,136529815706726,2020-06-30,2020-07-31,2021-06-30,True,6,BID.HM,2020-04-29,79269318000000.0,0.1022,,False,BID.HM,Financials,0.5806007837165408,True,True,True,True,True,False,False,eligible,eligible,missing_investment
2020,2020-06,89,BMP.HM,2485335082098,2020-06-30,2020-07-31,2021-06-30,True,6,BMP.HM,2020-04-27,2571652158368.0,0.057575,,False,BMP.HM,Industrials,1.0347305588255469,False,True,True,True,True,False,False,eligible,eligible,missing_investment
2020,2020-06,24,BVH.HM,28810518261159,2020-06-30,2020-07-31,2021-06-30,True,6,BVH.HM,2020-05-04,20009390249680.0,0.670236,,False,BVH.HM,Financials,0.6945168451431757,True,True,True,True,True,False,False,eligible,eligible,missing_investment
2020,2020-06,81,BWE.HM,3044842151929,2020-06-30,2020-07-31,2021-06-30,True,6,BWE.HM,2020-04-22,2237699865804.0,0.022887,,False,BWE.HM,Utilities,0.7349149000667733,False,True,True,True,True,False,False,eligible,eligible,missing_investment
2020,2020-06,71,CII.HM,3834622096221,2020-06-30,2020-07-31,2021-06-30,True,6,CII.HM,2020-04-29,8911794514018.0,-0.011339,,False,CII.HM,Industrials,2.3240346220297763,False,True,True,True,True,False,False,eligible,eligible,missing_investment
2020,2020-06,82,CMG.HM,2997426953577,2020-06-30,2020-07-31,2021-06-30,True,6,CMG.HM,2020-06-30,2252402775744.0,0.045791,,False,CMG.HM,Information Technology,0.7514454265703054,False,True,True,True,True,False,False,eligible,eligible,missing_investment
2020,2020-06,58,CTD.HM,4901307123201,2020-06-30,2020-07-31,2021-06-30,True,6,CTD.HM,2020-04-20,8592983015920.0,0.045999,,False,CTD.HM,Industrials,1.7532023192841666,False,True,True,True,True,False,False,eligible,eligible,missing_investment
2020,2020-06,8,CTG.HM,76596410482729,2020-06-30,2020-07-31,2021-06-30,True,6,CTG.HM,2020-04-24,78811234000000.0,-0.032217,,False,CTG.HM,Financials,1.0289155001300014,True,True,True,True,True,False,False,eligible,eligible,missing_investment
2020,2020-06,93,CTR.HM,2351440689208,2020-06-30,2020-07-31,2021-06-30,True,6,CTR.HM,2020-04-24,932892637118.0,0.06094,,False,CTR.HM,Industrials,0.3967323698188671,False,True,True,True,True,False,False,eligible,eligible,missing_investment
2020,2020-06,64,DBC.HM,4357136579145,2020-06-30,2020-07-31,2021-06-30,True,6,DBC.HM,2020-04-20,3374674208730.0,0.039423,,False,DBC.HM,Consumer Staples,0.7745165081311753,False,True,True,True,True,False,False,eligible,eligible,missing_investment
2020,2020-06,95,DBD.HM,2207495213485,2020-06-30,2020-07-31,2021-06-30,True,6,DBD.HM,2020-04-28,994483085203.0,0.04742,,False,DBD.HM,Health Care,0.45050294067591534,False,True,True,True,True,False,False,eligible,eligible,missing_investment
2020,2020-06,80,DCM.HM,3309591261070,2020-06-30,2020-07-31,2021-06-30,True,6,DCM.HM,2020-04-27,6184185564092.0,0.015642,,False,DCM.HM,Materials,1.8685647490175676,False,True,True,True,True,False,False,eligible,eligible,missing_investment
2020,2020-06,67,DGC.HM,4120307452837,2020-06-30,2020-07-31,2021-06-30,True,6,DGC.HM,2020-04-27,3651110286327.0,0.093018,,False,DGC.HM,Materials,0.8861256904052297,False,True,True,True,True,False,False,eligible,eligible,missing_investment
2020,2020-06,39,DHG.HM,8633704811991,2020-06-30,2020-07-31,2021-06-30,True,6,DHG.HM,2020-04-20,3529583801523.0,0.070584,,False,DHG.HM,Health Care,0.408814509921732,False,True,True,True,True,False,False,eligible,eligible,missing_investment
2020,2020-06,72,DIG.HM,3756929855124,2020-06-30,2020-07-31,2021-06-30,True,6,DIG.HM,2020-05-04,3986245644532.0,0.051632,,False,DIG.HM,Industrials,1.0610380811596045,False,True,True,True,True,False,False,eligible,eligible,missing_investment
2020,2020-06,77,DPM.HM,3431395780572,2020-06-30,2020-07-31,2021-06-30,True,6,DPM.HM,2020-04-20,8267267621053.0,0.027824,,False,DPM.HM,Materials,2.4093016806341354,False,True,True,True,True,False,False,eligible,eligible,missing_investment
2020,2020-06,56,DXG.HM,5096943138781,2020-06-30,2020-07-31,2021-06-30,True,6,DXG.HM,2020-04-21,9009950877742.0,0.118563,,False,DXG.HM,Real Estate,1.7677165768611747,False,True,True,True,True,False,False,eligible,eligible,missing_investment
2020,2020-06,28,EIB.HM,21553143067254,2020-06-30,2020-07-31,2021-06-30,True,6,EIB.HM,2020-04-29,16157502000000.0,-0.005801,,False,EIB.HM,Financials,0.7496587365277747,True,True,True,True,True,False,False,eligible,eligible,missing_investment
2020,2020-06,94,FIT.HM,2279837018078,2020-06-30,2020-07-31,2021-06-30,True,6,FIT.HM,2020-04-29,4067316243649.0,0.001409,,False,FIT.HM,Financials,1.7840381621129748,True,True,True,True,True,False,False,eligible,eligible,missing_investment
2020,2020-06,23,FPT.HM,28872387032169,2020-06-30,2020-07-31,2021-06-30,True,6,FPT.HM,2020-04-28,17630689477471.0,0.060937,,False,FPT.HM,Information Technology,0.6106419070174994,False,True,True,True,True,False,False,eligible,eligible,missing_investment
2020,2020-06,6,GAS.HM,103432108770881,2020-06-30,2020-07-31,2021-06-30,True,6,GAS.HM,2020-04-20,51963120794749.0,0.069911,,False,GAS.HM,Utilities,0.5023886819310219,False,True,True,True,True,False,False,eligible,eligible,missing_investment
2020,2020-06,63,GEG.HM,4392241083280,2020-06-30,2020-07-31,2021-06-30,True,6,GEG.HM,2020-05-04,2659378533409.0,0.025343,,False,GEG.HM,Utilities,0.6054718953229798,False,True,True,True,True,False,False,eligible,eligible,missing_investment
2020,2020-06,42,GEX.HM,7341612953117,2020-06-30,2020-07-31,2021-06-30,True,6,GEX.HM,2020-05-04,8634508735865.0,0.033,,False,GEX.HM,Industrials,1.1761051407918584,False,True,True,True,True,False,False,eligible,eligible,missing_investment
2020,2020-06,61,GMD.HM,4592760311562,2020-06-30,2020-07-31,2021-06-30,True,6,GMD.HM,2020-05-04,6683632362100.0,0.007188,,False,GMD.HM,Industrials,1.4552539015098076,False,True,True,True,True,False,False,eligible,eligible,missing_investment
2020,2020-06,17,GVR.HM,39204271368000,2020-06-30,2020-07-31,2021-06-30,True,6,GVR.HM,2020-04-28,50598802340736.0,,,False,GVR.HM,Materials,1.2906451408260744,False,True,True,True,False,False,False,eligible,missing_operating_profitability,missing_investment
2020,2020-06,59,HAG.HM,4822476271600,2020-06-30,2020-07-31,2021-06-30,True,6,HAG.HM,2020-04-28,16413542163000.0,-0.02241,,False,HAG.HM,Consumer Staples,3.403550632205458,False,True,True,True,True,False,False,eligible,eligible,missing_investment
2020,2020-06,70,HCM.HM,3888024017925,2020-06-30,2020-07-31,2021-06-30,True,6,HCM.HM,2020-04-20,4402876662451.0,0.028847,,False,HCM.HM,Financials,1.1324201296474428,True,True,True,True,True,False,False,eligible,eligible,missing_investment
2020,2020-06,26,HDB.HM,21828075096893,2020-06-30,2020-07-31,2021-06-30,True,6,HDB.HM,2020-04-29,21387809000000.0,0.075143,,False,HDB.HM,Financials,0.9798302830213523,True,True,True,True,True,False,False,eligible,eligible,missing_investment
2020,2020-06,84,HDG.HM,2772896905268,2020-06-30,2020-07-31,2021-06-30,True,6,HDG.HM,2020-04-29,3428066562908.0,0.263712,,False,HDG.HM,Industrials,1.2362762410659036,False,True,True,True,True,False,False,eligible,eligible,missing_investment
2020,2020-06,73,HHV.HM,3745648042534,2020-06-30,2020-07-31,2021-06-30,True,6,HHV.HM,2020-04-23,7366206639699.0,,,False,HHV.HM,Industrials,1.9666040578429855,False,True,True,True,False,False,False,eligible,missing_operating_profitability,missing_investment
2020,2020-06,96,HNA.HM,2133692407662,2020-06-30,2020-07-31,2021-06-30,True,6,HNA.HM,2020-04-17,2448386586805.0,0.020826,,False,HNA.HM,Utilities,1.147488071857474,False,True,True,True,True,False,False,eligible,eligible,missing_investment
2020,2020-06,10,HPG.HM,63653060496805,2020-06-30,2020-07-31,2021-06-30,True,6,HPG.HM,2020-04-27,50063408905154.0,0.049592,,False,HPG.HM,Materials,0.7865043489569034,False,True,True,True,True,False,False,eligible,eligible,missing_investment
2020,2020-06,47,HPX.HM,6577868146276,2020-06-30,2020-07-31,2021-06-30,True,6,HPX.HM,2020-04-28,3024365137755.0,0.128621,,False,HPX.HM,Real Estate,0.4597789238854258,False,True,True,True,True,False,False,eligible,eligible,missing_investment
2020,2020-06,74,HSG.HM,3705258799962,2020-06-30,2020-07-31,2021-06-30,True,6,HSG.HM,2020-05-27,5840821381008.0,-0.024747,,False,HSG.HM,Materials,1.5763598972001367,False,True,True,True,True,False,False,eligible,eligible,missing_investment
2020,2020-06,65,HT1.HM,4190642559900,2020-06-30,2020-07-31,2021-06-30,True,6,HT1.HM,2020-04-20,5452169242125.0,0.048816,,False,HT1.HM,Materials,1.3010341884789867,False,True,True,True,True,False,False,eligible,eligible,missing_investment
2020,2020-06,18,HVN.HM,35599130018384,2020-06-30,2020-07-31,2021-06-30,True,6,HVN.HM,2020-04-29,15942392136560.0,0.019142,,False,HVN.HM,Industrials,0.4478309477879677,False,True,True,True,True,False,False,eligible,eligible,missing_investment
2020,2020-06,88,IMP.HM,2505109435507,2020-06-30,2020-07-31,2021-06-30,True,6,IMP.HM,2020-04-15,1600003477509.0,0.029817,,False,IMP.HM,Health Care,0.6386960405125699,False,True,True,True,True,False,False,eligible,eligible,missing_investment
2020,2020-06,48,KBC.HM,6506178621113,2020-06-30,2020-07-31,2021-06-30,True,6,KBC.HM,2020-04-29,10475333088135.0,0.037069,,False,KBC.HM,Real Estate,1.6100592526220874,False,True,True,True,True,False,False,eligible,eligible,missing_investment
2020,2020-06,60,KDC.HM,4624650230279,2020-06-30,2020-07-31,2021-06-30,True,6,KDC.HM,2020-04-21,8203472519042.0,-0.007218,,False,KDC.HM,Consumer Staples,1.7738579374784618,False,True,True,True,True,False,False,eligible,eligible,missing_investment
2020,2020-06,32,KDH.HM,11934161242584,2020-06-30,2020-07-31,2021-06-30,True,6,KDH.HM,2020-04-29,7818541905000.0,0.085587,,False,KDH.HM,Real Estate,0.6551396236462379,False,True,True,True,True,False,False,eligible,eligible,missing_investment
2020,2020-06,79,KLB.HM,3326918200594,2020-06-30,2020-07-31,2021-06-30,True,6,KLB.HM,2020-04-21,3837417000000.0,-4.3e-05,,False,KLB.HM,Financials,1.1534449507399531,True,True,True,True,True,False,False,eligible,eligible,missing_investment
2020,2020-06,78,KOS.HM,3413377127572,2020-06-30,2020-07-31,2021-06-30,True,6,KOS.HM,2020-04-21,1142865853835.0,,,False,KOS.HM,Real Estate,0.33481968476420365,False,True,True,True,False,False,False,eligible,missing_operating_profitability,missing_investment
2020,2020-06,44,LGC.HM,7187778241867,2020-06-30,2020-07-31,2021-06-30,True,6,LGC.HM,2020-04-29,3973098119911.0,0.020075,,False,LGC.HM,Industrials,0.5527574705586634,False,True,True,True,True,False,False,eligible,eligible,missing_investment
2020,2020-06,41,LPB.HM,7462268984025,2020-06-30,2020-07-31,2021-06-30,True,6,LPB.HM,2020-04-21,13065456000000.0,0.052016,,False,LPB.HM,Financials,1.7508690758762695,True,True,True,True,True,False,False,eligible,eligible,missing_investment
2020,2020-06,22,MBB.HM,30383474861679,2020-06-30,2020-07-31,2021-06-30,True,6,MBB.HM,2020-04-24,43984050000000.0,0.057724,,False,MBB.HM,Financials,1.447630667665161,True,True,True,True,True,False,False,eligible,eligible,missing_investment
2020,2020-06,19,MCH.HM,34961370872264,2020-06-30,2020-07-31,2021-06-30,True,6,MCH.HM,2020-05-05,13566141119829.0,0.092443,,False,MCH.HM,Consumer Staples,0.3880322991164933,False,True,True,True,True,False,False,eligible,eligible,missing_investment
2020,2020-06,11,MSN.HM,61505997224708,2020-06-30,2020-07-31,2021-06-30,True,6,MSN.HM,2020-04-29,51566408000000.0,0.035659,,False,MSN.HM,Consumer Staples,0.8383964219229812,False,True,True,True,True,False,False,eligible,eligible,missing_investment
2020,2020-06,20,MWG.HM,34657329535717,2020-06-30,2020-07-31,2021-06-30,True,6,MWG.HM,2020-04-29,13378770934313.0,0.093927,,False,MWG.HM,Consumer Discretionary,0.3860300581014231,False,True,True,True,True,False,False,eligible,eligible,missing_investment
2020,2020-06,52,NLG.HM,5512964621147,2020-06-30,2020-07-31,2021-06-30,True,6,NLG.HM,2020-04-20,6306605550069.0,0.030335,,False,NLG.HM,Real Estate,1.1439590099812538,False,True,True,True,True,False,False,eligible,eligible,missing_investment
2020,2020-06,69,NT2.HM,4023476409856,2020-06-30,2020-07-31,2021-06-30,True,6,NT2.HM,2020-04-20,4306103471604.0,0.056109,,False,NT2.HM,Utilities,1.0702444933082422,False,True,True,True,True,False,False,eligible,eligible,missing_investment
2020,2020-06,92,NTC.HM,2360204430168,2020-06-30,2020-07-31,2021-06-30,True,6,NTC.HM,2020-04-17,665964629110.0,0.657899,,False,NTC.HM,Real Estate,0.28216396028991286,False,True,True,True,True,False,False,eligible,eligible,missing_investment
2020,2020-06,12,NVL.HM,59626792953406,2020-06-30,2020-07-31,2021-06-30,True,6,NVL.HM,2020-05-04,24696111191411.0,0.116694,,False,NVL.HM,Real Estate,0.41417808954959584,False,True,True,True,True,False,False,eligible,eligible,missing_investment
2020,2020-06,76,PAN.HM,3624625729132,2020-06-30,2020-07-31,2021-06-30,True,6,PAN.HM,2020-04-29,6163420585346.0,0.031376,,False,PAN.HM,Consumer Staples,1.7004295190560192,False,True,True,True,True,False,False,eligible,eligible,missing_investment
2020,2020-06,87,PC1.HM,2668663767883,2020-06-30,2020-07-31,2021-06-30,True,6,PC1.HM,2020-04-29,3792322340160.0,0.021408,,False,PC1.HM,Industrials,1.4210566298385265,False,True,True,True,True,False,False,eligible,eligible,missing_investment
2020,2020-06,37,PDR.HM,8923091598126,2020-06-30,2020-07-31,2021-06-30,True,6,PDR.HM,2020-04-20,4133527652641.0,0.104178,,False,PDR.HM,Real Estate,0.463239406116722,False,True,True,True,True,False,False,eligible,eligible,missing_investment
2020,2020-06,36,PGV.HM,9109434359263,2020-06-30,2020-07-31,2021-06-30,True,6,PGV.HM,2020-05-04,11688518708615.0,,,False,PGV.HM,Utilities,1.283122337527954,False,True,True,True,False,False,False,eligible,missing_operating_profitability,missing_investment
2020,2020-06,55,PHR.HM,5178897343107,2020-06-30,2020-07-31,2021-06-30,True,6,PHR.HM,2020-04-24,2773483110643.0,0.030562,,False,PHR.HM,Materials,0.5355354483584128,False,True,True,True,True,False,False,eligible,eligible,missing_investment
2020,2020-06,14,PLX.HM,44698213137477,2020-06-30,2020-07-31,2021-06-30,True,6,PLX.HM,2020-05-05,21959888955957.0,0.033555,,False,PLX.HM,Energy,0.4912923227694943,False,True,True,True,True,False,False,eligible,eligible,missing_investment
2020,2020-06,40,PNJ.HM,7638757438236,2020-06-30,2020-07-31,2021-06-30,True,6,PNJ.HM,2020-04-20,4985527981130.0,0.090727,,False,PNJ.HM,Consumer Discretionary,0.652662166777912,False,True,True,True,True,False,False,eligible,eligible,missing_investment
2020,2020-06,27,POW.HM,21670089941547,2020-06-30,2020-07-31,2021-06-30,True,6,POW.HM,2020-04-29,29894040301554.0,,,False,POW.HM,Utilities,1.3795069786138554,False,True,True,True,False,False,False,eligible,missing_operating_profitability,missing_investment
2020,2020-06,62,PPC.HM,4556211108636,2020-06-30,2020-07-31,2021-06-30,True,6,PPC.HM,2020-04-15,6072897996134.0,0.066105,,False,PPC.HM,Utilities,1.3328833654400296,False,True,True,True,True,False,False,eligible,eligible,missing_investment
2020,2020-06,68,PVD.HM,4110094403870,2020-06-30,2020-07-31,2021-06-30,True,6,PVD.HM,2020-04-29,14184028809000.0,0.025516,,False,PVD.HM,Energy,3.4510226323863855,False,True,True,True,True,False,False,eligible,eligible,missing_investment
2020,2020-06,85,PVT.HM,2744031600282,2020-06-30,2020-07-31,2021-06-30,True,6,PVT.HM,2020-04-28,5817387885913.0,0.052981,,False,PVT.HM,Energy,2.1200149026400266,False,True,True,True,True,False,False,eligible,eligible,missing_investment
2020,2020-06,98,QCG.HM,2107489220060,2020-06-30,2020-07-31,2021-06-30,True,6,QCG.HM,2020-05-06,4254459746054.0,0.00219,,False,QCG.HM,Real Estate,2.0187338115698052,False,True,True,True,True,False,False,eligible,eligible,missing_investment
2020,2020-06,38,REE.HM,8844967754058,2020-06-30,2020-07-31,2021-06-30,True,6,REE.HM,2020-04-29,10779905721557.0,0.020271,,False,REE.HM,Industrials,1.2187614495950272,False,True,True,True,True,False,False,eligible,eligible,missing_investment
2020,2020-06,7,SAB.HM,80549558568933,2020-06-30,2020-07-31,2021-06-30,True,6,SAB.HM,2020-05-04,18486699868999.0,0.06846,,False,SAB.HM,Consumer Staples,0.2295071530799065,False,True,True,True,True,False,False,eligible,eligible,missing_investment
2020,2020-06,90,SAM.HM,2459877037939,2020-06-30,2020-07-31,2021-06-30,True,6,SAM.HM,2020-04-24,2886416205018.0,0.025171,,False,SAM.HM,Industrials,1.1733985725710805,False,True,True,True,True,False,False,eligible,eligible,missing_investment
2020,2020-06,45,SBT.HM,7157225057216,2020-06-30,2020-07-31,2021-06-30,True,6,SBT.HM,2020-05-04,7783594212444.0,-0.031295,,False,SBT.HM,Consumer Staples,1.0875156433143718,False,True,True,True,True,False,False,eligible,eligible,missing_investment
2020,2020-06,97,SCR.HM,2117539588755,2020-06-30,2020-07-31,2021-06-30,True,6,SCR.HM,2020-04-29,4785182064136.0,0.013455,,False,SCR.HM,Real Estate,2.2597839915472044,False,True,True,True,True,False,False,eligible,eligible,missing_investment
2020,2020-06,66,SCS.HM,4127862073924,2020-06-30,2020-07-31,2021-06-30,True,6,SCS.HM,2020-04-21,1125720645541.0,0.138873,,False,SCS.HM,Industrials,0.2727127567203027,False,True,True,True,True,False,False,eligible,eligible,missing_investment
2020,2020-06,29,SHB.HM,21058883513265,2020-06-30,2020-07-31,2021-06-30,True,6,SHB.HM,2020-05-05,19204365000000.0,0.094847,,False,SHB.HM,Financials,0.9119365225560587,True,True,True,True,True,False,False,eligible,eligible,missing_investment
2020,2020-06,57,SIP.HM,4933966806383,2020-06-30,2020-07-31,2021-06-30,True,6,SIP.HM,2020-05-04,1866564187830.0,,,False,SIP.HM,Real Estate,0.3783090282276025,False,True,True,True,False,False,False,eligible,missing_operating_profitability,missing_investment
2020,2020-06,86,SJS.HM,2670895716943,2020-06-30,2020-07-31,2021-06-30,True,6,SJS.HM,2020-04-29,2241247516895.0,0.028091,,False,SJS.HM,Real Estate,0.8391370365669844,False,True,True,True,True,False,False,eligible,eligible,missing_investment
2020,2020-06,46,SSI.HM,6787393022537,2020-06-30,2020-07-31,2021-06-30,True,6,SSI.HM,2020-05-04,9280116093365.0,0.045986,,False,SSI.HM,Financials,1.3672578061342715,True,True,True,True,True,False,False,eligible,eligible,missing_investment
2020,2020-06,30,STB.HM,19389274361750,2020-06-30,2020-07-31,2021-06-30,True,6,STB.HM,2020-04-20,27546545000000.0,0.029197,,False,STB.HM,Financials,1.4207104652839497,True,True,True,True,True,False,False,eligible,eligible,missing_investment
2020,2020-06,9,TCB.HM,66661890095249,2020-06-30,2020-07-31,2021-06-30,True,6,TCB.HM,2020-04-29,64590770000000.0,0.045694,,False,TCB.HM,Financials,0.9689309725198354,True,True,True,True,True,False,False,eligible,eligible,missing_investment
2020,2020-06,51,TCH.HM,5830281436321,2020-06-30,2020-07-31,2021-06-30,True,6,TCH.HM,2020-05-27,4720347588195.0,0.008677,,False,TCH.HM,Industrials,0.8096260257332645,False,True,True,True,True,False,False,eligible,eligible,missing_investment
2020,2020-06,99,TLG.HM,2043883183788,2020-06-30,2020-07-31,2021-06-30,True,6,TLG.HM,2020-04-29,1729586339383.0,0.043717,,False,TLG.HM,Industrials,0.8462256322191062,False,True,True,True,True,False,False,eligible,eligible,missing_investment
2020,2020-06,31,TPB.HM,13750547476670,2020-06-30,2020-07-31,2021-06-30,True,6,TPB.HM,2020-04-20,13862837000000.0,0.06671,,False,TPB.HM,Financials,1.0081661856388275,True,True,True,True,True,False,False,eligible,eligible,missing_investment
2020,2020-06,53,VBB.HM,5447254412401,2020-06-30,2020-07-31,2021-06-30,True,6,VBB.HM,2020-04-23,5188865000000.0,0.012859,,False,VBB.HM,Financials,0.9525652020561476,True,True,True,True,True,False,False,eligible,eligible,missing_investment
2020,2020-06,2,VCB.HM,289714740130440,2020-06-30,2020-07-31,2021-06-30,True,6,VCB.HM,2020-04-22,85071986000000.0,0.123053,,False,VCB.HM,Financials,0.2936405167431161,True,True,True,True,True,False,False,eligible,eligible,missing_investment
2020,2020-06,75,VCF.HM,3678361490092,2020-06-30,2020-07-31,2021-06-30,True,6,VCF.HM,2020-05-04,1545036131434.0,0.177559,,False,VCF.HM,Consumer Staples,0.4200337937409618,False,True,True,True,True,False,False,eligible,eligible,missing_investment
2020,2020-06,35,VCG.HM,10124183840192,2020-06-30,2020-07-31,2021-06-30,True,6,VCG.HM,2020-05-07,7671598309151.0,0.03532,,False,VCG.HM,Industrials,0.7577498028725556,False,True,True,True,True,False,False,eligible,eligible,missing_investment
2020,2020-06,49,VGC.HM,6069921723845,2020-06-30,2020-07-31,2021-06-30,True,6,VGC.HM,2020-04-28,7168151656574.0,0.021524,,False,VGC.HM,Industrials,1.180929834468001,False,True,True,True,True,False,False,eligible,eligible,missing_investment
2020,2020-06,54,VHC.HM,5257570293649,2020-06-30,2020-07-31,2021-06-30,True,6,VHC.HM,2020-04-20,5029417714201.0,0.115752,,False,VHC.HM,Consumer Staples,0.9566049397906098,False,True,True,True,True,False,False,eligible,eligible,missing_investment
2020,2020-06,5,VHM.HM,114934631923835,2020-06-30,2020-07-31,2021-06-30,True,6,VHM.HM,2020-04-28,72338579000000.0,0.036949,,False,VHM.HM,Real Estate,0.6293888777399783,False,True,True,True,True,False,False,eligible,eligible,missing_investment
2020,2020-06,33,VIB.HM,11825472108398,2020-06-30,2020-07-31,2021-06-30,True,6,VIB.HM,2020-04-21,14284804000000.0,0.07662,,False,VIB.HM,Financials,1.2079690239052254,True,True,True,True,True,False,False,eligible,eligible,missing_investment
2020,2020-06,1,VIC.HM,301036342833983,2020-06-30,2020-07-31,2021-06-30,True,6,VIC.HM,2020-04-29,122112342000000.0,0.055014,,False,VIC.HM,Real Estate,0.4056398667696515,False,True,True,True,True,False,False,eligible,eligible,missing_investment
2020,2020-06,15,VJC.HM,43518911634131,2020-06-30,2020-07-31,2021-06-30,True,6,VJC.HM,2020-05-15,13753711508856.0,0.14254,,False,VJC.HM,Industrials,0.3160398776625021,False,True,True,True,True,False,False,eligible,eligible,missing_investment
2020,2020-06,91,VND.HM,2389924195381,2020-06-30,2020-07-31,2021-06-30,True,6,VND.HM,2020-04-29,3306660899260.0,0.067037,,False,VND.HM,Financials,1.3835840089199376,True,True,True,True,True,False,False,eligible,eligible,missing_investment
2020,2020-06,3,VNM.HM,143177909992769,2020-06-30,2020-07-31,2021-06-30,True,6,VNM.HM,2020-04-29,32246764035922.0,0.099421,,False,VNM.HM,Consumer Staples,0.22522164234378458,False,True,True,True,True,False,False,eligible,eligible,missing_investment
2020,2020-06,16,VPB.HM,43157025374684,2020-06-30,2020-07-31,2021-06-30,True,6,VPB.HM,2020-04-21,44523737000000.0,0.112,,False,VPB.HM,Financials,1.0316683463109513,True,True,True,True,True,False,False,eligible,eligible,missing_investment
2020,2020-06,50,VPI.HM,6056709844311,2020-06-30,2020-07-31,2021-06-30,True,6,VPI.HM,2020-04-29,2693492327274.0,0.170988,,False,VPI.HM,Real Estate,0.44471212861616066,False,True,True,True,True,False,False,eligible,eligible,missing_investment
2020,2020-06,13,VRE.HM,56353496568000,2020-06-30,2020-07-31,2021-06-30,True,6,VRE.HM,2020-04-28,27445705000000.0,0.031549,,False,VRE.HM,Real Estate,0.4870275434796158,False,True,True,True,True,False,False,eligible,eligible,missing_investment
2020,2020-06,83,VSH.HM,2820676360547,2020-06-30,2020-07-31,2021-06-30,True,6,VSH.HM,2020-04-29,3148025829147.0,0.007267,,False,VSH.HM,Utilities,1.1160535370802054,False,True,True,True,True,False,False,eligible,eligible,missing_investment
2020,2020-06,43,VTP.HM,7233204085703,2020-06-30,2020-07-31,2021-06-30,True,6,VTP.HM,2020-05-05,1066160994280.0,0.156355,,False,VTP.HM,Industrials,0.14739816292303318,False,True,True,True,True,False,False,eligible,eligible,missing_investment
2021,2021-06,87,AAA.HM,5400348994974,2021-06-30,2021-07-31,2022-06-30,True,8,AAA.HM,2021-04-29,4127655391361.0,0.025845,0.060868,False,AAA.HM,Materials,0.7643312302968805,False,True,True,True,True,True,False,eligible,eligible,eligible
2021,2021-06,16,ACB.HM,87415890525933,2021-06-30,2021-07-31,2022-06-30,True,8,ACB.HM,2021-04-23,37929335000000.0,0.044615,0.164518,False,ACB.HM,Financials,0.4338951965346369,True,True,True,True,True,True,False,eligible,eligible,eligible
2021,2021-06,56,APH.HM,11433296124640,2021-06-30,2021-07-31,2022-06-30,True,8,APH.HM,2021-04-29,4468033806171.0,,,False,APH.HM,Materials,0.39079140061297807,False,True,True,True,False,False,False,eligible,missing_operating_profitability,missing_investment
2021,2021-06,25,BCM.HM,52418421139410,2021-06-30,2021-07-31,2022-06-30,True,8,BCM.HM,2021-04-29,17032817299126.0,0.03063,-0.036947,False,BCM.HM,Real Estate,0.3249395332573291,False,True,True,True,True,True,False,eligible,eligible,eligible
2021,2021-06,49,BHN.HM,13250106480594,2021-06-30,2021-07-31,2022-06-30,True,8,BHN.HM,2021-04-29,5118494670488.0,0.028286,-0.15546,False,BHN.HM,Consumer Staples,0.3862983801665674,False,True,True,True,True,True,False,eligible,eligible,eligible
2021,2021-06,8,BID.HM,173093812285973,2021-06-30,2021-07-31,2022-06-30,True,8,BID.HM,2021-04-29,82263294000000.0,0.071123,0.134889,False,BID.HM,Financials,0.4752526558493643,True,True,True,True,True,True,False,eligible,eligible,eligible
2021,2021-06,21,BSR.HM,60178349709447,2021-06-30,2021-07-31,2022-06-30,True,8,BSR.HM,2021-05-05,32910835629251.0,0.049086,0.006998,False,BSR.HM,Energy,0.5468883043179322,False,True,True,True,True,True,False,eligible,eligible,eligible
2021,2021-06,69,BVB.HM,8516489218620,2021-06-30,2021-07-31,2022-06-30,True,8,BVB.HM,2021-05-07,4024644000000.0,0.020257,0.11293,False,BVB.HM,Financials,0.47257078552987913,True,True,True,True,True,True,False,eligible,eligible,eligible
2021,2021-06,32,BVH.HM,37519582347562,2021-06-30,2021-07-31,2022-06-30,True,8,BVH.HM,2021-05-04,21267188664667.0,0.609772,0.133099,False,BVH.HM,Financials,0.566829035239752,True,True,True,True,True,True,False,eligible,eligible,eligible
2021,2021-06,81,BWE.HM,6093324450072,2021-06-30,2021-07-31,2022-06-30,True,8,BWE.HM,2021-04-26,3488397005901.0,0.076273,-0.549464,False,BWE.HM,Utilities,0.5724948727881675,False,True,True,True,True,True,False,eligible,eligible,eligible
2021,2021-06,99,CTD.HM,4610243107131,2021-06-30,2021-07-31,2022-06-30,True,8,CTD.HM,2021-04-29,8375066730366.0,0.031594,-0.03712,False,CTD.HM,Industrials,1.8166214960360056,False,True,True,True,True,True,False,eligible,eligible,eligible
2021,2021-06,4,CTG.HM,189998190231221,2021-06-30,2021-07-31,2022-06-30,True,8,CTG.HM,2021-04-29,91837105000000.0,0.057311,0.065638,False,CTG.HM,Financials,0.4833577882412329,True,True,True,True,True,True,False,eligible,eligible,eligible
2021,2021-06,83,CTR.HM,5890354835435,2021-06-30,2021-07-31,2022-06-30,True,8,CTR.HM,2021-05-05,1143032605164.0,0.092009,0.052902,False,CTR.HM,Industrials,0.19405157025308264,False,True,True,True,True,True,False,eligible,eligible,eligible
2021,2021-06,74,DBC.HM,7027185105684,2021-06-30,2021-07-31,2022-06-30,True,8,DBC.HM,2021-04-20,4529060191194.0,0.090677,0.148732,False,DBC.HM,Consumer Staples,0.6445056054565333,False,True,True,True,True,True,False,eligible,eligible,eligible
2021,2021-06,68,DCM.HM,8577572763036,2021-06-30,2021-07-31,2022-06-30,True,8,DCM.HM,2021-04-28,6458299949955.0,0.02046,-0.077783,False,DCM.HM,Materials,0.7529286114349567,False,True,True,True,True,True,False,eligible,eligible,eligible
2021,2021-06,53,DGC.HM,11748042130470,2021-06-30,2021-07-31,2022-06-30,True,8,DGC.HM,2021-04-19,4305754630086.0,0.053603,-0.001721,False,DGC.HM,Materials,0.3665082728056016,False,True,True,True,True,True,False,eligible,eligible,eligible
2021,2021-06,91,DGW.HM,5310892880493,2021-06-30,2021-07-31,2022-06-30,True,8,DGW.HM,2021-04-29,1265479210468.0,0.052489,0.081733,False,DGW.HM,Information Technology,0.23827993502111983,False,True,True,True,True,True,False,eligible,eligible,eligible
2021,2021-06,64,DHG.HM,9487930495891,2021-06-30,2021-07-31,2022-06-30,True,8,DHG.HM,2021-04-22,3771995116540.0,0.07534,-0.014062,False,DHG.HM,Health Care,0.3975572036677084,False,True,True,True,True,True,False,eligible,eligible,eligible
2021,2021-06,59,DIG.HM,10504662565749,2021-06-30,2021-07-31,2022-06-30,True,8,DIG.HM,2021-04-29,4810658667889.0,0.087498,0.19981,False,DIG.HM,Industrials,0.45795461184773356,False,True,True,True,True,True,False,eligible,eligible,eligible
2021,2021-06,79,DPM.HM,6365700345319,2021-06-30,2021-07-31,2022-06-30,True,8,DPM.HM,2021-04-27,8149506859764.0,0.035711,0.027487,False,DPM.HM,Materials,1.2802215652134359,False,True,True,True,True,True,False,eligible,eligible,eligible
2021,2021-06,58,DXG.HM,10911302879891,2021-06-30,2021-07-31,2022-06-30,True,8,DXG.HM,2021-04-22,9679544448677.0,0.069044,0.448097,False,DXG.HM,Real Estate,0.887111700154152,False,True,True,True,True,True,False,eligible,eligible,eligible
2021,2021-06,33,EIB.HM,36688777243414,2021-06-30,2021-07-31,2022-06-30,True,8,EIB.HM,2021-04-29,16992637000000.0,0.031044,0.097518,False,EIB.HM,Financials,0.4631562640330388,True,True,True,True,True,True,False,eligible,eligible,eligible
2021,2021-06,19,FPT.HM,66397239674646,2021-06-30,2021-07-31,2022-06-30,True,8,FPT.HM,2021-04-23,19730300427822.0,0.066063,0.122226,False,FPT.HM,Information Technology,0.2971554318297373,False,True,True,True,True,True,False,eligible,eligible,eligible
2021,2021-06,9,GAS.HM,150860386614033,2021-06-30,2021-07-31,2022-06-30,True,8,GAS.HM,2021-04-28,51576578924572.0,0.075915,-0.006957,False,GAS.HM,Utilities,0.3418828499792162,False,True,True,True,True,True,False,eligible,eligible,eligible
2021,2021-06,100,GEG.HM,4593671815913,2021-06-30,2021-07-31,2022-06-30,True,8,GEG.HM,2021-04-29,3336365076233.0,0.031264,0.550998,False,GEG.HM,Utilities,0.7262959153232177,False,True,True,True,True,True,False,eligible,eligible,eligible
2021,2021-06,45,GEX.HM,16221973747692,2021-06-30,2021-07-31,2022-06-30,True,8,GEX.HM,2021-05-04,8580731839100.0,0.027934,0.230999,False,GEX.HM,Industrials,0.5289573249568865,False,True,True,True,True,True,False,eligible,eligible,eligible
2021,2021-06,57,GMD.HM,10948577147029,2021-06-30,2021-07-31,2022-06-30,True,8,GMD.HM,2021-05-04,6755926692863.0,0.002689,0.013606,False,GMD.HM,Industrials,0.6170597879648941,False,True,True,True,True,True,False,eligible,eligible,eligible
2021,2021-06,12,GVR.HM,130850673960000,2021-06-30,2021-07-31,2022-06-30,True,8,GVR.HM,2021-04-27,52137156673305.0,0.021734,0.014783,False,GVR.HM,Materials,0.39844775036652014,False,True,True,True,True,True,False,eligible,eligible,eligible
2021,2021-06,85,HAG.HM,5471655769700,2021-06-30,2021-07-31,2022-06-30,True,8,HAG.HM,2021-04-29,4744055209000.0,-0.042038,-0.302132,False,HAG.HM,Consumer Staples,0.867023696057566,False,True,True,True,True,True,False,eligible,eligible,eligible
2021,2021-06,55,HCM.HM,11643911428511,2021-06-30,2021-07-31,2022-06-30,True,8,HCM.HM,2021-04-16,4762167799069.0,0.039819,0.424704,False,HCM.HM,Financials,0.4089835128261515,True,True,True,True,True,True,False,eligible,eligible,eligible
2021,2021-06,26,HDB.HM,51555687088701,2021-06-30,2021-07-31,2022-06-30,True,8,HDB.HM,2021-04-23,26411472000000.0,0.088781,0.062112,False,HDB.HM,Financials,0.5122901757580953,True,True,True,True,True,True,False,eligible,eligible,eligible
2021,2021-06,76,HDG.HM,6437496427330,2021-06-30,2021-07-31,2022-06-30,True,8,HDG.HM,2021-05-04,4354200083981.0,0.10088,0.250158,False,HDG.HM,Industrials,0.6763809709463307,False,True,True,True,True,True,False,eligible,eligible,eligible
2021,2021-06,96,HHV.HM,4866387911925,2021-06-30,2021-07-31,2022-06-30,True,8,HHV.HM,2021-05-05,7443787025605.0,-0.012205,,False,HHV.HM,Industrials,1.529632894115187,False,True,True,True,True,False,False,eligible,eligible,missing_investment
2021,2021-06,3,HPG.HM,202337516490627,2021-06-30,2021-07-31,2022-06-30,True,8,HPG.HM,2021-04-26,66221560358804.0,0.047101,0.301101,False,HPG.HM,Materials,0.32728265873457835,False,True,True,True,True,True,False,eligible,eligible,eligible
2021,2021-06,65,HPX.HM,9177959661683,2021-06-30,2021-07-31,2022-06-30,True,8,HPX.HM,2021-04-29,3688837149071.0,0.036268,-0.095905,False,HPX.HM,Real Estate,0.40192344323232326,False,True,True,True,True,True,False,eligible,eligible,eligible
2021,2021-06,47,HSG.HM,14922953803177,2021-06-30,2021-07-31,2022-06-30,True,8,HSG.HM,2021-05-18,8144885034869.0,0.039542,-0.156754,False,HSG.HM,Materials,0.5457957682034107,False,True,True,True,True,True,False,eligible,eligible,eligible
2021,2021-06,88,HT1.HM,5382583951234,2021-06-30,2021-07-31,2022-06-30,True,8,HT1.HM,2021-04-20,5477191305197.0,0.051789,-0.032543,False,HT1.HM,Materials,1.017576568209644,False,True,True,True,True,True,False,eligible,eligible,eligible
2021,2021-06,31,HVN.HM,39144860101266,2021-06-30,2021-07-31,2022-06-30,True,8,HVN.HM,2021-04-29,1030377592715.0,-0.030306,-0.07204,False,HVN.HM,Industrials,0.026322168224626664,False,True,True,True,True,True,False,eligible,eligible,eligible
2021,2021-06,84,IJC.HM,5721594039690,2021-06-30,2021-07-31,2022-06-30,True,8,IJC.HM,2021-04-19,3363596259383.0,0.039621,-0.069294,False,IJC.HM,Industrials,0.5878774754115974,False,True,True,True,True,True,False,eligible,eligible,eligible
2021,2021-06,95,IMP.HM,4951365706381,2021-06-30,2021-07-31,2022-06-30,True,8,IMP.HM,2021-04-22,1772341662982.0,0.045474,0.041103,False,IMP.HM,Health Care,0.3579500622823963,False,True,True,True,True,True,False,eligible,eligible,eligible
2021,2021-06,42,KBC.HM,18038791267200,2021-06-30,2021-07-31,2022-06-30,True,8,KBC.HM,2021-04-29,11367533678606.0,0.048278,-0.028193,False,KBC.HM,Real Estate,0.6301715846823743,False,True,True,True,True,True,False,eligible,eligible,eligible
2021,2021-06,51,KDC.HM,12015342332733,2021-06-30,2021-07-31,2022-06-30,True,8,KDC.HM,2021-04-20,7833798052931.0,-0.002161,-0.048049,False,KDC.HM,Consumer Staples,0.6519829261617992,False,True,True,True,True,True,False,eligible,eligible,eligible
2021,2021-06,40,KDH.HM,23396904673006,2021-06-30,2021-07-31,2022-06-30,True,8,KDH.HM,2021-04-29,8363886027000.0,0.068824,0.294238,False,KDH.HM,Real Estate,0.3574783136441877,False,True,True,True,True,True,False,eligible,eligible,eligible
2021,2021-06,70,KLB.HM,8349285099749,2021-06-30,2021-07-31,2022-06-30,True,8,KLB.HM,2021-04-23,4442805000000.0,-0.032622,0.207808,False,KLB.HM,Financials,0.5321180133294959,True,True,True,True,True,True,False,eligible,eligible,eligible
2021,2021-06,97,KOS.HM,4769405581500,2021-06-30,2021-07-31,2022-06-30,True,8,KOS.HM,2021-04-20,1728345995641.0,0.002989,,False,KOS.HM,Real Estate,0.3623818453069003,False,True,True,True,True,False,False,eligible,eligible,missing_investment
2021,2021-06,63,LGC.HM,9682782205615,2021-06-30,2021-07-31,2022-06-30,True,8,LGC.HM,2021-04-28,4535612244229.0,0.009007,0.20267,False,LGC.HM,Industrials,0.4684203514976119,False,True,True,True,True,True,False,eligible,eligible,eligible
2021,2021-06,37,LPB.HM,29980909554077,2021-06-30,2021-07-31,2022-06-30,True,8,LPB.HM,2021-04-22,15108700000000.0,0.040895,0.153994,False,LPB.HM,Financials,0.503944017200286,True,True,True,True,True,True,False,eligible,eligible,eligible
2021,2021-06,14,MBB.HM,92089361997746,2021-06-30,2021-07-31,2022-06-30,True,8,MBB.HM,2021-04-27,53723765000000.0,0.077566,0.135686,False,MBB.HM,Financials,0.5833873080944458,True,True,True,True,True,True,False,eligible,eligible,eligible
2021,2021-06,20,MCH.HM,64446682729168,2021-06-30,2021-07-31,2022-06-30,True,8,MCH.HM,2021-05-04,15177836347781.0,0.12925,0.200366,False,MCH.HM,Consumer Staples,0.23550997049087283,False,True,True,True,True,True,False,eligible,eligible,eligible
2021,2021-06,34,MSB.HM,34941403560059,2021-06-30,2021-07-31,2022-06-30,True,8,MSB.HM,2021-04-29,17781310000000.0,0.028997,0.139431,False,MSB.HM,Financials,0.508889403066955,True,True,True,True,True,True,False,eligible,eligible,eligible
2021,2021-06,13,MSN.HM,129437352664435,2021-06-30,2021-07-31,2022-06-30,True,8,MSN.HM,2021-04-29,25405101000000.0,0.038876,0.506648,False,MSN.HM,Consumer Staples,0.19627333591921076,False,True,True,True,True,True,False,eligible,eligible,eligible
2021,2021-06,18,MWG.HM,69395823708707,2021-06-30,2021-07-31,2022-06-30,True,8,MWG.HM,2021-05-04,16953524255179.0,0.090105,0.483085,False,MWG.HM,Consumer Discretionary,0.24430179438956445,False,True,True,True,True,True,False,eligible,eligible,eligible
2021,2021-06,62,NAB.HM,10133127227398,2021-06-30,2021-07-31,2022-06-30,True,8,NAB.HM,2021-05-04,6966721000000.0,0.065025,0.261507,False,NAB.HM,Financials,0.687519345574123,True,True,True,True,True,True,False,eligible,eligible,eligible
2021,2021-06,90,NKG.HM,5358161090983,2021-06-30,2021-07-31,2022-06-30,True,8,NKG.HM,2021-04-20,3499807786851.0,0.00473,-0.007099,False,NKG.HM,Materials,0.6531733046885552,False,True,True,True,True,True,False,eligible,eligible,eligible
2021,2021-06,61,NLG.HM,10235390250985,2021-06-30,2021-07-31,2022-06-30,True,8,NLG.HM,2021-04-22,9800568476631.0,0.060252,0.138911,False,NLG.HM,Real Estate,0.9575178118575249,False,True,True,True,True,True,False,eligible,eligible,eligible
2021,2021-06,7,NVL.HM,178306331248516,2021-06-30,2021-07-31,2022-06-30,True,8,NVL.HM,2021-04-29,37758920568046.0,-0.012155,0.301743,False,NVL.HM,Real Estate,0.21176432885840255,False,True,True,True,True,True,False,eligible,eligible,eligible
2021,2021-06,36,OCB.HM,31912623563437,2021-06-30,2021-07-31,2022-06-30,True,8,OCB.HM,2021-04-15,18463379087690.0,0.085476,,False,OCB.HM,Financials,0.5785603634557925,True,True,True,True,True,False,False,eligible,eligible,missing_investment
2021,2021-06,92,ORS.HM,5080001882856,2021-06-30,2021-07-31,2022-06-30,True,8,ORS.HM,2021-04-20,1057385458533.0,0.091905,3.573756,False,ORS.HM,Financials,0.20814666665803147,True,True,True,True,True,True,False,eligible,eligible,eligible
2021,2021-06,94,PAN.HM,5047681893433,2021-06-30,2021-07-31,2022-06-30,True,8,PAN.HM,2021-04-29,6088491192970.0,0.025359,0.140464,False,PAN.HM,Consumer Staples,1.2061955015214183,False,True,True,True,True,True,False,eligible,eligible,eligible
2021,2021-06,93,PC1.HM,5066467642889,2021-06-30,2021-07-31,2022-06-30,True,8,PC1.HM,2021-04-29,5152088740050.0,0.020789,0.260481,False,PC1.HM,Industrials,1.016899564587405,False,True,True,True,True,True,False,eligible,eligible,eligible
2021,2021-06,30,PDR.HM,45464506308501,2021-06-30,2021-07-31,2022-06-30,True,8,PDR.HM,2021-04-20,6867628972286.0,0.137186,0.262625,False,PDR.HM,Real Estate,0.15105473543879402,False,True,True,True,True,True,False,eligible,eligible,eligible
2021,2021-06,46,PGV.HM,15182390597963,2021-06-30,2021-07-31,2022-06-30,True,8,PGV.HM,2021-05-04,15754242684095.0,0.025707,,False,PGV.HM,Utilities,1.0376654837353958,False,True,True,True,True,False,False,eligible,eligible,missing_investment
2021,2021-06,80,PHR.HM,6133818099299,2021-06-30,2021-07-31,2022-06-30,True,8,PHR.HM,2021-04-20,3317389206611.0,0.008799,0.150803,False,PHR.HM,Materials,0.5408359284391113,False,True,True,True,True,True,False,eligible,eligible,eligible
2021,2021-06,22,PLX.HM,59826904228320,2021-06-30,2021-07-31,2022-06-30,True,8,PLX.HM,2021-05-05,26477615549430.0,0.037774,0.097352,False,PLX.HM,Energy,0.4425703768388605,False,True,True,True,True,True,False,eligible,eligible,eligible
2021,2021-06,48,PNJ.HM,13688551415972,2021-06-30,2021-07-31,2022-06-30,True,8,PNJ.HM,2021-04-22,5752949273818.0,0.10921,0.336301,False,PNJ.HM,Consumer Discretionary,0.42027451254669473,False,True,True,True,True,True,False,eligible,eligible,eligible
2021,2021-06,39,POW.HM,27756960293362,2021-06-30,2021-07-31,2022-06-30,True,8,POW.HM,2021-04-29,31543505924155.0,0.014173,,False,POW.HM,Utilities,1.1364178782825345,False,True,True,True,True,False,False,eligible,eligible,missing_investment
2021,2021-06,89,PPC.HM,5375129251636,2021-06-30,2021-07-31,2022-06-30,True,8,PPC.HM,2021-04-15,6237671584113.0,0.085391,0.040243,False,PPC.HM,Utilities,1.1604691333170216,False,True,True,True,True,True,False,eligible,eligible,eligible
2021,2021-06,67,PVD.HM,9060328345168,2021-06-30,2021-07-31,2022-06-30,True,8,PVD.HM,2021-04-29,13906383787230.0,0.002176,-0.005336,False,PVD.HM,Energy,1.5348653224743747,False,True,True,True,True,True,False,eligible,eligible,eligible
2021,2021-06,77,PVT.HM,6401064977500,2021-06-30,2021-07-31,2022-06-30,True,8,PVT.HM,2021-04-27,6453647349991.0,0.03518,0.077931,False,PVT.HM,Energy,1.0082146287650304,False,True,True,True,True,True,False,eligible,eligible,eligible
2021,2021-06,44,REE.HM,16597344361208,2021-06-30,2021-07-31,2022-06-30,True,8,REE.HM,2021-04-29,12627484663949.0,0.017254,0.266012,False,REE.HM,Industrials,0.7608135608406414,False,True,True,True,True,True,False,eligible,eligible,eligible
2021,2021-06,15,SAB.HM,88369415767850,2021-06-30,2021-07-31,2022-06-30,True,8,SAB.HM,2021-04-29,21181019750926.0,0.068049,0.205472,False,SAB.HM,Consumer Staples,0.23968722172577658,False,True,True,True,True,True,False,eligible,eligible,eligible
2021,2021-06,50,SBT.HM,12226711741536,2021-06-30,2021-07-31,2022-06-30,True,8,SBT.HM,2021-05-04,8200192005036.0,-0.022845,0.019558,False,SBT.HM,Consumer Staples,0.6706784439170754,False,True,True,True,True,True,False,eligible,eligible,eligible
2021,2021-06,86,SCS.HM,5442759922246,2021-06-30,2021-07-31,2022-06-30,True,8,SCS.HM,2021-04-20,1153034979700.0,0.145676,0.105554,False,SCS.HM,Industrials,0.2118474810890043,False,True,True,True,True,True,False,eligible,eligible,eligible
2021,2021-06,27,SHB.HM,51012974371368,2021-06-30,2021-07-31,2022-06-30,True,8,SHB.HM,2021-05-05,25612349000000.0,0.102332,0.129853,False,SHB.HM,Financials,0.5020751939211648,True,True,True,True,True,True,False,eligible,eligible,eligible
2021,2021-06,52,SIP.HM,11905293415502,2021-06-30,2021-07-31,2022-06-30,True,8,SIP.HM,2021-05-04,3009180523002.0,0.173729,,False,SIP.HM,Real Estate,0.25275987898657887,False,True,True,True,True,False,False,eligible,eligible,missing_investment
2021,2021-06,75,SJS.HM,6549104636244,2021-06-30,2021-07-31,2022-06-30,True,8,SJS.HM,2021-04-29,2180192344946.0,0.050108,0.031139,False,SJS.HM,Real Estate,0.33289929937603957,False,True,True,True,True,True,False,eligible,eligible,eligible
2021,2021-06,29,SSB.HM,49739861031231,2021-06-30,2021-07-31,2022-06-30,True,8,SSB.HM,2021-04-20,14225440000000.0,,,False,SSB.HM,Financials,0.2859967781387253,True,True,True,True,False,False,False,eligible,missing_operating_profitability,missing_investment
2021,2021-06,38,SSI.HM,29802291735530,2021-06-30,2021-07-31,2022-06-30,True,8,SSI.HM,2021-04-29,11447215220302.0,0.033558,0.135085,False,SSI.HM,Financials,0.3841051997573308,True,True,True,True,True,True,False,eligible,eligible,eligible
2021,2021-06,24,STB.HM,55191794927400,2021-06-30,2021-07-31,2022-06-30,True,8,STB.HM,2021-05-04,29733870000000.0,0.022985,0.117083,False,STB.HM,Financials,0.5387371445178095,True,True,True,True,True,True,False,eligible,eligible,eligible
2021,2021-06,5,TCB.HM,179941969264968,2021-06-30,2021-07-31,2022-06-30,True,8,TCB.HM,2021-04-26,79092765000000.0,0.059245,0.195367,False,TCB.HM,Financials,0.4395459565274313,True,True,True,True,True,True,False,eligible,eligible,eligible
2021,2021-06,73,TCH.HM,7116406024089,2021-06-30,2021-07-31,2022-06-30,True,8,TCH.HM,2021-05-10,8859986123666.0,0.060554,0.572092,False,TCH.HM,Industrials,1.2450085188612046,False,True,True,True,True,True,False,eligible,eligible,eligible
2021,2021-06,82,TCM.HM,6008971759393,2021-06-30,2021-07-31,2022-06-30,True,8,TCM.HM,2021-04-20,1668431433540.0,0.050924,-0.099935,False,TCM.HM,Consumer Discretionary,0.27765672736470604,False,True,True,True,True,True,False,eligible,eligible,eligible
2021,2021-06,35,TPB.HM,32194165307046,2021-06-30,2021-07-31,2022-06-30,True,8,TPB.HM,2021-04-20,17949826000000.0,0.087482,0.207514,False,TPB.HM,Financials,0.5575490412255387,True,True,True,True,True,True,False,eligible,eligible,eligible
2021,2021-06,66,VBB.HM,9075963273270,2021-06-30,2021-07-31,2022-06-30,True,8,VBB.HM,2021-04-22,5387700000000.0,0.034481,0.333954,False,VBB.HM,Financials,0.5936229398225465,True,True,True,True,True,True,False,eligible,eligible,eligible
2021,2021-06,1,VCB.HM,423384856636704,2021-06-30,2021-07-31,2022-06-30,True,8,VCB.HM,2021-05-04,101007679000000.0,0.088004,0.138532,False,VCB.HM,Financials,0.2385717803002864,True,True,True,True,True,True,False,eligible,eligible,eligible
2021,2021-06,98,VCF.HM,4635054985506,2021-06-30,2021-07-31,2022-06-30,True,8,VCF.HM,2021-05-04,1574761507473.0,0.203172,0.003921,False,VCF.HM,Consumer Staples,0.33975034004932875,False,True,True,True,True,True,False,eligible,eligible,eligible
2021,2021-06,41,VCG.HM,19733423255524,2021-06-30,2021-07-31,2022-06-30,True,8,VCG.HM,2021-04-29,7693170918814.0,0.025383,-0.038178,False,VCG.HM,Industrials,0.38985485788232116,False,True,True,True,True,True,False,eligible,eligible,eligible
2021,2021-06,54,VCI.HM,11668605436666,2021-06-30,2021-07-31,2022-06-30,True,8,VCI.HM,2021-04-20,4910901295895.0,0.055268,0.112591,False,VCI.HM,Financials,0.4208644574152438,True,True,True,True,True,True,False,eligible,eligible,eligible
2021,2021-06,60,VGC.HM,10471308258235,2021-06-30,2021-07-31,2022-06-30,True,8,VGC.HM,2021-04-26,7294873687793.0,0.028372,0.197768,False,VGC.HM,Industrials,0.6966535133808193,False,True,True,True,True,True,False,eligible,eligible,eligible
2021,2021-06,72,VHC.HM,7131993762170,2021-06-30,2021-07-31,2022-06-30,True,8,VHC.HM,2021-04-20,5371121758127.0,0.041675,0.049837,False,VHC.HM,Consumer Staples,0.7531024194968965,False,True,True,True,True,True,False,eligible,eligible,eligible
2021,2021-06,6,VHM.HM,179632934665674,2021-06-30,2021-07-31,2022-06-30,True,8,VHM.HM,2021-04-29,94604677000000.0,0.120457,0.64795,False,VHM.HM,Real Estate,0.5266555221406065,False,True,True,True,True,True,False,eligible,eligible,eligible
2021,2021-06,23,VIB.HM,56460419980532,2021-06-30,2021-07-31,2022-06-30,True,8,VIB.HM,2021-04-29,19325737000000.0,0.092093,0.325979,False,VIB.HM,Financials,0.3422882261000479,True,True,True,True,True,True,False,eligible,eligible,eligible
2021,2021-06,2,VIC.HM,405806279469779,2021-06-30,2021-07-31,2022-06-30,True,8,VIC.HM,2021-05-04,139774455000000.0,-0.014756,0.401259,False,VIC.HM,Real Estate,0.34443640246924573,False,True,True,True,True,True,False,eligible,eligible,eligible
2021,2021-06,28,VJC.HM,50619843709795,2021-06-30,2021-07-31,2022-06-30,True,8,VJC.HM,2021-05-05,14629565813435.0,-0.011672,0.250026,False,VJC.HM,Industrials,0.28900851407812944,False,True,True,True,True,True,False,eligible,eligible,eligible
2021,2021-06,43,VND.HM,17498865670321,2021-06-30,2021-07-31,2022-06-30,True,8,VND.HM,2021-04-23,4491709041048.0,0.051379,0.108887,False,VND.HM,Financials,0.25668572613059004,True,True,True,True,True,True,False,eligible,eligible,eligible
2021,2021-06,11,VNM.HM,140940189938342,2021-06-30,2021-07-31,2022-06-30,True,8,VNM.HM,2021-04-29,33963940621427.0,0.089781,0.196268,False,VNM.HM,Consumer Staples,0.24098123208352012,False,True,True,True,True,True,False,eligible,eligible,eligible
2021,2021-06,10,VPB.HM,143868251352469,2021-06-30,2021-07-31,2022-06-30,True,8,VPB.HM,2021-04-20,55995312000000.0,0.146897,0.166763,False,VPB.HM,Financials,0.38921243202445466,True,True,True,True,True,True,False,eligible,eligible,eligible
2021,2021-06,78,VPI.HM,6375950178751,2021-06-30,2021-07-31,2022-06-30,True,8,VPI.HM,2021-04-29,2964383559109.0,0.228912,0.334701,False,VPI.HM,Real Estate,0.4649320455778248,False,True,True,True,True,True,False,eligible,eligible,eligible
2021,2021-06,17,VRE.HM,72146109517500,2021-06-30,2021-07-31,2022-06-30,True,8,VRE.HM,2021-04-28,30116953000000.0,0.040792,-0.073545,False,VRE.HM,Real Estate,0.4174438954701325,False,True,True,True,True,True,False,eligible,eligible,eligible
2021,2021-06,71,VTP.HM,7831436878853,2021-06-30,2021-07-31,2022-06-30,True,8,VTP.HM,2021-05-05,1317241382157.0,0.163251,0.197444,False,VTP.HM,Industrials,0.16819919543933354,False,True,True,True,True,True,False,eligible,eligible,eligible
2022,2022-06,18,ACB.HM,73458731545249,2022-06-30,2022-07-31,2023-06-30,True,10,ACB.HM,2022-04-27,48203333000000.0,0.081272,0.159096,False,ACB.HM,Financials,0.6561960979452495,True,True,True,True,True,True,False,eligible,eligible,eligible
2022,2022-06,74,ACG.HM,7953369277581,2022-06-30,2022-07-31,2023-06-30,True,10,ACG.HM,2022-05-01,3852890388909.0,0.063059,0.06548,False,ACG.HM,Materials,0.4844349928236764,False,True,True,True,True,True,False,eligible,eligible,eligible
2022,2022-06,89,ANV.HM,5998520292530,2022-06-30,2022-07-31,2023-06-30,True,10,ANV.HM,2022-04-28,2542215577261.0,0.034524,0.169178,False,ANV.HM,Consumer Staples,0.4238071146357276,False,True,True,True,True,True,False,eligible,eligible,eligible
2022,2022-06,100,BAF.HM,4764863438456,2022-06-30,2022-07-31,2023-06-30,True,10,BAF.HM,2022-05-04,1542534050633.0,,,False,BAF.HM,Consumer Staples,0.3237310094101754,False,True,True,True,False,False,False,eligible,missing_operating_profitability,missing_investment
2022,2022-06,20,BCM.HM,65715442843185,2022-06-30,2022-07-31,2023-06-30,True,10,BCM.HM,2022-05-31,17530052480011.0,0.034691,0.126947,False,BCM.HM,Real Estate,0.266756970988425,False,True,True,True,True,True,False,eligible,eligible,eligible
2022,2022-06,59,BHN.HM,11064519617280,2022-06-30,2022-07-31,2023-06-30,True,10,BHN.HM,2022-04-29,4869328953404.0,-0.008558,-0.011334,False,BHN.HM,Consumer Staples,0.440084985325466,False,True,True,True,True,True,False,eligible,eligible,eligible
2022,2022-06,5,BID.HM,155065458766580,2022-06-30,2022-07-31,2023-06-30,True,10,BID.HM,2022-05-09,89837725000000.0,0.085764,0.017939,False,BID.HM,Financials,0.5793535563276713,True,True,True,True,True,True,False,eligible,eligible,eligible
2022,2022-06,16,BSR.HM,81670617463536,2022-06-30,2022-07-31,2023-06-30,True,10,BSR.HM,2022-04-28,39876036714550.0,0.041392,0.043127,False,BSR.HM,Energy,0.4882543802531395,False,True,True,True,True,True,False,eligible,eligible,eligible
2022,2022-06,99,BVB.HM,4808879688309,2022-06-30,2022-07-31,2023-06-30,True,10,BVB.HM,2022-04-28,4779401000000.0,0.032045,0.179369,False,BVB.HM,Financials,0.993869946802648,True,True,True,True,True,True,False,eligible,eligible,eligible
2022,2022-06,33,BVH.HM,34209341542650,2022-06-30,2022-07-31,2023-06-30,True,10,BVH.HM,2022-04-29,22527184452951.0,0.457089,0.141725,False,BVH.HM,Financials,0.6585097355605504,True,True,True,True,True,True,False,eligible,eligible,eligible
2022,2022-06,64,BWE.HM,9034003755018,2022-06-30,2022-07-31,2023-06-30,True,10,BWE.HM,2022-04-26,3967740518173.0,0.052476,0.328372,False,BWE.HM,Utilities,0.43920067179173916,False,True,True,True,True,True,False,eligible,eligible,eligible
2022,2022-06,88,CMG.HM,6341502847772,2022-06-30,2022-07-31,2023-06-30,True,10,CMG.HM,2022-05-11,2689874436917.0,0.039915,0.079807,False,CMG.HM,Information Technology,0.42416986974342374,False,True,True,True,True,True,False,eligible,eligible,eligible
2022,2022-06,8,CTG.HM,124660536813569,2022-06-30,2022-07-31,2023-06-30,True,10,CTG.HM,2022-04-28,98296423000000.0,0.076262,0.081243,False,CTG.HM,Financials,0.7885127524118015,True,True,True,True,True,True,False,eligible,eligible,eligible
2022,2022-06,85,CTR.HM,6427966592437,2022-06-30,2022-07-31,2023-06-30,True,10,CTR.HM,2022-04-29,1403376175285.0,0.125649,0.587429,False,CTR.HM,Industrials,0.21832350170210602,False,True,True,True,True,True,False,eligible,eligible,eligible
2022,2022-06,54,DCM.HM,13376928951953,2022-06-30,2022-07-31,2023-06-30,True,10,DCM.HM,2022-04-29,8972810919256.0,0.03454,-0.143043,False,DCM.HM,Materials,0.67076762921328,False,True,True,True,True,True,False,eligible,eligible,eligible
2022,2022-06,29,DGC.HM,36622814884758,2022-06-30,2022-07-31,2023-06-30,True,10,DGC.HM,2022-04-20,7611589983458.0,0.067713,0.244457,False,DGC.HM,Materials,0.2078373824461499,False,True,True,True,True,True,False,eligible,eligible,eligible
2022,2022-06,62,DGW.HM,9772349555233,2022-06-30,2022-07-31,2023-06-30,True,10,DGW.HM,2022-04-26,1995001839954.0,0.08044,0.275957,False,DGW.HM,Information Technology,0.20414761349645905,False,True,True,True,True,True,False,eligible,eligible,eligible
2022,2022-06,66,DHG.HM,8996990933395,2022-06-30,2022-07-31,2023-06-30,True,10,DHG.HM,2022-04-20,3561515959085.0,0.07805,0.07251,False,DHG.HM,Health Care,0.39585634635524386,False,True,True,True,True,True,False,eligible,eligible,eligible
2022,2022-06,48,DIG.HM,17696134070953,2022-06-30,2022-07-31,2023-06-30,True,10,DIG.HM,2022-04-29,7666777137431.0,0.015621,0.442703,False,DIG.HM,Industrials,0.43324587769797096,False,True,True,True,True,True,False,eligible,eligible,eligible
2022,2022-06,52,DPM.HM,14056840829731,2022-06-30,2022-07-31,2023-06-30,True,10,DPM.HM,2022-04-20,12389446724213.0,-0.001797,-0.01227,False,DPM.HM,Materials,0.881382017075176,False,True,True,True,True,True,False,eligible,eligible,eligible
2022,2022-06,61,DXG.HM,10391946796963,2022-06-30,2022-07-31,2023-06-30,True,10,DXG.HM,2022-04-29,13970778280177.0,0.002888,0.172577,False,DXG.HM,Real Estate,1.3443850852142447,False,True,True,True,True,True,False,eligible,eligible,eligible
2022,2022-06,79,DXS.HM,7579514997692,2022-06-30,2022-07-31,2023-06-30,True,10,DXS.HM,2022-04-29,8003220003882.0,,,False,DXS.HM,Real Estate,1.055901334890032,False,True,True,True,False,False,False,eligible,missing_operating_profitability,missing_investment
2022,2022-06,28,EIB.HM,38747223491044,2022-06-30,2022-07-31,2023-06-30,True,10,EIB.HM,2022-04-29,18449045000000.0,0.032107,-0.042397,False,EIB.HM,Financials,0.47613850329854723,True,True,True,True,True,True,False,eligible,eligible,eligible
2022,2022-06,17,FPT.HM,79461292001351,2022-06-30,2022-07-31,2023-06-30,True,10,FPT.HM,2022-04-22,22959401841586.0,0.073605,0.249749,False,FPT.HM,Information Technology,0.288938189441919,False,True,True,True,True,True,False,eligible,eligible,eligible
2022,2022-06,60,FRT.HM,10722339120796,2022-06-30,2022-07-31,2023-06-30,True,10,FRT.HM,2022-04-29,1848628582518.0,0.005846,-0.182929,False,FRT.HM,Consumer Discretionary,0.17240907619985466,False,True,True,True,True,True,False,eligible,eligible,eligible
2022,2022-06,3,GAS.HM,187358867248017,2022-06-30,2022-07-31,2023-06-30,True,10,GAS.HM,2022-04-29,55709324244294.0,0.042459,0.016559,False,GAS.HM,Utilities,0.29734020632473496,False,True,True,True,True,True,False,eligible,eligible,eligible
2022,2022-06,77,GEE.HM,7692270958260,2022-06-30,2022-07-31,2023-06-30,True,10,GEE.HM,2022-05-04,,,,False,GEE.HM,Industrials,,False,True,False,False,False,False,False,missing_or_nonpositive_book_equity,missing_or_nonpositive_book_equity,missing_or_nonpositive_book_equity
2022,2022-06,75,GEG.HM,7887452580014,2022-06-30,2022-07-31,2023-06-30,True,10,GEG.HM,2022-04-29,3907820012669.0,0.02729,0.149321,False,GEG.HM,Utilities,0.49544767122543687,False,True,True,True,True,True,False,eligible,eligible,eligible
2022,2022-06,49,GEX.HM,15712796072297,2022-06-30,2022-07-31,2023-06-30,True,10,GEX.HM,2022-04-26,21735573192169.0,0.044856,0.278925,False,GEX.HM,Industrials,1.3833039703538614,False,True,True,True,True,True,False,eligible,eligible,eligible
2022,2022-06,53,GMD.HM,13577472099699,2022-06-30,2022-07-31,2023-06-30,True,10,GMD.HM,2022-04-25,7366300951856.0,0.003269,-0.028198,False,GMD.HM,Industrials,0.5425384709145751,False,True,True,True,True,True,False,eligible,eligible,eligible
2022,2022-06,14,GVR.HM,84305219936000,2022-06-30,2022-07-31,2023-06-30,True,10,GVR.HM,2022-05-31,53917936779193.0,0.021118,0.02243,False,GVR.HM,Materials,0.6395563266441224,False,True,True,True,True,True,False,eligible,eligible,eligible
2022,2022-06,76,HAG.HM,7715962034560,2022-06-30,2022-07-31,2023-06-30,True,10,HAG.HM,2022-04-26,4796594196000.0,-0.222856,0.109913,False,HAG.HM,Consumer Staples,0.6216456450298649,False,True,True,True,True,True,False,eligible,eligible,eligible
2022,2022-06,98,HAH.HM,4901335783916,2022-06-30,2022-07-31,2023-06-30,True,10,HAH.HM,2022-04-27,2087143501968.0,0.044668,0.146102,False,HAH.HM,Industrials,0.4258315679609373,False,True,True,True,True,True,False,eligible,eligible,eligible
2022,2022-06,84,HCM.HM,6977424130968,2022-06-30,2022-07-31,2023-06-30,True,10,HCM.HM,2022-04-20,7608069739170.0,0.055483,0.667694,False,HCM.HM,Financials,1.0903837284884255,True,True,True,True,True,True,False,eligible,eligible,eligible
2022,2022-06,26,HDB.HM,44005493685367,2022-06-30,2022-07-31,2023-06-30,True,10,HDB.HM,2022-04-28,32811485000000.0,0.074227,0.390671,False,HDB.HM,Financials,0.7456224723803222,True,True,True,True,True,True,False,eligible,eligible,eligible
2022,2022-06,57,HDG.HM,11153017483451,2022-06-30,2022-07-31,2023-06-30,True,10,HDG.HM,2022-05-04,5704576205002.0,0.084354,0.001347,False,HDG.HM,Industrials,0.5114827636078333,False,True,True,True,True,True,False,eligible,eligible,eligible
2022,2022-06,11,HPG.HM,115765214227987,2022-06-30,2022-07-31,2023-06-30,True,10,HPG.HM,2022-04-29,98957937963037.0,0.089995,0.292165,False,HPG.HM,Materials,0.8548158323980648,False,True,True,True,True,True,False,eligible,eligible,eligible
2022,2022-06,70,HPX.HM,8303802261300,2022-06-30,2022-07-31,2023-06-30,True,10,HPX.HM,2022-04-29,3546409529390.0,-0.00237,0.080368,False,HPX.HM,Real Estate,0.4270826083995397,False,True,True,True,True,True,False,eligible,eligible,eligible
2022,2022-06,91,HSG.HM,5785704986140,2022-06-30,2022-07-31,2023-06-30,True,10,HSG.HM,2022-04-29,11505119791970.0,0.099792,0.037413,False,HSG.HM,Materials,1.9885424195549546,False,True,True,True,True,True,False,eligible,eligible,eligible
2022,2022-06,93,HT1.HM,5467375445771,2022-06-30,2022-07-31,2023-06-30,True,10,HT1.HM,2022-04-21,5200158659252.0,0.036443,-0.024108,False,HT1.HM,Materials,0.9511252173607921,False,True,True,True,True,True,False,eligible,eligible,eligible
2022,2022-06,32,HVN.HM,34323119499974,2022-06-30,2022-07-31,2023-06-30,True,10,HVN.HM,2022-05-24,-2160834262634.0,-0.131358,-0.181711,False,HVN.HM,Industrials,-0.06295564896528816,False,True,False,False,False,False,False,missing_or_nonpositive_book_equity,missing_or_nonpositive_book_equity,missing_or_nonpositive_book_equity
2022,2022-06,39,KBC.HM,25100675619300,2022-06-30,2022-07-31,2023-06-30,True,10,KBC.HM,2022-05-04,17029378214165.0,0.004338,0.447447,False,KBC.HM,Real Estate,0.6784430217117762,False,True,True,True,True,True,False,eligible,eligible,eligible
2022,2022-06,51,KDC.HM,14179880622218,2022-06-30,2022-07-31,2023-06-30,True,10,KDC.HM,2022-04-20,6829275676812.0,0.004141,0.034948,False,KDC.HM,Consumer Staples,0.48161728993059555,False,True,True,True,True,True,False,eligible,eligible,eligible
2022,2022-06,40,KDH.HM,25010261888919,2022-06-30,2022-07-31,2023-06-30,True,10,KDH.HM,2022-04-29,11140668843000.0,0.059052,0.052665,False,KDH.HM,Real Estate,0.4454439098830854,False,True,True,True,True,True,False,eligible,eligible,eligible
2022,2022-06,65,KLB.HM,9000901415244,2022-06-30,2022-07-31,2023-06-30,True,10,KLB.HM,2022-05-05,4784675000000.0,-0.0226,0.120932,False,KLB.HM,Financials,0.5315773142339539,True,True,True,True,True,True,False,eligible,eligible,eligible
2022,2022-06,82,KOS.HM,7403661657000,2022-06-30,2022-07-31,2023-06-30,True,10,KOS.HM,2022-04-29,2267384844926.0,0.007604,0.151815,False,KOS.HM,Real Estate,0.3062518183529142,False,True,True,True,True,True,False,eligible,eligible,eligible
2022,2022-06,83,LGC.HM,7279439310523,2022-06-30,2022-07-31,2023-06-30,True,10,LGC.HM,2022-04-21,4696319263319.0,0.011779,0.057323,False,LGC.HM,Industrials,0.6451484878141786,False,True,True,True,True,True,False,eligible,eligible,eligible
2022,2022-06,47,LPB.HM,18277821382612,2022-06-30,2022-07-31,2023-06-30,True,10,LPB.HM,2022-04-20,18222660000000.0,0.069951,0.199373,False,LPB.HM,Financials,0.9969820592149743,True,True,True,True,True,True,False,eligible,eligible,eligible
2022,2022-06,19,MBB.HM,69401577854098,2022-06-30,2022-07-31,2023-06-30,True,10,MBB.HM,2022-04-27,67063548000000.0,0.079788,0.202909,False,MBB.HM,Financials,0.966311574946996,True,True,True,True,True,True,False,eligible,eligible,eligible
2022,2022-06,23,MCH.HM,55233747537884,2022-06-30,2022-07-31,2023-06-30,True,10,MCH.HM,2022-05-05,18189830395040.0,0.126272,0.247381,False,MCH.HM,Consumer Staples,0.32932457430240214,False,True,True,True,True,True,False,eligible,eligible,eligible
2022,2022-06,38,MSB.HM,25967494884893,2022-06-30,2022-07-31,2023-06-30,True,10,MSB.HM,2022-04-26,23114849000000.0,0.046563,0.125621,False,MSB.HM,Financials,0.8901455108574,True,True,True,True,True,True,False,eligible,eligible,eligible
2022,2022-06,4,MSN.HM,158292181570365,2022-06-30,2022-07-31,2023-06-30,True,10,MSN.HM,2022-05-05,36738444000000.0,0.004952,0.189515,False,MSN.HM,Consumer Staples,0.23209260012421273,False,True,True,True,True,True,False,eligible,eligible,eligible
2022,2022-06,12,MWG.HM,101384196066342,2022-06-30,2022-07-31,2023-06-30,True,10,MWG.HM,2022-04-29,21810290601684.0,0.082718,0.103644,False,MWG.HM,Consumer Discretionary,0.21512515212343516,False,True,True,True,True,True,False,eligible,eligible,eligible
2022,2022-06,67,NAB.HM,8927593481600,2022-06-30,2022-07-31,2023-06-30,True,10,NAB.HM,2022-04-30,11375519000000.0,0.089382,0.418511,False,NAB.HM,Financials,1.274197690950561,True,True,True,True,True,True,False,eligible,eligible,eligible
2022,2022-06,55,NLG.HM,12904550046596,2022-06-30,2022-07-31,2023-06-30,True,10,NLG.HM,2022-04-21,12939988944147.0,0.007461,0.25112,False,NLG.HM,Real Estate,1.0027462327181527,False,True,True,True,True,True,False,eligible,eligible,eligible
2022,2022-06,92,NT2.HM,5779533242510,2022-06-30,2022-07-31,2023-06-30,True,10,NT2.HM,2022-04-18,4371158112435.0,0.060518,-0.156369,False,NT2.HM,Utilities,0.7563168043197628,False,True,True,True,True,True,False,eligible,eligible,eligible
2022,2022-06,6,NVL.HM,145258584968000,2022-06-30,2022-07-31,2023-06-30,True,10,NVL.HM,2022-04-29,43451511660117.0,0.003557,0.60633,False,NVL.HM,Real Estate,0.2991321419638586,False,True,True,True,True,True,False,eligible,eligible,eligible
2022,2022-06,46,OCB.HM,18982152528218,2022-06-30,2022-07-31,2023-06-30,True,10,OCB.HM,2022-04-27,22472101670974.0,0.124541,0.290868,False,OCB.HM,Financials,1.1838542355809227,True,True,True,True,True,True,False,eligible,eligible,eligible
2022,2022-06,63,PC1.HM,9288796759907,2022-06-30,2022-07-31,2023-06-30,True,10,PC1.HM,2022-04-28,6434187295170.0,0.034181,0.289394,False,PC1.HM,Industrials,0.692682535906235,False,True,True,True,True,True,False,eligible,eligible,eligible
2022,2022-06,31,PDR.HM,34791268003852,2022-06-30,2022-07-31,2023-06-30,True,10,PDR.HM,2022-04-20,8388470947612.0,0.122876,0.118621,False,PDR.HM,Real Estate,0.2411085145469044,False,True,True,True,True,True,False,eligible,eligible,eligible
2022,2022-06,42,PGV.HM,24483580379171,2022-06-30,2022-07-31,2023-06-30,True,10,PGV.HM,2022-04-29,18252917457718.0,0.058505,-0.041114,False,PGV.HM,Utilities,0.7455166758717351,False,True,True,True,True,True,False,eligible,eligible,eligible
2022,2022-06,81,PHR.HM,7513598455966,2022-06-30,2022-07-31,2023-06-30,True,10,PHR.HM,2022-04-19,3392385230948.0,0.04342,0.116903,False,PHR.HM,Materials,0.4514994048230451,False,True,True,True,True,True,False,eligible,eligible,eligible
2022,2022-06,25,PLX.HM,44944033079908,2022-06-30,2022-07-31,2023-06-30,True,10,PLX.HM,2022-05-05,28676054167106.0,0.041904,-0.010625,False,PLX.HM,Energy,0.6380391834467006,False,True,True,True,True,True,False,eligible,eligible,eligible
2022,2022-06,45,PNJ.HM,19054220448985,2022-06-30,2022-07-31,2023-06-30,True,10,PNJ.HM,2022-04-21,8008233244684.0,0.102299,-0.013928,False,PNJ.HM,Consumer Discretionary,0.4202865851229611,False,True,True,True,True,True,False,eligible,eligible,eligible
2022,2022-06,36,POW.HM,31849465972481,2022-06-30,2022-07-31,2023-06-30,True,10,POW.HM,2022-04-29,31748177550178.0,0.036803,-0.030014,False,POW.HM,Utilities,0.9968197764323422,False,True,True,True,True,True,False,eligible,eligible,eligible
2022,2022-06,72,PVD.HM,8203718721032,2022-06-30,2022-07-31,2023-06-30,True,10,PVD.HM,2022-04-29,13793078374600.0,-0.010167,-0.001701,False,PVD.HM,Energy,1.6813202455660106,False,True,True,True,True,True,False,eligible,eligible,eligible
2022,2022-06,87,PVT.HM,6393121049811,2022-06-30,2022-07-31,2023-06-30,True,10,PVT.HM,2022-04-26,7162575342571.0,0.065998,0.009284,False,PVT.HM,Energy,1.1203565968429063,False,True,True,True,True,True,False,eligible,eligible,eligible
2022,2022-06,37,REE.HM,28839679948204,2022-06-30,2022-07-31,2023-06-30,True,10,REE.HM,2022-04-28,16945607993973.0,0.022739,0.046257,False,REE.HM,Industrials,0.587579613380151,False,True,True,True,True,True,False,eligible,eligible,eligible
2022,2022-06,15,SAB.HM,82574355581647,2022-06-30,2022-07-31,2023-06-30,True,10,SAB.HM,2022-04-27,22822331344680.0,0.083744,0.015299,False,SAB.HM,Consumer Staples,0.2763852189208304,False,True,True,True,True,True,False,eligible,eligible,eligible
2022,2022-06,58,SBT.HM,11069488837997,2022-06-30,2022-07-31,2023-06-30,True,10,SBT.HM,2022-05-04,9575645648841.0,0.016029,0.113985,False,SBT.HM,Consumer Staples,0.8650485843548393,False,True,True,True,True,True,False,eligible,eligible,eligible
2022,2022-06,86,SCS.HM,6394783283653,2022-06-30,2022-07-31,2023-06-30,True,10,SCS.HM,2022-04-20,1436849298487.0,0.136454,0.019593,False,SCS.HM,Industrials,0.22469085108169676,False,True,True,True,True,True,False,eligible,eligible,eligible
2022,2022-06,35,SHB.HM,33225203930097,2022-06-30,2022-07-31,2023-06-30,True,10,SHB.HM,2022-05-31,37818788000000.0,0.130246,0.129842,False,SHB.HM,Financials,1.138256008287188,True,True,True,True,True,True,False,eligible,eligible,eligible
2022,2022-06,68,SIP.HM,8609479415102,2022-06-30,2022-07-31,2023-06-30,True,10,SIP.HM,2022-05-05,3539536260274.0,0.15615,0.240189,False,SIP.HM,Real Estate,0.4111208227137698,False,True,True,True,True,True,False,eligible,eligible,eligible
2022,2022-06,73,SJS.HM,8189228231880,2022-06-30,2022-07-31,2023-06-30,True,10,SJS.HM,2022-04-29,2210898377402.0,0.143676,0.059318,False,SJS.HM,Real Estate,0.2699764025131394,False,True,True,True,True,True,False,eligible,eligible,eligible
2022,2022-06,22,SSB.HM,62596417456639,2022-06-30,2022-07-31,2023-06-30,True,10,SSB.HM,2022-05-31,22590832000000.0,,,False,SSB.HM,Financials,0.36089656433850764,True,True,True,True,False,False,False,eligible,missing_operating_profitability,missing_investment
2022,2022-06,41,SSI.HM,24501927107338,2022-06-30,2022-07-31,2023-06-30,True,10,SSI.HM,2022-04-20,15068014323538.0,0.040457,0.322636,False,SSI.HM,Financials,0.6149726206240052,True,True,True,True,True,True,False,eligible,eligible,eligible
2022,2022-06,27,STB.HM,40532137894000,2022-06-30,2022-07-31,2023-06-30,True,10,STB.HM,2022-04-29,35481093000000.0,0.058063,0.085839,False,STB.HM,Financials,0.8753817302405924,True,True,True,True,True,True,False,eligible,eligible,eligible
2022,2022-06,9,TCB.HM,121592096247196,2022-06-30,2022-07-31,2023-06-30,True,10,TCB.HM,2022-04-26,98585990000000.0,0.063812,0.145696,False,TCB.HM,Financials,0.810792749222575,True,True,True,True,True,True,False,eligible,eligible,eligible
2022,2022-06,90,TCH.HM,5833719496485,2022-06-30,2022-07-31,2023-06-30,True,10,TCH.HM,2022-05-31,12342107784432.0,0.025575,0.340611,False,TCH.HM,Industrials,2.115649851157312,False,True,True,True,True,True,False,eligible,eligible,eligible
2022,2022-06,78,TMS.HM,7632470413629,2022-06-30,2022-07-31,2023-06-30,True,10,TMS.HM,2022-04-29,3760633474418.0,0.018342,0.184072,False,TMS.HM,Industrials,0.4927151067238709,False,True,True,True,True,True,False,eligible,eligible,eligible
2022,2022-06,30,TPB.HM,35104847354079,2022-06-30,2022-07-31,2023-06-30,True,10,TPB.HM,2022-04-20,27380476000000.0,0.097628,0.254661,False,TPB.HM,Financials,0.7799628274645818,True,True,True,True,True,True,False,eligible,eligible,eligible
2022,2022-06,95,VAB.HM,5075619182499,2022-06-30,2022-07-31,2023-06-30,True,10,VAB.HM,2022-04-29,6441728791959.0,,,False,VAB.HM,Financials,1.269151321314731,True,True,True,True,False,False,False,eligible,missing_operating_profitability,missing_investment
2022,2022-06,97,VBB.HM,4920127458559,2022-06-30,2022-07-31,2023-06-30,True,10,VBB.HM,2022-04-30,5828568000000.0,-0.00832,0.329797,False,VBB.HM,Financials,1.1846376032110075,True,True,True,True,True,True,False,eligible,eligible,eligible
2022,2022-06,1,VCB.HM,351427022851775,2022-06-30,2022-07-31,2023-06-30,True,10,VCB.HM,2022-05-04,117077688000000.0,0.117397,0.084572,False,VCB.HM,Financials,0.3331493607120277,True,True,True,True,True,True,False,eligible,eligible,eligible
2022,2022-06,96,VCF.HM,5014154669399,2022-06-30,2022-07-31,2023-06-30,True,10,VCF.HM,2022-04-28,1345023991234.0,0.208154,-0.042039,False,VCF.HM,Consumer Staples,0.26824541321841905,False,True,True,True,True,True,False,eligible,eligible,eligible
2022,2022-06,71,VCG.HM,8206503996456,2022-06-30,2022-07-31,2023-06-30,True,10,VCG.HM,2022-04-29,9148961289732.0,0.036623,0.015095,False,VCG.HM,Industrials,1.1148427264134646,False,True,True,True,True,True,False,eligible,eligible,eligible
2022,2022-06,80,VCI.HM,7554930025500,2022-06-30,2022-07-31,2023-06-30,True,10,VCI.HM,2022-04-21,7150187464685.0,0.075166,0.157318,False,VCI.HM,Financials,0.9464266962832375,True,True,True,True,True,True,False,eligible,eligible,eligible
2022,2022-06,44,VGC.HM,19256750267646,2022-06-30,2022-07-31,2023-06-30,True,10,VGC.HM,2022-04-22,9097221336788.0,0.018919,-0.092194,False,VGC.HM,Industrials,0.47241726721006444,False,True,True,True,True,True,False,eligible,eligible,eligible
2022,2022-06,50,VHC.HM,15225617440083,2022-06-30,2022-07-31,2023-06-30,True,10,VHC.HM,2022-04-20,6437222482044.0,0.030001,0.089143,False,VHC.HM,Consumer Staples,0.42278892842121146,False,True,True,True,True,True,False,eligible,eligible,eligible
2022,2022-06,7,VHM.HM,130195592898723,2022-06-30,2022-07-31,2023-06-30,True,10,VHM.HM,2022-05-09,136071897000000.0,0.063533,0.091692,False,VHM.HM,Real Estate,1.0451344317456897,False,True,True,True,True,True,False,eligible,eligible,eligible
2022,2022-06,34,VIB.HM,33312551316480,2022-06-30,2022-07-31,2023-06-30,True,10,VIB.HM,2022-05-05,26011471000000.0,0.110684,0.325929,False,VIB.HM,Financials,0.7808309472571651,True,True,True,True,True,True,False,eligible,eligible,eligible
2022,2022-06,2,VIC.HM,282342637862250,2022-06-30,2022-07-31,2023-06-30,True,10,VIC.HM,2022-04-29,134558447000000.0,-0.033353,0.048546,False,VIC.HM,Real Estate,0.47657855724096726,False,True,True,True,True,True,False,eligible,eligible,eligible
2022,2022-06,24,VJC.HM,54161149648340,2022-06-30,2022-07-31,2023-06-30,True,10,VJC.HM,2022-05-09,17111332642160.0,0.023548,-0.074949,False,VJC.HM,Industrials,0.3159337043851773,False,True,True,True,True,True,False,eligible,eligible,eligible
2022,2022-06,43,VND.HM,19866700873143,2022-06-30,2022-07-31,2023-06-30,True,10,VND.HM,2022-03-02,9822482839646.0,0.062096,0.282009,False,VND.HM,Financials,0.49441942587078574,True,True,True,True,True,True,False,eligible,eligible,eligible
2022,2022-06,10,VNM.HM,116423435174620,2022-06-30,2022-07-31,2023-06-30,True,10,VNM.HM,2022-04-29,34977211542030.0,0.071335,0.083504,False,VNM.HM,Consumer Staples,0.3004310213795765,False,True,True,True,True,True,False,eligible,eligible,eligible
2022,2022-06,13,VPB.HM,90005298330581,2022-06-30,2022-07-31,2023-06-30,True,10,VPB.HM,2022-04-20,95202019000000.0,0.135505,0.110875,False,VPB.HM,Financials,1.0577379417190744,True,True,True,True,True,True,False,eligible,eligible,eligible
2022,2022-06,56,VPI.HM,12359526785694,2022-06-30,2022-07-31,2023-06-30,True,10,VPI.HM,2022-05-05,3220216901672.0,0.093955,0.081494,False,VPI.HM,Real Estate,0.26054532325617524,False,True,True,True,True,True,False,eligible,eligible,eligible
2022,2022-06,21,VRE.HM,64874690605500,2022-06-30,2022-07-31,2023-06-30,True,10,VRE.HM,2022-04-29,31028426000000.0,0.041169,0.11099,False,VRE.HM,Real Estate,0.4782824505273162,False,True,True,True,True,True,False,eligible,eligible,eligible
2022,2022-06,69,VSH.HM,8513643536053,2022-06-30,2022-07-31,2023-06-30,True,10,VSH.HM,2022-04-27,4414304773159.0,0.024065,0.069329,False,VSH.HM,Utilities,0.518497721271228,False,True,True,True,True,True,False,eligible,eligible,eligible
2022,2022-06,94,VTP.HM,5312831571991,2022-06-30,2022-07-31,2023-06-30,True,10,VTP.HM,2022-05-06,1417371636307.0,0.076801,0.292742,False,VTP.HM,Industrials,0.2667827159775433,False,True,True,True,True,True,False,eligible,eligible,eligible
2023,2023-06,13,ACB.HM,80794645890955,2023-06-30,2023-07-31,2024-06-30,True,12,ACB.HM,2023-04-28,62530165000000.0,0.074198,0.187254,False,ACB.HM,Financials,0.7739394648055544,True,True,True,True,True,True,False,eligible,eligible,eligible
2023,2023-06,92,ACG.HM,5333861206370,2023-06-30,2023-07-31,2024-06-30,True,12,ACG.HM,2023-04-24,3958337249910.0,0.035778,0.118973,False,ACG.HM,Materials,0.7421147826611477,False,True,True,True,True,True,False,eligible,eligible,eligible
2023,2023-06,15,BCM.HM,78297347040345,2023-06-30,2023-07-31,2024-06-30,True,12,BCM.HM,2023-04-28,17962155925416.0,0.040846,-0.000843,False,BCM.HM,Real Estate,0.22940950880699026,False,True,True,True,True,True,False,eligible,eligible,eligible
2023,2023-06,66,BHN.HM,9227431445670,2023-06-30,2023-07-31,2024-06-30,True,12,BHN.HM,2023-04-28,5301041532503.0,-0.005249,-0.077609,False,BHN.HM,Consumer Staples,0.5744872301371071,False,True,True,True,True,True,False,eligible,eligible,eligible
2023,2023-06,2,BID.HM,200659332467120,2023-06-30,2023-07-31,2024-06-30,True,12,BID.HM,2023-04-28,109848462000000.0,0.088886,0.161543,False,BID.HM,Financials,0.5474375931057168,True,True,True,True,True,True,False,eligible,eligible,eligible
2023,2023-06,84,BMP.HM,5895196244266,2023-06-30,2023-07-31,2024-06-30,True,12,BMP.HM,2023-04-20,2902063872487.0,0.082609,-0.061112,False,BMP.HM,Industrials,0.492276041753438,False,True,True,True,True,True,False,eligible,eligible,eligible
2023,2023-06,88,BSI.HM,5461064626336,2023-06-30,2023-07-31,2024-06-30,True,12,BSI.HM,2023-04-13,4464085358101.0,0.048233,1.055697,False,BSI.HM,Financials,0.8174386614238065,True,True,True,True,True,True,False,eligible,eligible,eligible
2023,2023-06,22,BSR.HM,50200392100666,2023-06-30,2023-07-31,2024-06-30,True,12,BSR.HM,2023-05-08,52811286003567.0,0.074622,0.195022,False,BSR.HM,Energy,1.05200943246948,False,True,True,True,True,True,False,eligible,eligible,eligible
2023,2023-06,90,BVB.HM,5418142021840,2023-06-30,2023-07-31,2024-06-30,True,12,BVB.HM,2023-05-08,5034120000000.0,0.007316,0.2522,False,BVB.HM,Financials,0.929122931755564,True,True,True,True,True,True,False,eligible,eligible,eligible
2023,2023-06,34,BVH.HM,30639738997169,2023-06-30,2023-07-31,2024-06-30,True,12,BVH.HM,2023-04-28,21807386515307.0,0.431847,0.157714,False,BVH.HM,Financials,0.7117353877368838,True,True,True,True,True,True,False,eligible,eligible,eligible
2023,2023-06,71,BWE.HM,8020715907714,2023-06-30,2023-07-31,2024-06-30,True,12,BWE.HM,2023-04-26,4301107734128.0,0.056772,0.100416,False,BWE.HM,Utilities,0.5362498539552272,False,True,True,True,True,True,False,eligible,eligible,eligible
2023,2023-06,79,CMG.HM,6919419325299,2023-06-30,2023-07-31,2024-06-30,True,12,CMG.HM,2023-04-28,3122742548230.0,0.049197,0.175408,False,CMG.HM,Information Technology,0.4513012438504095,False,True,True,True,True,True,False,eligible,eligible,eligible
2023,2023-06,98,CTD.HM,4992105603983,2023-06-30,2023-07-31,2024-06-30,True,12,CTD.HM,2023-04-24,8236023223454.0,-0.017989,0.063012,False,CTD.HM,Industrials,1.6498094945913822,False,True,True,True,True,True,False,eligible,eligible,eligible
2023,2023-06,6,CTG.HM,140630433501371,2023-06-30,2023-07-31,2024-06-30,True,12,CTG.HM,2023-05-05,112945173000000.0,0.069406,0.141689,False,CTG.HM,Financials,0.8031346429640275,True,True,True,True,True,True,False,eligible,eligible,eligible
2023,2023-06,74,CTR.HM,7411303369531,2023-06-30,2023-07-31,2024-06-30,True,12,CTR.HM,2023-04-28,1749793560466.0,0.125536,0.021742,False,CTR.HM,Industrials,0.23609795379037762,False,True,True,True,True,True,False,eligible,eligible,eligible
2023,2023-06,95,DBC.HM,5154637585364,2023-06-30,2023-07-31,2024-06-30,True,12,DBC.HM,2023-04-28,4320499128754.0,0.029646,0.071681,False,DBC.HM,Consumer Staples,0.8381770895051012,False,True,True,True,True,True,False,eligible,eligible,eligible
2023,2023-06,57,DCM.HM,11425943661792,2023-06-30,2023-07-31,2024-06-30,True,12,DCM.HM,2023-04-25,10810627187875.0,0.143755,0.270106,False,DCM.HM,Materials,0.9461474262318832,False,True,True,True,True,True,False,eligible,eligible,eligible
2023,2023-06,42,DGC.HM,21875567452133,2023-06-30,2023-07-31,2024-06-30,True,12,DGC.HM,2023-04-21,11036724606760.0,0.232281,0.449996,False,DGC.HM,Materials,0.5045228943619404,False,True,True,True,True,True,False,eligible,eligible,eligible
2023,2023-06,82,DGW.HM,6519045210856,2023-06-30,2023-07-31,2024-06-30,True,12,DGW.HM,2023-04-28,2505190217313.0,0.213621,1.132734,False,DGW.HM,Information Technology,0.3842879035631124,False,True,True,True,True,True,False,eligible,eligible,eligible
2023,2023-06,50,DHG.HM,13585032304343,2023-06-30,2023-07-31,2024-06-30,True,12,DHG.HM,2023-04-20,4652500064129.0,0.057579,0.037552,False,DHG.HM,Health Care,0.34247250649832034,False,True,True,True,True,True,False,eligible,eligible,eligible
2023,2023-06,52,DIG.HM,12837383158537,2023-06-30,2023-07-31,2024-06-30,True,12,DIG.HM,2023-04-28,7866878528187.0,0.024593,0.424545,False,DIG.HM,Industrials,0.6128101366948325,False,True,True,True,True,True,False,eligible,eligible,eligible
2023,2023-06,55,DPM.HM,11460730742914,2023-06-30,2023-07-31,2024-06-30,True,12,DPM.HM,2023-04-27,12673816059879.0,0.182391,0.231682,False,DPM.HM,Materials,1.105847117795262,False,True,True,True,True,True,False,eligible,eligible,eligible
2023,2023-06,91,DSC.HM,5407748258984,2023-06-30,2023-07-31,2024-06-30,True,12,DSC.HM,2023-04-24,1076621190813.0,0.006391,,False,DSC.HM,Financials,0.19908862973130964,True,True,True,True,True,False,False,eligible,eligible,missing_investment
2023,2023-06,72,DXG.HM,7946460649102,2023-06-30,2023-07-31,2024-06-30,True,12,DXG.HM,2023-04-28,14007365930501.0,0.018328,0.212026,False,DXG.HM,Real Estate,1.762717585732199,False,True,True,True,True,True,False,eligible,eligible,eligible
2023,2023-06,32,EIB.HM,30876609133686,2023-06-30,2023-07-31,2024-06-30,True,12,EIB.HM,2023-04-27,21151024000000.0,0.033342,0.033639,False,EIB.HM,Financials,0.6850177073662047,True,True,True,True,True,True,False,eligible,eligible,eligible
2023,2023-06,14,FPT.HM,80732770976888,2023-06-30,2023-07-31,2024-06-30,True,12,FPT.HM,2023-04-20,27061179213990.0,0.076374,0.286661,False,FPT.HM,Information Technology,0.33519448033979926,False,True,True,True,True,True,False,eligible,eligible,eligible
2023,2023-06,64,FRT.HM,9754955038080,2023-06-30,2023-07-31,2024-06-30,True,12,FRT.HM,2023-04-28,2051405983668.0,0.245085,1.002026,False,FRT.HM,Consumer Discretionary,0.21029374053083938,False,True,True,True,True,True,False,eligible,eligible,eligible
2023,2023-06,89,FTS.HM,5458240158806,2023-06-30,2023-07-31,2024-06-30,True,12,FTS.HM,2023-04-19,3375683912155.0,0.091009,1.784668,False,FTS.HM,Financials,0.61845646471031,True,True,True,True,True,True,False,eligible,eligible,eligible
2023,2023-06,4,GAS.HM,154974812922537,2023-06-30,2023-07-31,2024-06-30,True,12,GAS.HM,2023-04-28,64569528030699.0,0.047751,0.246165,False,GAS.HM,Utilities,0.41664530392415183,False,True,True,True,True,True,False,eligible,eligible,eligible
2023,2023-06,81,GEE.HM,6740625680460,2023-06-30,2023-07-31,2024-06-30,True,12,GEE.HM,2023-05-05,5938364853137.0,,,False,GEE.HM,Industrials,0.8809812522821693,False,True,True,True,False,False,False,eligible,missing_operating_profitability,missing_investment
2023,2023-06,93,GEG.HM,5279764175869,2023-06-30,2023-07-31,2024-06-30,True,12,GEG.HM,2023-05-05,5733045198741.0,0.014437,0.604593,False,GEG.HM,Utilities,1.0858525130617969,False,True,True,True,True,True,False,eligible,eligible,eligible
2023,2023-06,46,GEX.HM,15918837285429,2023-06-30,2023-07-31,2024-06-30,True,12,GEX.HM,2023-04-28,21030284613092.0,0.025247,1.253578,False,GEX.HM,Industrials,1.3210942631056142,False,True,True,True,True,True,False,eligible,eligible,eligible
2023,2023-06,49,GMD.HM,13891566028683,2023-06-30,2023-07-31,2024-06-30,True,12,GMD.HM,2023-05-05,8199849071365.0,0.023503,0.091175,False,GMD.HM,Industrials,0.590275355163999,False,True,True,True,True,True,False,eligible,eligible,eligible
2023,2023-06,16,GVR.HM,74467189148000,2023-06-30,2023-07-31,2024-06-30,True,12,GVR.HM,2023-04-28,54290962105180.0,0.036744,-0.015745,False,GVR.HM,Materials,0.7290588341837274,False,True,True,True,True,True,False,eligible,eligible,eligible
2023,2023-06,73,HAG.HM,7558304156450,2023-06-30,2023-07-31,2024-06-30,True,12,HAG.HM,2023-05-05,5326233364000.0,-0.030265,-0.505185,False,HAG.HM,Consumer Staples,0.7046862965225835,False,True,True,True,True,True,False,eligible,eligible,eligible
2023,2023-06,63,HCM.HM,10118981269083,2023-06-30,2023-07-31,2024-06-30,True,12,HCM.HM,2023-04-24,8015588231773.0,0.063047,0.951272,False,HCM.HM,Financials,0.7921339133479182,True,True,True,True,True,True,False,eligible,eligible,eligible
2023,2023-06,23,HDB.HM,44934661306085,2023-06-30,2023-07-31,2024-06-30,True,12,HDB.HM,2023-04-28,40827791000000.0,0.096034,0.173862,False,HDB.HM,Financials,0.9086035103700926,True,True,True,True,True,True,False,eligible,eligible,eligible
2023,2023-06,67,HDG.HM,9167166321091,2023-06-30,2023-07-31,2024-06-30,True,12,HDG.HM,2023-04-28,6905162752850.0,0.137737,0.145035,False,HDG.HM,Industrials,0.7532494241937354,False,True,True,True,True,True,False,eligible,eligible,eligible
2023,2023-06,97,HHV.HM,5022594988557,2023-06-30,2023-07-31,2024-06-30,True,12,HHV.HM,2023-04-28,8457837481429.0,0.00961,0.04771,False,HHV.HM,Industrials,1.683957695314579,False,True,True,True,True,True,False,eligible,eligible,eligible
2023,2023-06,5,HPG.HM,149326743671869,2023-06-30,2023-07-31,2024-06-30,True,12,HPG.HM,2023-04-28,96437975271673.0,0.088978,0.355292,False,HPG.HM,Materials,0.645818511140818,False,True,True,True,True,True,False,eligible,eligible,eligible
2023,2023-06,76,HSG.HM,7378930229187,2023-06-30,2023-07-31,2024-06-30,True,12,HSG.HM,2023-04-28,10398305661743.0,0.060918,0.32168,False,HSG.HM,Materials,1.4091887765265767,False,True,True,True,True,True,False,eligible,eligible,eligible
2023,2023-06,83,HT1.HM,5942863594853,2023-06-30,2023-07-31,2024-06-30,True,12,HT1.HM,2023-04-20,5016980414918.0,0.019403,-0.115291,False,HT1.HM,Materials,0.8442025186751906,False,True,True,True,True,True,False,eligible,eligible,eligible
2023,2023-06,33,HVN.HM,30780087809654,2023-06-30,2023-07-31,2024-06-30,True,12,HVN.HM,2023-04-28,-10239011477599.0,-2.955487,0.007922,False,HVN.HM,Industrials,-0.3326504960257973,False,True,False,False,False,False,False,missing_or_nonpositive_book_equity,missing_or_nonpositive_book_equity,missing_or_nonpositive_book_equity
2023,2023-06,40,KBC.HM,22529199676650,2023-06-30,2023-07-31,2024-06-30,True,12,KBC.HM,2023-04-28,18901878098526.0,0.026045,0.303372,False,KBC.HM,Real Estate,0.838994654484621,False,True,True,True,True,True,False,eligible,eligible,eligible
2023,2023-06,48,KDC.HM,14106226684210,2023-06-30,2023-07-31,2024-06-30,True,12,KDC.HM,2023-04-20,6900754329377.0,0.0189,0.139568,False,KDC.HM,Consumer Staples,0.48919916600386515,False,True,True,True,True,True,False,eligible,eligible,eligible
2023,2023-06,41,KDH.HM,22078370392183,2023-06-30,2023-07-31,2024-06-30,True,12,KDH.HM,2023-04-28,11764150082000.0,0.032299,0.031449,False,KDH.HM,Real Estate,0.5328359780649925,False,True,True,True,True,True,False,eligible,eligible,eligible
2023,2023-06,99,KLB.HM,4916154989648,2023-06-30,2023-07-31,2024-06-30,True,12,KLB.HM,2023-05-04,5369891000000.0,0.033454,0.463331,False,KLB.HM,Financials,1.0922948953618095,True,True,True,True,True,True,False,eligible,eligible,eligible
2023,2023-06,70,KOS.HM,8247938863500,2023-06-30,2023-07-31,2024-06-30,True,12,KOS.HM,2023-04-28,2289937577184.0,-0.003657,0.762504,False,KOS.HM,Real Estate,0.2776375546765715,False,True,True,True,True,True,False,eligible,eligible,eligible
2023,2023-06,68,LGC.HM,9062736638164,2023-06-30,2023-07-31,2024-06-30,True,12,LGC.HM,2023-04-27,4890930860869.0,0.006088,0.022887,False,LGC.HM,Industrials,0.5396748306988035,False,True,True,True,True,True,False,eligible,eligible,eligible
2023,2023-06,39,LPB.HM,24401686759868,2023-06-30,2023-07-31,2024-06-30,True,12,LPB.HM,2023-04-20,25298470000000.0,0.075417,0.193325,False,LPB.HM,Financials,1.0367508709113866,True,True,True,True,True,True,False,eligible,eligible,eligible
2023,2023-06,17,MBB.HM,71271814821645,2023-06-30,2023-07-31,2024-06-30,True,12,MBB.HM,2023-04-27,84767483000000.0,0.091357,0.226591,False,MBB.HM,Financials,1.1893549113647155,True,True,True,True,True,True,False,eligible,eligible,eligible
2023,2023-06,25,MCH.HM,40826061754776,2023-06-30,2023-07-31,2024-06-30,True,12,MCH.HM,2023-05-04,23833130607085.0,0.139356,0.182927,False,MCH.HM,Consumer Staples,0.5837724625568839,False,True,True,True,True,True,False,eligible,eligible,eligible
2023,2023-06,37,MSB.HM,25199987472598,2023-06-30,2023-07-31,2024-06-30,True,12,MSB.HM,2023-05-05,27996920000000.0,0.038437,0.152621,False,MSB.HM,Financials,1.11098944118299,True,True,True,True,True,True,False,eligible,eligible,eligible
2023,2023-06,10,MSN.HM,107064103681600,2023-06-30,2023-07-31,2024-06-30,True,12,MSN.HM,2023-04-28,37106108000000.0,0.171078,0.089487,False,MSN.HM,Consumer Staples,0.3465784210023424,False,True,True,True,True,True,False,eligible,eligible,eligible
2023,2023-06,19,MWG.HM,61368379741442,2023-06-30,2023-07-31,2024-06-30,True,12,MWG.HM,2023-04-28,23953417403481.0,0.096011,0.368025,False,MWG.HM,Consumer Discretionary,0.39032181563863716,False,True,True,True,True,True,False,eligible,eligible,eligible
2023,2023-06,54,NAB.HM,11934723948694,2023-06-30,2023-07-31,2024-06-30,True,12,NAB.HM,2023-05-08,13212407000000.0,0.106487,0.14088,False,NAB.HM,Financials,1.1070559366767603,True,True,True,True,True,True,False,eligible,eligible,eligible
2023,2023-06,53,NLG.HM,12133207775635,2023-06-30,2023-07-31,2024-06-30,True,12,NLG.HM,2023-04-20,13055171837256.0,0.067914,0.731155,False,NLG.HM,Real Estate,1.0759868353587763,False,True,True,True,True,True,False,eligible,eligible,eligible
2023,2023-06,75,NT2.HM,7396587508637,2023-06-30,2023-07-31,2024-06-30,True,12,NT2.HM,2023-04-20,4559786799408.0,0.029728,0.03804,False,NT2.HM,Utilities,0.6164716896925149,False,True,True,True,True,True,False,eligible,eligible,eligible
2023,2023-06,35,NVL.HM,28959052389300,2023-06-30,2023-07-31,2024-06-30,True,12,NVL.HM,2023-04-28,44407462146697.0,0.026973,0.396421,False,NVL.HM,Real Estate,1.5334570188872958,False,True,True,True,True,True,False,eligible,eligible,eligible
2023,2023-06,44,OCB.HM,20676987577663,2023-06-30,2023-07-31,2024-06-30,True,12,OCB.HM,2023-04-27,26056494179730.0,0.088687,0.209548,False,OCB.HM,Financials,1.2601687785448201,True,True,True,True,True,True,False,eligible,eligible,eligible
2023,2023-06,78,PC1.HM,7220555686703,2023-06-30,2023-07-31,2024-06-30,True,12,PC1.HM,2023-04-28,7236944335185.0,0.039046,0.742922,False,PC1.HM,Industrials,1.002269721222728,False,True,True,True,True,True,False,eligible,eligible,eligible
2023,2023-06,59,PDR.HM,11283654487779,2023-06-30,2023-07-31,2024-06-30,True,12,PDR.HM,2023-04-20,8247716620433.0,0.118339,0.315953,False,PDR.HM,Real Estate,0.7309437407327443,False,True,True,True,True,True,False,eligible,eligible,eligible
2023,2023-06,38,PGV.HM,25188928812575,2023-06-30,2023-07-31,2024-06-30,True,12,PGV.HM,2023-04-28,18263629464362.0,0.051244,-0.067802,False,PGV.HM,Utilities,0.725065746156077,False,True,True,True,True,True,False,eligible,eligible,eligible
2023,2023-06,87,PHR.HM,5603799449274,2023-06-30,2023-07-31,2024-06-30,True,12,PHR.HM,2023-04-19,3667678602041.0,0.048786,-0.078276,False,PHR.HM,Materials,0.6544985478586615,False,True,True,True,True,True,False,eligible,eligible,eligible
2023,2023-06,24,PLX.HM,43423461015406,2023-06-30,2023-07-31,2024-06-30,True,12,PLX.HM,2023-05-05,28425896093754.0,0.017705,0.060305,False,PLX.HM,Energy,0.6546206918805693,False,True,True,True,True,True,False,eligible,eligible,eligible
2023,2023-06,47,PNJ.HM,15397917445841,2023-06-30,2023-07-31,2024-06-30,True,12,PNJ.HM,2023-04-26,9192688401882.0,0.097434,0.251778,False,PNJ.HM,Consumer Discretionary,0.5970085522419111,False,True,True,True,True,True,False,eligible,eligible,eligible
2023,2023-06,31,POW.HM,31381091472386,2023-06-30,2023-07-31,2024-06-30,True,12,POW.HM,2023-04-28,33808599245156.0,-0.019902,-0.019856,False,POW.HM,Utilities,1.077355747007911,False,True,True,True,True,True,False,eligible,eligible,eligible
2023,2023-06,51,PVD.HM,13318415518707,2023-06-30,2023-07-31,2024-06-30,True,12,PVD.HM,2023-04-28,14101876423350.0,0.000143,-0.004554,False,PVD.HM,Energy,1.0588253838110513,False,True,True,True,True,True,False,eligible,eligible,eligible
2023,2023-06,77,PVT.HM,7326769915774,2023-06-30,2023-07-31,2024-06-30,True,12,PVT.HM,2023-05-05,8250051135399.0,0.042905,0.125577,False,PVT.HM,Energy,1.126014769160042,False,True,True,True,True,True,False,eligible,eligible,eligible
2023,2023-06,36,REE.HM,25457086304919,2023-06-30,2023-07-31,2024-06-30,True,12,REE.HM,2023-04-28,19797778767518.0,0.030931,0.550234,False,REE.HM,Industrials,0.7776922515948941,False,True,True,True,True,True,False,eligible,eligible,eligible
2023,2023-06,12,SAB.HM,84456681298995,2023-06-30,2023-07-31,2024-06-30,True,12,SAB.HM,2023-04-28,25572954470968.0,0.070322,0.113682,False,SAB.HM,Consumer Staples,0.302793740857922,False,True,True,True,True,True,False,eligible,eligible,eligible
2023,2023-06,60,SBT.HM,11218588423052,2023-06-30,2023-07-31,2024-06-30,True,12,SBT.HM,2023-05-05,10407401902626.0,0.023769,0.224107,False,SBT.HM,Consumer Staples,0.9276926392308705,False,True,True,True,True,True,False,eligible,eligible,eligible
2023,2023-06,96,SCS.HM,5058357690085,2023-06-30,2023-07-31,2024-06-30,True,12,SCS.HM,2023-04-19,1559850871844.0,0.135998,0.29355,False,SCS.HM,Industrials,0.3083710103976037,False,True,True,True,True,True,False,eligible,eligible,eligible
2023,2023-06,29,SHB.HM,35378494775264,2023-06-30,2023-07-31,2024-06-30,True,12,SHB.HM,2023-05-05,45813656000000.0,0.106681,0.227597,False,SHB.HM,Financials,1.294957750210223,True,True,True,True,True,True,False,eligible,eligible,eligible
2023,2023-06,65,SIP.HM,9690926333849,2023-06-30,2023-07-31,2024-06-30,True,12,SIP.HM,2023-04-28,3844411449095.0,0.056705,0.06688,False,SIP.HM,Real Estate,0.3967021641333738,False,True,True,True,True,True,False,eligible,eligible,eligible
2023,2023-06,100,SJS.HM,4772304074109,2023-06-30,2023-07-31,2024-06-30,True,12,SJS.HM,2023-04-27,2585635750813.0,0.024577,-0.014401,False,SJS.HM,Real Estate,0.5418002940845181,False,True,True,True,True,True,False,eligible,eligible,eligible
2023,2023-06,18,SSB.HM,66372553213073,2023-06-30,2023-07-31,2024-06-30,True,12,SSB.HM,2023-04-28,27086484000000.0,0.061115,,False,SSB.HM,Financials,0.4080976652057577,True,True,True,True,True,False,False,eligible,eligible,missing_investment
2023,2023-06,30,SSI.HM,35183470435648,2023-06-30,2023-07-31,2024-06-30,True,12,SSI.HM,2023-05-05,22972753148755.0,0.073394,0.420009,False,SSI.HM,Financials,0.652941647435636,True,True,True,True,True,True,False,eligible,eligible,eligible
2023,2023-06,21,STB.HM,56179428336800,2023-06-30,2023-07-31,2024-06-30,True,12,STB.HM,2023-04-28,40557793000000.0,0.051451,0.058071,False,STB.HM,Financials,0.7219331737740887,True,True,True,True,True,True,False,eligible,eligible,eligible
2023,2023-06,9,TCB.HM,110846390450965,2023-06-30,2023-07-31,2024-06-30,True,12,TCB.HM,2023-04-26,117965416000000.0,0.066545,0.293733,False,TCB.HM,Financials,1.0642242432980642,True,True,True,True,True,True,False,eligible,eligible,eligible
2023,2023-06,86,TCH.HM,5727521078158,2023-06-30,2023-07-31,2024-06-30,True,12,TCH.HM,2023-04-28,11656119935246.0,0.019888,0.306135,False,TCH.HM,Industrials,2.03510729619081,False,True,True,True,True,True,False,eligible,eligible,eligible
2023,2023-06,85,TMS.HM,5800834907401,2023-06-30,2023-07-31,2024-06-30,True,12,TMS.HM,2023-04-28,4236673259041.0,0.022479,0.462931,False,TMS.HM,Industrials,0.7303557723450528,False,True,True,True,True,True,False,eligible,eligible,eligible
2023,2023-06,28,TPB.HM,35946908505767,2023-06-30,2023-07-31,2024-06-30,True,12,TPB.HM,2023-04-20,33662293000000.0,0.08085,0.419323,False,TPB.HM,Financials,0.936444729164944,True,True,True,True,True,True,False,eligible,eligible,eligible
2023,2023-06,94,VBB.HM,5158968597163,2023-06-30,2023-07-31,2024-06-30,True,12,VBB.HM,2023-04-26,6420925000000.0,0.098955,0.127829,False,VBB.HM,Financials,1.244614088857019,True,True,True,True,True,True,False,eligible,eligible,eligible
2023,2023-06,1,VCB.HM,465942900961351,2023-06-30,2023-07-31,2024-06-30,True,12,VCB.HM,2023-05-05,144658358000000.0,0.101106,0.066924,False,VCB.HM,Financials,0.3104637021006982,True,True,True,True,True,True,False,eligible,eligible,eligible
2023,2023-06,62,VCG.HM,10755161277318,2023-06-30,2023-07-31,2024-06-30,True,12,VCG.HM,2023-04-28,9924097146598.0,0.006688,0.579268,False,VCG.HM,Industrials,0.9227288081237177,False,True,True,True,True,True,False,eligible,eligible,eligible
2023,2023-06,56,VCI.HM,11442394300269,2023-06-30,2023-07-31,2024-06-30,True,12,VCI.HM,2023-04-21,6867904966439.0,0.081752,0.984665,False,VCI.HM,Financials,0.6002157228821893,True,True,True,True,True,True,False,eligible,eligible,eligible
2023,2023-06,45,VGC.HM,16272122710305,2023-06-30,2023-07-31,2024-06-30,True,12,VGC.HM,2023-04-20,9225707709341.0,0.039394,0.223607,False,VGC.HM,Industrials,0.5669639956376703,False,True,True,True,True,True,False,eligible,eligible,eligible
2023,2023-06,61,VHC.HM,10866910981216,2023-06-30,2023-07-31,2024-06-30,True,12,VHC.HM,2023-04-20,7890067681175.0,0.084142,0.213245,False,VHC.HM,Consumer Staples,0.7260635239226103,False,True,True,True,True,True,False,eligible,eligible,eligible
2023,2023-06,8,VHM.HM,115310106432041,2023-06-30,2023-07-31,2024-06-30,True,12,VHM.HM,2023-04-24,160418135000000.0,0.078715,0.070545,False,VHM.HM,Real Estate,1.3911888555453187,False,True,True,True,True,True,False,eligible,eligible,eligible
2023,2023-06,27,VIB.HM,39188485312698,2023-06-30,2023-07-31,2024-06-30,True,12,VIB.HM,2023-04-28,32570416000000.0,0.134642,0.26501,False,VIB.HM,Financials,0.83112209466913,True,True,True,True,True,True,False,eligible,eligible,eligible
2023,2023-06,3,VIC.HM,195911218108500,2023-06-30,2023-07-31,2024-06-30,True,12,VIC.HM,2023-04-25,136311955000000.0,-0.024704,0.011914,False,VIC.HM,Real Estate,0.6957843267786095,False,True,True,True,True,True,False,eligible,eligible,eligible
2023,2023-06,80,VIX.HM,6885720426924,2023-06-30,2023-07-31,2024-06-30,True,12,VIX.HM,2023-04-18,7873512455998.0,0.062285,1.236355,False,VIX.HM,Financials,1.1434551459875737,True,True,True,True,True,True,False,eligible,eligible,eligible
2023,2023-06,26,VJC.HM,39287664706450,2023-06-30,2023-07-31,2024-06-30,True,12,VJC.HM,2023-05-05,15149167553807.0,-0.006878,0.142861,False,VJC.HM,Industrials,0.3855960303825314,False,True,True,True,True,True,False,eligible,eligible,eligible
2023,2023-06,43,VND.HM,21579355148593,2023-06-30,2023-07-31,2024-06-30,True,12,VND.HM,2023-04-28,14650345330781.0,0.070318,1.476934,False,VND.HM,Financials,0.6789056127905759,True,True,True,True,True,True,False,eligible,eligible,eligible
2023,2023-06,7,VNM.HM,120543470586233,2023-06-30,2023-07-31,2024-06-30,True,12,VNM.HM,2023-04-28,34510226162818.0,0.075376,0.10117,False,VNM.HM,Consumer Staples,0.2862886392351751,False,True,True,True,True,True,False,eligible,eligible,eligible
2023,2023-06,11,VPB.HM,91526610924852,2023-06-30,2023-07-31,2024-06-30,True,12,VPB.HM,2023-05-05,105097639000000.0,0.088445,0.306384,False,VPB.HM,Financials,1.1482741241920396,True,True,True,True,True,True,False,eligible,eligible,eligible
2023,2023-06,58,VPI.HM,11373978649569,2023-06-30,2023-07-31,2024-06-30,True,12,VPI.HM,2023-05-05,3821516690787.0,0.108316,0.013598,False,VPI.HM,Real Estate,0.33598767929213674,False,True,True,True,True,True,False,eligible,eligible,eligible
2023,2023-06,20,VRE.HM,60898133388000,2023-06-30,2023-07-31,2024-06-30,True,12,VRE.HM,2023-04-24,34442056000000.0,0.006682,-0.048798,False,VRE.HM,Real Estate,0.5655683365622963,False,True,True,True,True,True,False,eligible,eligible,eligible
2023,2023-06,69,VSH.HM,8717011551862,2023-06-30,2023-07-31,2024-06-30,True,12,VSH.HM,2023-04-27,5494970861786.0,0.055577,0.035184,False,VSH.HM,Utilities,0.6303732453597868,False,True,True,True,True,True,False,eligible,eligible,eligible
2024,2024-06,16,ACB.HM,100287982658220,2024-06-30,2024-07-31,2025-06-30,True,14,ACB.HM,2024-04-10,74790732000000.0,0.063781,0.151781,False,ACB.HM,Financials,0.7457596615028715,True,True,True,True,True,True,False,eligible,eligible,eligible
2024,2024-06,96,ACG.HM,6535416304517,2024-06-30,2024-07-31,2025-06-30,True,14,ACG.HM,2024-04-25,4254689331752.0,0.05223,0.09719,False,ACG.HM,Materials,0.6510203992378176,False,True,True,True,True,True,False,eligible,eligible,eligible
2024,2024-06,22,BCM.HM,63935415584685,2024-06-30,2024-07-31,2025-06-30,True,14,BCM.HM,2024-04-26,19526391859407.0,-0.024282,-0.014143,False,BCM.HM,Real Estate,0.3054080697034575,False,True,True,True,True,True,False,eligible,eligible,eligible
2024,2024-06,87,BHN.HM,8341962549644,2024-06-30,2024-07-31,2025-06-30,True,14,BHN.HM,2024-04-29,5285136600221.0,0.012715,0.020521,False,BHN.HM,Consumer Staples,0.6335603365237533,False,True,True,True,True,True,False,eligible,eligible,eligible
2024,2024-06,2,BID.HM,241039394054533,2024-06-30,2024-07-31,2025-06-30,True,14,BID.HM,2024-05-06,129017835000000.0,0.092887,0.203732,False,BID.HM,Financials,0.5352562202791253,True,True,True,True,True,True,False,eligible,eligible,eligible
2024,2024-06,93,BMP.HM,6822571215546,2024-06-30,2024-07-31,2025-06-30,True,14,BMP.HM,2024-04-26,2879604041527.0,0.133122,0.072857,False,BMP.HM,Industrials,0.4220702064590395,False,True,True,True,True,True,False,eligible,eligible,eligible
2024,2024-06,75,BSI.HM,10301385902480,2024-06-30,2024-07-31,2025-06-30,True,14,BSI.HM,2024-04-19,4821563540372.0,0.004788,-0.068887,False,BSI.HM,Financials,0.4680499872557183,True,True,True,True,True,True,False,eligible,eligible,eligible
2024,2024-06,20,BSR.HM,64621886113387,2024-06-30,2024-07-31,2025-06-30,True,14,BSR.HM,2024-05-06,58040467129603.0,0.031897,0.175045,False,BSR.HM,Energy,0.8981549536911365,False,True,True,True,True,True,False,eligible,eligible,eligible
2024,2024-06,98,BVB.HM,5919821838731,2024-06-30,2024-07-31,2025-06-30,True,14,BVB.HM,2024-04-26,5958447000000.0,0.021836,0.033408,False,BVB.HM,Financials,1.0065247168447353,True,True,True,True,True,True,False,eligible,eligible,eligible
2024,2024-06,35,BVH.HM,32735720502408,2024-06-30,2024-07-31,2025-06-30,True,14,BVH.HM,2024-05-03,22875923294398.0,0.669719,0.189729,False,BVH.HM,Financials,0.6988061647433504,True,True,True,True,True,True,False,eligible,eligible,eligible
2024,2024-06,81,BWE.HM,9496885262499,2024-06-30,2024-07-31,2025-06-30,True,14,BWE.HM,2024-04-25,5028109796900.0,0.035673,0.100667,False,BWE.HM,Utilities,0.5294483041460805,False,True,True,True,True,True,False,eligible,eligible,eligible
2024,2024-06,69,CMG.HM,11616799474640,2024-06-30,2024-07-31,2025-06-30,True,14,CMG.HM,2024-04-24,3344147915246.0,0.038586,0.154527,False,CMG.HM,Information Technology,0.2878717087736968,False,True,True,True,True,True,False,eligible,eligible,eligible
2024,2024-06,94,CTD.HM,6820596406298,2024-06-30,2024-07-31,2025-06-30,True,14,CTD.HM,2024-05-02,8519706735256.0,0.016873,0.260313,False,CTD.HM,Industrials,1.2491146268952487,False,True,True,True,True,True,False,eligible,eligible,eligible
2024,2024-06,5,CTG.HM,162629911019658,2024-06-30,2024-07-31,2025-06-30,True,14,CTG.HM,2024-04-29,130582488000000.0,0.085611,0.181004,False,CTG.HM,Financials,0.802942627105144,True,True,True,True,True,True,False,eligible,eligible,eligible
2024,2024-06,59,CTR.HM,15101478306343,2024-06-30,2024-07-31,2025-06-30,True,14,CTR.HM,2024-04-29,1895196521192.0,0.104418,0.528978,False,CTR.HM,Industrials,0.12549741705724068,False,True,True,True,True,True,False,eligible,eligible,eligible
2024,2024-06,88,DBC.HM,8127651698624,2024-06-30,2024-07-31,2025-06-30,True,14,DBC.HM,2024-05-02,4738842567454.0,-0.056222,0.198494,False,DBC.HM,Consumer Staples,0.5830518756427862,False,True,True,True,True,True,False,eligible,eligible,eligible
2024,2024-06,52,DCM.HM,18001059026400,2024-06-30,2024-07-31,2025-06-30,True,14,DCM.HM,2024-05-02,10290889026718.0,0.107161,0.279507,False,DCM.HM,Materials,0.5716824222189141,False,True,True,True,True,True,False,eligible,eligible,eligible
2024,2024-06,31,DGC.HM,43390210106362,2024-06-30,2024-07-31,2025-06-30,True,14,DGC.HM,2024-04-22,12510005829489.0,0.10987,0.573306,False,DGC.HM,Materials,0.2883140182733235,False,True,True,True,True,True,False,eligible,eligible,eligible
2024,2024-06,80,DGW.HM,9750009244970,2024-06-30,2024-07-31,2025-06-30,True,14,DGW.HM,2024-04-29,2719395377076.0,0.077901,-0.028939,False,DGW.HM,Information Technology,0.27891208190176103,False,True,True,True,True,True,False,eligible,eligible,eligible
2024,2024-06,67,DHG.HM,12410377529291,2024-06-30,2024-07-31,2025-06-30,True,14,DHG.HM,2024-04-19,5075163418201.0,0.067184,0.119984,False,DHG.HM,Health Care,0.40894512727131693,False,True,True,True,True,True,False,eligible,eligible,eligible
2024,2024-06,55,DIG.HM,16191568782327,2024-06-30,2024-07-31,2025-06-30,True,14,DIG.HM,2024-05-02,7772320028697.0,0.00022,-0.124599,False,DIG.HM,Industrials,0.48002266693147366,False,True,True,True,True,True,False,eligible,eligible,eligible
2024,2024-06,63,DPM.HM,12872624638669,2024-06-30,2024-07-31,2025-06-30,True,14,DPM.HM,2024-04-29,11805283947509.0,0.087084,0.271654,False,DPM.HM,Materials,0.9170844547153392,False,True,True,True,True,True,False,eligible,eligible,eligible
2024,2024-06,70,DXG.HM,11531251743709,2024-06-30,2024-07-31,2025-06-30,True,14,DXG.HM,2024-05-02,15482991028631.0,-0.025651,0.073144,False,DXG.HM,Real Estate,1.3426982059495765,False,True,True,True,True,True,False,eligible,eligible,eligible
2024,2024-06,36,EIB.HM,32405068520761,2024-06-30,2024-07-31,2025-06-30,True,14,EIB.HM,2024-04-29,22968033000000.0,0.028179,0.115925,False,EIB.HM,Financials,0.7087790289745889,True,True,True,True,True,True,False,eligible,eligible,eligible
2024,2024-06,77,EVF.HM,10070751297049,2024-06-30,2024-07-31,2025-06-30,True,14,EVF.HM,2024-04-19,8573623000000.0,0.012854,0.302909,False,EVF.HM,Financials,0.8513389663899555,True,True,True,True,True,True,False,eligible,eligible,eligible
2024,2024-06,4,FPT.HM,166550960169412,2024-06-30,2024-07-31,2025-06-30,True,14,FPT.HM,2024-04-23,31727101031164.0,0.085992,-0.038131,False,FPT.HM,Information Technology,0.19049485514158482,False,True,True,True,True,True,False,eligible,eligible,eligible
2024,2024-06,45,FRT.HM,22966575260329,2024-06-30,2024-07-31,2025-06-30,True,14,FRT.HM,2024-04-26,1779857863795.0,0.052718,-0.024316,False,FRT.HM,Consumer Discretionary,0.07749774808042073,False,True,True,True,True,True,False,eligible,eligible,eligible
2024,2024-06,68,FTS.HM,12035577955502,2024-06-30,2024-07-31,2025-06-30,True,14,FTS.HM,2024-04-19,3769261008439.0,0.043371,-0.440776,False,FTS.HM,Financials,0.3131765688672975,True,True,True,True,True,True,False,eligible,eligible,eligible
2024,2024-06,9,GAS.HM,154233287064025,2024-06-30,2024-07-31,2025-06-30,True,14,GAS.HM,2024-04-26,67900271214877.0,0.066839,0.049444,False,GAS.HM,Utilities,0.4402439480310783,False,True,True,True,True,True,False,eligible,eligible,eligible
2024,2024-06,78,GEE.HM,9961199105760,2024-06-30,2024-07-31,2025-06-30,True,14,GEE.HM,2024-05-02,5909530878073.0,0.033425,,False,GEE.HM,Industrials,0.593254970142686,False,True,True,True,True,False,False,eligible,eligible,missing_investment
2024,2024-06,51,GEX.HM,18181204341969,2024-06-30,2024-07-31,2025-06-30,True,14,GEX.HM,2024-04-29,21434251813195.0,0.016472,-0.14389,False,GEX.HM,Industrials,1.178923651593132,False,True,True,True,True,True,False,eligible,eligible,eligible
2024,2024-06,44,GMD.HM,23601367406265,2024-06-30,2024-07-31,2025-06-30,True,14,GMD.HM,2024-04-29,10390813965254.0,0.022379,0.214276,False,GMD.HM,Industrials,0.4402632180750574,False,True,True,True,True,True,False,eligible,eligible,eligible
2024,2024-06,11,GVR.HM,133633434452000,2024-06-30,2024-07-31,2025-06-30,True,14,GVR.HM,2024-05-02,56018177083634.0,0.021279,-0.007167,False,GVR.HM,Materials,0.4191928263563057,False,True,True,True,True,True,False,eligible,eligible,eligible
2024,2024-06,65,HAG.HM,12794531324300,2024-06-30,2024-07-31,2025-06-30,True,14,HAG.HM,2024-05-02,7032474112000.0,0.081192,0.073684,False,HAG.HM,Consumer Staples,0.5496468712881715,False,True,True,True,True,True,False,eligible,eligible,eligible
2024,2024-06,54,HCM.HM,16590089988218,2024-06-30,2024-07-31,2025-06-30,True,14,HCM.HM,2024-04-19,8588940069167.0,0.049107,-0.366125,False,HCM.HM,Financials,0.517715098306683,True,True,True,True,True,True,False,eligible,eligible,eligible
2024,2024-06,21,HDB.HM,64340855161154,2024-06-30,2024-07-31,2025-06-30,True,14,HDB.HM,2024-04-29,49700250000000.0,0.077238,0.111212,False,HDB.HM,Financials,0.7724524312820555,True,True,True,True,True,True,False,eligible,eligible,eligible
2024,2024-06,83,HDG.HM,9297447738439,2024-06-30,2024-07-31,2025-06-30,True,14,HDG.HM,2024-05-02,7493090814403.0,0.066078,-0.049499,False,HDG.HM,Industrials,0.8059298664754911,False,True,True,True,True,True,False,eligible,eligible,eligible
2024,2024-06,3,HPG.HM,177764085660568,2024-06-30,2024-07-31,2025-06-30,True,14,HPG.HM,2024-04-25,105624580573088.0,-0.025341,-0.044328,False,HPG.HM,Materials,0.5941840286837976,False,True,True,True,True,True,False,eligible,eligible,eligible
2024,2024-06,62,HSG.HM,14303744813986,2024-06-30,2024-07-31,2025-06-30,True,14,HSG.HM,2024-05-31,11160093063300.0,-0.064461,-0.303874,False,HSG.HM,Materials,0.7802217676861669,False,True,True,True,True,True,False,eligible,eligible,eligible
2024,2024-06,18,HVN.HM,73517907574137,2024-06-30,2024-07-31,2025-06-30,True,14,HVN.HM,2024-05-02,-12556099532346.0,,-0.038402,False,HVN.HM,Industrials,-0.17078967487865682,False,True,False,False,False,False,False,missing_or_nonpositive_book_equity,missing_or_nonpositive_book_equity,missing_or_nonpositive_book_equity
2024,2024-06,47,KBC.HM,22260538011000,2024-06-30,2024-07-31,2025-06-30,True,14,KBC.HM,2024-05-02,20144138834473.0,-0.028034,0.12595,False,KBC.HM,Real Estate,0.9049259647057414,False,True,True,True,True,True,False,eligible,eligible,eligible
2024,2024-06,58,KDC.HM,15384070421059,2024-06-30,2024-07-31,2025-06-30,True,14,KDC.HM,2024-05-02,7134715179753.0,-0.021992,-0.004826,False,KDC.HM,Consumer Staples,0.4637729147408482,False,True,True,True,True,True,False,eligible,eligible,eligible
2024,2024-06,38,KDH.HM,29494617570799,2024-06-30,2024-07-31,2025-06-30,True,14,KDH.HM,2024-04-26,15586291613000.0,0.017163,0.498623,False,KDH.HM,Real Estate,0.5284452858419542,False,True,True,True,True,True,False,eligible,eligible,eligible
2024,2024-06,86,KOS.HM,8507716465500,2024-06-30,2024-07-31,2025-06-30,True,14,KOS.HM,2024-05-02,2309325904230.0,-0.005109,0.247947,False,KOS.HM,Real Estate,0.27143898290389024,False,True,True,True,True,True,False,eligible,eligible,eligible
2024,2024-06,71,LGC.HM,10860549916286,2024-06-30,2024-07-31,2025-06-30,True,14,LGC.HM,2024-05-02,5340652727301.0,0.02845,0.046962,False,LGC.HM,Industrials,0.4917479104158799,False,True,True,True,True,True,False,eligible,eligible,eligible
2024,2024-06,23,LPB.HM,63486460781705,2024-06-30,2024-07-31,2025-06-30,True,14,LPB.HM,2024-04-22,36416061000000.0,0.088669,0.133308,False,LPB.HM,Financials,0.5736035770715711,True,True,True,True,True,True,False,eligible,eligible,eligible
2024,2024-06,15,MBB.HM,112474931081042,2024-06-30,2024-07-31,2025-06-30,True,14,MBB.HM,2024-04-22,101341424000000.0,0.096295,0.19994,False,MBB.HM,Financials,0.9010134349580536,True,True,True,True,True,True,False,eligible,eligible,eligible
2024,2024-06,12,MCH.HM,131610777929229,2024-06-30,2024-07-31,2025-06-30,True,14,MCH.HM,2024-04-26,28092093950964.0,0.092587,0.10967,False,MCH.HM,Consumer Staples,0.21344827827147977,False,True,True,True,True,True,False,eligible,eligible,eligible
2024,2024-06,39,MSB.HM,28599985782364,2024-06-30,2024-07-31,2025-06-30,True,14,MSB.HM,2024-04-24,32305124000000.0,0.026291,0.044732,False,MSB.HM,Financials,1.1295503517320191,True,True,True,True,True,True,False,eligible,eligible,eligible
2024,2024-06,14,MSN.HM,113015728098900,2024-06-30,2024-07-31,2025-06-30,True,14,MSN.HM,2024-04-25,38833493000000.0,0.006781,0.120937,False,MSN.HM,Consumer Staples,0.34361140394562456,False,True,True,True,True,True,False,eligible,eligible,eligible
2024,2024-06,17,MWG.HM,88550355435632,2024-06-30,2024-07-31,2025-06-30,True,14,MWG.HM,2024-05-06,26034159348392.0,0.032957,-0.113342,False,MWG.HM,Consumer Discretionary,0.29400400732797116,False,True,True,True,True,True,False,eligible,eligible,eligible
2024,2024-06,53,NAB.HM,16875757007881,2024-06-30,2024-07-31,2025-06-30,True,14,NAB.HM,2024-05-02,15968062000000.0,0.037287,0.158846,False,NAB.HM,Financials,0.946213079066195,True,True,True,True,True,True,False,eligible,eligible,eligible
2024,2024-06,97,NKG.HM,6200189341137,2024-06-30,2024-07-31,2025-06-30,True,14,NKG.HM,2024-05-02,5573183954786.0,-0.083409,-0.125806,False,NKG.HM,Materials,0.8988731872765648,False,True,True,True,True,True,False,eligible,eligible,eligible
2024,2024-06,57,NLG.HM,15423420978258,2024-06-30,2024-07-31,2025-06-30,True,14,NLG.HM,2024-04-26,13381347757367.0,0.049429,0.1468,False,NLG.HM,Real Estate,0.8675992035898095,False,True,True,True,True,True,False,eligible,eligible,eligible
2024,2024-06,100,NT2.HM,5812767224540,2024-06-30,2024-07-31,2025-06-30,True,14,NT2.HM,2024-04-22,3976177267343.0,0.041502,0.123899,False,NT2.HM,Utilities,0.6840420601321532,False,True,True,True,True,True,False,eligible,eligible,eligible
2024,2024-06,43,NVL.HM,25936402670855,2024-06-30,2024-07-31,2025-06-30,True,14,NVL.HM,2024-04-26,44701967729381.0,0.006134,0.276967,False,NVL.HM,Real Estate,1.7235222747221246,False,True,True,True,True,True,False,eligible,eligible,eligible
2024,2024-06,41,OCB.HM,27481736545539,2024-06-30,2024-07-31,2025-06-30,True,14,OCB.HM,2024-04-24,29495563055944.0,0.062193,0.05151,False,OCB.HM,Financials,1.0732787211997306,True,True,True,True,True,True,False,eligible,eligible,eligible
2024,2024-06,84,PC1.HM,8941117790219,2024-06-30,2024-07-31,2025-06-30,True,14,PC1.HM,2024-05-03,7354681438462.0,0.037045,0.164145,False,PC1.HM,Industrials,0.8225684540816074,False,True,True,True,True,True,False,eligible,eligible,eligible
2024,2024-06,48,PDR.HM,20693421520751,2024-06-30,2024-07-31,2025-06-30,True,14,PDR.HM,2024-04-19,9631054121304.0,-0.158666,0.111494,False,PDR.HM,Real Estate,0.46541622474785754,False,True,True,True,True,True,False,eligible,eligible,eligible
2024,2024-06,42,PGV.HM,26059583221989,2024-06-30,2024-07-31,2025-06-30,True,14,PGV.HM,2024-04-26,15085619370938.0,0.025724,-0.024382,False,PGV.HM,Utilities,0.578889510336021,False,True,True,True,True,True,False,eligible,eligible,eligible
2024,2024-06,89,PHR.HM,7606778371550,2024-06-30,2024-07-31,2025-06-30,True,14,PHR.HM,2024-05-02,3899856758378.0,0.032237,0.050806,False,PHR.HM,Materials,0.5126817908832203,False,True,True,True,True,True,False,eligible,eligible,eligible
2024,2024-06,27,PLX.HM,50281821454250,2024-06-30,2024-07-31,2025-06-30,True,14,PLX.HM,2024-05-02,30313183415087.0,0.033524,0.14947,False,PLX.HM,Energy,0.6028656587683107,False,True,True,True,True,True,False,eligible,eligible,eligible
2024,2024-06,37,PNJ.HM,30499119768862,2024-06-30,2024-07-31,2025-06-30,True,14,PNJ.HM,2024-04-22,10474383758143.0,0.070378,0.255966,False,PNJ.HM,Consumer Discretionary,0.3434323297696216,False,True,True,True,True,True,False,eligible,eligible,eligible
2024,2024-06,34,POW.HM,34893900218851,2024-06-30,2024-07-31,2025-06-30,True,14,POW.HM,2024-04-29,33867769674190.0,0.021342,0.072981,False,POW.HM,Utilities,0.9705928389138155,False,True,True,True,True,True,False,eligible,eligible,eligible
2024,2024-06,56,PVD.HM,15655933344405,2024-06-30,2024-07-31,2025-06-30,True,14,PVD.HM,2024-05-02,15306784351710.0,0.003781,-0.002753,False,PVD.HM,Energy,0.977698615278036,False,True,True,True,True,True,False,eligible,eligible,eligible
2024,2024-06,76,PVT.HM,10072478999718,2024-06-30,2024-07-31,2025-06-30,True,14,PVT.HM,2024-05-01,9351191912578.0,0.070382,0.140751,False,PVT.HM,Energy,0.9283903111478123,False,True,True,True,True,True,False,eligible,eligible,eligible
2024,2024-06,40,REE.HM,28561892077368,2024-06-30,2024-07-31,2025-06-30,True,14,REE.HM,2024-04-26,20854353493076.0,0.043416,0.065591,False,REE.HM,Industrials,0.7301460784385733,False,True,True,True,True,True,False,eligible,eligible,eligible
2024,2024-06,19,SAB.HM,64817005919451,2024-06-30,2024-07-31,2025-06-30,True,14,SAB.HM,2024-04-25,26456856471800.0,0.053273,0.130483,False,SAB.HM,Consumer Staples,0.4081777011526621,False,True,True,True,True,True,False,eligible,eligible,eligible
2024,2024-06,85,SBT.HM,8737910455403,2024-06-30,2024-07-31,2025-06-30,True,14,SBT.HM,2024-05-02,11322784840033.0,0.012336,0.2358,False,SBT.HM,Consumer Staples,1.2958229427759436,False,True,True,True,True,True,False,eligible,eligible,eligible
2024,2024-06,91,SCS.HM,7152914046536,2024-06-30,2024-07-31,2025-06-30,True,14,SCS.HM,2024-04-17,1497800740745.0,0.118828,0.098929,False,SCS.HM,Industrials,0.20939727934663946,False,True,True,True,True,True,False,eligible,eligible,eligible
2024,2024-06,32,SHB.HM,38530395291916,2024-06-30,2024-07-31,2025-06-30,True,14,SHB.HM,2024-05-02,53180974000000.0,0.076918,0.087445,False,SHB.HM,Financials,1.3802343214256567,True,True,True,True,True,True,False,eligible,eligible,eligible
2024,2024-06,61,SIP.HM,14507483211721,2024-06-30,2024-07-31,2025-06-30,True,14,SIP.HM,2024-05-02,4286040372288.0,0.091191,0.066574,False,SIP.HM,Real Estate,0.29543652125857284,False,True,True,True,True,True,False,eligible,eligible,eligible
2024,2024-06,90,SJS.HM,7175540731644,2024-06-30,2024-07-31,2025-06-30,True,14,SJS.HM,2024-04-26,2766611300821.0,-0.007984,-0.023973,False,SJS.HM,Real Estate,0.3855613680262863,False,True,True,True,True,True,False,eligible,eligible,eligible
2024,2024-06,26,SSB.HM,51910535142966,2024-06-30,2024-07-31,2025-06-30,True,14,SSB.HM,2024-04-30,31565668000000.0,0.049609,0.093354,False,SSB.HM,Financials,0.6080782622075747,True,True,True,True,True,True,False,eligible,eligible,eligible
2024,2024-06,28,SSI.HM,46606456913337,2024-06-30,2024-07-31,2025-06-30,True,14,SSI.HM,2024-05-02,24020904634948.0,0.017808,0.028219,False,SSI.HM,Financials,0.5153986427162656,True,True,True,True,True,True,False,eligible,eligible,eligible
2024,2024-06,25,STB.HM,54294212620800,2024-06-30,2024-07-31,2025-06-30,True,14,STB.HM,2024-05-06,47908999000000.0,0.09554,0.135844,False,STB.HM,Financials,0.8823960545225066,True,True,True,True,True,True,False,eligible,eligible,eligible
2024,2024-06,95,SZC.HM,6778818807285,2024-06-30,2024-07-31,2025-06-30,True,14,SZC.HM,2024-04-17,2971305805906.0,0.024672,0.127951,False,SZC.HM,Real Estate,0.438322057334358,False,True,True,True,True,True,False,eligible,eligible,eligible
2024,2024-06,82,TAL.HM,9484749021292,2024-06-30,2024-07-31,2025-06-30,True,14,TAL.HM,2024-05-03,3988551004315.0,,,False,TAL.HM,Real Estate,0.4205225668450724,False,True,True,True,False,False,False,eligible,missing_operating_profitability,missing_investment
2024,2024-06,8,TCB.HM,156956782171411,2024-06-30,2024-07-31,2025-06-30,True,14,TCB.HM,2024-04-23,137872726000000.0,0.043587,0.229114,False,TCB.HM,Financials,0.878412032233373,True,True,True,True,True,True,False,eligible,eligible,eligible
2024,2024-06,66,TCH.HM,12696099782778,2024-06-30,2024-07-31,2025-06-30,True,14,TCH.HM,2024-05-02,,0.02159,-0.003018,False,TCH.HM,Industrials,,False,True,False,False,False,False,False,missing_or_nonpositive_book_equity,missing_or_nonpositive_book_equity,missing_or_nonpositive_book_equity
2024,2024-06,92,TMS.HM,6990295212676,2024-06-30,2024-07-31,2025-06-30,True,14,TMS.HM,2024-05-02,4803313614909.0,0.031544,-0.02851,False,TMS.HM,Industrials,0.6871403093532887,False,True,True,True,True,True,False,eligible,eligible,eligible
2024,2024-06,33,TPB.HM,35300764947105,2024-06-30,2024-07-31,2025-06-30,True,14,TPB.HM,2024-04-26,34190213000000.0,0.059195,0.12228,False,TPB.HM,Financials,0.9685402866263929,True,True,True,True,True,True,False,eligible,eligible,eligible
2024,2024-06,99,VBB.HM,5825759577388,2024-06-30,2024-07-31,2025-06-30,True,14,VBB.HM,2024-05-04,6952777000000.0,0.021611,0.076703,False,VBB.HM,Financials,1.193454159520483,True,True,True,True,True,True,False,eligible,eligible,eligible
2024,2024-06,1,VCB.HM,468836459320660,2024-06-30,2024-07-31,2025-06-30,True,14,VCB.HM,2024-05-02,173614126000000.0,0.101553,0.281861,False,VCB.HM,Financials,0.3703085000077967,True,True,True,True,True,True,False,eligible,eligible,eligible
2024,2024-06,72,VCG.HM,10543531092751,2024-06-30,2024-07-31,2025-06-30,True,14,VCG.HM,2024-04-26,10726615572735.0,-0.00231,0.033255,False,VCG.HM,Industrials,1.0173646265538,False,True,True,True,True,True,False,eligible,eligible,eligible
2024,2024-06,50,VCI.HM,19652439229885,2024-06-30,2024-07-31,2025-06-30,True,14,VCI.HM,2024-06-06,8177308649484.0,0.034245,-0.143873,False,VCI.HM,Financials,0.4160963712356357,True,True,True,True,True,True,False,eligible,eligible,eligible
2024,2024-06,49,VGC.HM,20324298581864,2024-06-30,2024-07-31,2025-06-30,True,14,VGC.HM,2024-04-23,9754538961710.0,0.024023,0.043727,False,VGC.HM,Industrials,0.4799446791445131,False,True,True,True,True,True,False,eligible,eligible,eligible
2024,2024-06,60,VHC.HM,14788136670730,2024-06-30,2024-07-31,2025-06-30,True,14,VHC.HM,2024-05-14,8330429447269.0,0.031604,0.325679,False,VHC.HM,Consumer Staples,0.5633183972229124,False,True,True,True,True,True,False,eligible,eligible,eligible
2024,2024-06,7,VHM.HM,157870018442412,2024-06-30,2024-07-31,2025-06-30,True,14,VHM.HM,2024-05-02,196216241000000.0,0.097258,0.569574,False,VHM.HM,Real Estate,1.2428974350919961,False,True,True,True,True,True,False,eligible,eligible,eligible
2024,2024-06,30,VIB.HM,44367809823740,2024-06-30,2024-07-31,2025-06-30,True,14,VIB.HM,2024-04-26,38415725000000.0,0.092973,0.107528,False,VIB.HM,Financials,0.8658467738798501,True,True,True,True,True,True,False,eligible,eligible,eligible
2024,2024-06,6,VIC.HM,158666244260200,2024-06-30,2024-07-31,2025-06-30,True,14,VIC.HM,2024-05-02,157752735000000.0,0.028767,0.347872,False,VIC.HM,Real Estate,0.9942425733686497,False,True,True,True,True,True,False,eligible,eligible,eligible
2024,2024-06,74,VIX.HM,10456093980469,2024-06-30,2024-07-31,2025-06-30,True,14,VIX.HM,2024-04-16,8991444663818.0,0.002539,0.722787,False,VIX.HM,Financials,0.8599238569023168,True,True,True,True,True,True,False,eligible,eligible,eligible
2024,2024-06,24,VJC.HM,54973566799373,2024-06-30,2024-07-31,2025-06-30,True,14,VJC.HM,2024-05-02,16051986424025.0,-0.312967,0.317175,False,VJC.HM,Industrials,0.2919946323040491,False,True,True,True,True,True,False,eligible,eligible,eligible
2024,2024-06,46,VND.HM,22263142416315,2024-06-30,2024-07-31,2025-06-30,True,14,VND.HM,2024-05-22,16507819526994.0,0.017496,0.047873,False,VND.HM,Financials,0.7414864989992,True,True,True,True,True,True,False,eligible,eligible,eligible
2024,2024-06,13,VNM.HM,117252945552700,2024-06-30,2024-07-31,2025-06-30,True,14,VNM.HM,2024-04-26,35867590635494.0,0.070781,-0.090934,False,VNM.HM,Consumer Staples,0.30589927158267516,False,True,True,True,True,True,False,eligible,eligible,eligible
2024,2024-06,10,VPB.HM,141539108020761,2024-06-30,2024-07-31,2025-06-30,True,14,VPB.HM,2024-04-25,142937410000000.0,0.075646,0.152726,False,VPB.HM,Financials,1.0098792623381088,True,True,True,True,True,True,False,eligible,eligible,eligible
2024,2024-06,64,VPI.HM,12825975923970,2024-06-30,2024-07-31,2025-06-30,True,14,VPI.HM,2024-05-06,4036484926493.0,0.024715,0.128159,False,VPI.HM,Real Estate,0.3147117186575534,False,True,True,True,True,True,False,eligible,eligible,eligible
2024,2024-06,29,VRE.HM,46468911484500,2024-06-30,2024-07-31,2025-06-30,True,14,VRE.HM,2024-04-26,38909077000000.0,0.032452,0.127466,False,VRE.HM,Real Estate,0.8373141473946161,False,True,True,True,True,True,False,eligible,eligible,eligible
2024,2024-06,73,VSH.HM,10476459176307,2024-06-30,2024-07-31,2025-06-30,True,14,VSH.HM,2024-04-23,4596635130290.0,0.102085,-0.030579,False,VSH.HM,Utilities,0.43875846342106734,False,True,True,True,True,True,False,eligible,eligible,eligible
2024,2024-06,79,VTP.HM,9807480052131,2024-06-30,2024-07-31,2025-06-30,True,14,VTP.HM,2024-05-02,1631900746964.0,0.004438,0.056175,False,VTP.HM,Industrials,0.16639348112764354,False,True,True,True,True,True,False,eligible,eligible,eligible
2025,2025-06,17,ACB.HM,106853229214568,2025-06-30,2025-07-31,2026-06-30,True,16,ACB.HM,2025-04-23,87074577000000.0,0.075808,0.182471,False,ACB.HM,Financials,0.8148988817656486,True,True,True,True,True,True,False,eligible,eligible,eligible
2025,2025-06,80,BAF.HM,10701566748178,2025-06-30,2025-07-31,2026-06-30,True,16,BAF.HM,2025-04-30,3069297772894.0,-0.017201,0.381588,False,BAF.HM,Consumer Staples,0.28680826323085495,False,True,True,True,True,True,False,eligible,eligible,eligible
2025,2025-06,23,BCM.HM,65315540484000,2025-06-30,2025-07-31,2026-06-30,True,16,BCM.HM,2025-04-28,21044759699021.0,0.088005,0.10596,False,BCM.HM,Real Estate,0.322201417045247,False,True,True,True,True,True,False,eligible,eligible,eligible
2025,2025-06,88,BHN.HM,8507060000000,2025-06-30,2025-07-31,2026-06-30,True,16,BHN.HM,2025-04-30,4961181779770.0,0.015305,-0.011502,False,BHN.HM,Consumer Staples,0.5831840588605229,False,True,True,True,True,True,False,eligible,eligible,eligible
2025,2025-06,4,BID.HM,249185048353366,2025-06-30,2025-07-31,2026-06-30,True,16,BID.HM,2025-04-28,155906310000000.0,0.108814,0.085004,False,BID.HM,Financials,0.625664786190989,True,True,True,True,True,True,False,eligible,eligible,eligible
2025,2025-06,81,BMP.HM,10450444046323,2025-06-30,2025-07-31,2026-06-30,True,16,BMP.HM,2025-04-22,2988609308203.0,0.133391,0.069039,False,BMP.HM,Industrials,0.2859791693975478,False,True,True,True,True,True,False,eligible,eligible,eligible
2025,2025-06,84,BSI.HM,10072272956182,2025-06-30,2025-07-31,2026-06-30,True,16,BSI.HM,2025-04-18,5137215799647.0,0.01907,0.489224,False,BSI.HM,Financials,0.5100354033290928,True,True,True,True,True,True,False,eligible,eligible,eligible
2025,2025-06,24,BSR.HM,54726769049083,2025-06-30,2025-07-31,2026-06-30,True,16,BSR.HM,2025-05-05,55937459091384.0,0.04233,0.103286,False,BSR.HM,Energy,1.022122446900075,False,True,True,True,True,True,False,eligible,eligible,eligible
2025,2025-06,95,BVB.HM,8138411257139,2025-06-30,2025-07-31,2026-06-30,True,16,BVB.HM,2025-04-29,6219211000000.0,0.016959,0.111506,False,BVB.HM,Financials,0.7641799859333134,True,True,True,True,True,True,False,eligible,eligible,eligible
2025,2025-06,34,BVH.HM,38674676688665,2025-06-30,2025-07-31,2026-06-30,True,16,BVH.HM,2025-04-30,24272717744815.0,0.6889,0.096386,False,BVH.HM,Financials,0.627612686725549,True,True,True,True,True,True,False,eligible,eligible,eligible
2025,2025-06,83,BWE.HM,10248841041025,2025-06-30,2025-07-31,2026-06-30,True,16,BWE.HM,2025-04-28,5289192177759.0,0.036564,0.213714,False,BWE.HM,Utilities,0.5160771014582953,False,True,True,True,True,True,False,eligible,eligible,eligible
2025,2025-06,98,CII.HM,7914558687020,2025-06-30,2025-07-31,2026-06-30,True,16,CII.HM,2025-04-30,11535744993935.0,0.006226,0.161929,False,CII.HM,Industrials,1.4575348354992683,False,True,True,True,True,True,False,eligible,eligible,eligible
2025,2025-06,87,CMG.HM,8726724175491,2025-06-30,2025-07-31,2026-06-30,True,16,CMG.HM,2025-04-30,3677515665164.0,0.0468,0.051465,False,CMG.HM,Information Technology,0.42140849088507926,False,True,True,True,True,True,False,eligible,eligible,eligible
2025,2025-06,89,CTD.HM,8444086194643,2025-06-30,2025-07-31,2026-06-30,True,16,CTD.HM,2025-05-05,8746494659303.0,0.007799,0.141552,False,CTD.HM,Industrials,1.0358130480538972,False,True,True,True,True,True,False,eligible,eligible,eligible
2025,2025-06,6,CTG.HM,219812686181728,2025-06-30,2025-07-31,2026-06-30,True,16,CTG.HM,2025-04-30,153982172000000.0,0.082982,0.123729,False,CTG.HM,Financials,0.7005154009750681,True,True,True,True,True,True,False,eligible,eligible,eligible
2025,2025-06,76,CTR.HM,11275053161240,2025-06-30,2025-07-31,2026-06-30,True,16,CTR.HM,2025-05-28,2005663726933.0,0.094108,0.153629,False,CTR.HM,Industrials,0.17788507940945464,False,True,True,True,True,True,False,eligible,eligible,eligible
2025,2025-06,77,DBC.HM,11239891430279,2025-06-30,2025-07-31,2026-06-30,True,16,DBC.HM,2025-04-22,7234389968064.0,0.001303,0.002898,False,DBC.HM,Consumer Staples,0.6436352177366562,False,True,True,True,True,True,False,eligible,eligible,eligible
2025,2025-06,57,DCM.HM,16867208635400,2025-06-30,2025-07-31,2026-06-30,True,16,DCM.HM,2025-04-25,10564764380096.0,0.055316,0.075606,False,DCM.HM,Materials,0.6263493034599237,False,True,True,True,True,True,False,eligible,eligible,eligible
2025,2025-06,35,DGC.HM,37005180058737,2025-06-30,2025-07-31,2026-06-30,True,16,DGC.HM,2025-04-21,14314595324358.0,0.06581,0.163767,False,DGC.HM,Materials,0.38682679834652756,False,True,True,True,True,True,False,eligible,eligible,eligible
2025,2025-06,85,DGW.HM,9415172625747,2025-06-30,2025-07-31,2026-06-30,True,16,DGW.HM,2025-04-28,3116161320777.0,0.032931,0.173649,False,DGW.HM,Information Technology,0.3309722980814453,False,True,True,True,True,True,False,eligible,eligible,eligible
2025,2025-06,72,DHG.HM,12395763091981,2025-06-30,2025-07-31,2026-06-30,True,16,DHG.HM,2025-05-09,4360994946781.0,0.064088,0.182325,False,DHG.HM,Health Care,0.351813350611887,False,True,True,True,True,True,False,eligible,eligible,eligible
2025,2025-06,74,DIG.HM,11441833680411,2025-06-30,2025-07-31,2026-06-30,True,16,DIG.HM,2025-04-30,7982631734533.0,0.004454,0.141025,False,DIG.HM,Industrials,0.697670666914139,False,True,True,True,True,True,False,eligible,eligible,eligible
2025,2025-06,67,DPM.HM,13564169944324,2025-06-30,2025-07-31,2026-06-30,True,16,DPM.HM,2025-04-29,11389004741794.0,0.010732,-0.248013,False,DPM.HM,Materials,0.839638900761472,False,True,True,True,True,True,False,eligible,eligible,eligible
2025,2025-06,56,DXG.HM,17219143131664,2025-06-30,2025-07-31,2026-06-30,True,16,DXG.HM,2025-04-29,17082405821096.0,0.016405,-0.0506,False,DXG.HM,Real Estate,0.9920589944852392,False,True,True,True,True,True,False,eligible,eligible,eligible
2025,2025-06,33,EIB.HM,42563165869950,2025-06-30,2025-07-31,2026-06-30,True,16,EIB.HM,2025-04-30,25757442000000.0,0.02771,0.08841,False,EIB.HM,Financials,0.6051580391999224,True,True,True,True,True,True,False,eligible,eligible,eligible
2025,2025-06,97,EVF.HM,7985940921000,2025-06-30,2025-07-31,2026-06-30,True,16,EVF.HM,2025-04-21,9247668000000.0,0.018682,0.166435,False,EVF.HM,Financials,1.1579935403331292,True,True,True,True,True,True,False,eligible,eligible,eligible
2025,2025-06,9,FPT.HM,155395835745939,2025-06-30,2025-07-31,2026-06-30,True,16,FPT.HM,2025-04-23,37896654696942.0,0.085096,0.167132,False,FPT.HM,Information Technology,0.24387175187178312,False,True,True,True,True,True,False,eligible,eligible,eligible
2025,2025-06,49,FRT.HM,24414637389265,2025-06-30,2025-07-31,2026-06-30,True,16,FRT.HM,2025-04-30,2332597319875.0,-0.056503,0.244651,False,FRT.HM,Consumer Discretionary,0.09554093647528969,False,True,True,True,True,True,False,eligible,eligible,eligible
2025,2025-06,71,FTS.HM,12838057924043,2025-06-30,2025-07-31,2026-06-30,True,16,FTS.HM,2025-04-21,4270935708595.0,0.04552,0.557241,False,FTS.HM,Financials,0.33267770981126593,True,True,True,True,True,True,False,eligible,eligible,eligible
2025,2025-06,11,GAS.HM,149784046736524,2025-06-30,2025-07-31,2026-06-30,True,16,GAS.HM,2025-04-30,64327188590115.0,0.050519,0.061597,False,GAS.HM,Utilities,0.42946622148131064,False,True,True,True,True,True,False,eligible,eligible,eligible
2025,2025-06,38,GEE.HM,34085380673329,2025-06-30,2025-07-31,2026-06-30,True,16,GEE.HM,2025-04-17,7444595161930.0,0.042146,-0.212214,False,GEE.HM,Industrials,0.21841021032677563,False,True,True,True,True,True,False,eligible,eligible,eligible
2025,2025-06,39,GEX.HM,33227464186347,2025-06-30,2025-07-31,2026-06-30,True,16,GEX.HM,2025-04-22,24703943359040.0,0.001847,0.05139,False,GEX.HM,Industrials,0.7434796474535281,False,True,True,True,True,True,False,eligible,eligible,eligible
2025,2025-06,51,GMD.HM,22880639555899,2025-06-30,2025-07-31,2026-06-30,True,16,GMD.HM,2025-04-22,14101154449221.0,0.013426,0.039551,False,GMD.HM,Industrials,0.6162919709814446,False,True,True,True,True,True,False,eligible,eligible,eligible
2025,2025-06,14,GVR.HM,119495928000000,2025-06-30,2025-07-31,2026-06-30,True,16,GVR.HM,2025-04-29,60083201795171.0,0.019008,-0.004918,False,GVR.HM,Materials,0.5028054327940865,False,True,True,True,True,True,False,eligible,eligible,eligible
2025,2025-06,66,HAG.HM,13693320714850,2025-06-30,2025-07-31,2026-06-30,True,16,HAG.HM,2025-04-14,9743272811000.0,0.154769,0.055806,False,HAG.HM,Consumer Staples,0.7115346973823311,False,True,True,True,True,True,False,eligible,eligible,eligible
2025,2025-06,93,HAH.HM,8337438562968,2025-06-30,2025-07-31,2026-06-30,True,16,HAH.HM,2025-04-28,4499791228708.0,0.021934,0.0613,False,HAH.HM,Industrials,0.5397090718838404,False,True,True,True,True,True,False,eligible,eligible,eligible
2025,2025-06,52,HCM.HM,22433175196685,2025-06-30,2025-07-31,2026-06-30,True,16,HCM.HM,2025-06-24,10310678213284.0,0.046364,0.159496,False,HCM.HM,Financials,0.45961742476863604,True,True,True,True,True,True,False,eligible,eligible,eligible
2025,2025-06,22,HDB.HM,76192336449057,2025-06-30,2025-07-31,2026-06-30,True,16,HDB.HM,2025-04-28,61032537000000.0,0.123631,0.446923,False,HDB.HM,Financials,0.8010324902007303,True,True,True,True,True,True,False,eligible,eligible,eligible
2025,2025-06,86,HDG.HM,9209881013894,2025-06-30,2025-07-31,2026-06-30,True,16,HDG.HM,2025-05-05,7582914049321.0,0.050404,-0.044129,False,HDG.HM,Industrials,0.8233454957649765,False,True,True,True,True,True,False,eligible,eligible,eligible
2025,2025-06,7,HPG.HM,171105085456394,2025-06-30,2025-07-31,2026-06-30,True,16,HPG.HM,2025-04-29,117996879089129.0,0.032984,0.102428,False,HPG.HM,Materials,0.6896164352707121,False,True,True,True,True,True,False,eligible,eligible,eligible
2025,2025-06,82,HSG.HM,10308309412953,2025-06-30,2025-07-31,2026-06-30,True,16,HSG.HM,2025-05-09,11313178968615.0,0.007881,0.177571,False,HSG.HM,Materials,1.0974815088882879,False,True,True,True,True,True,False,eligible,eligible,eligible
2025,2025-06,21,HVN.HM,83925563164451,2025-06-30,2025-07-31,2026-06-30,True,16,HVN.HM,2025-05-05,-5854243295720.0,,-0.048144,False,HVN.HM,Industrials,-0.06975518632205886,False,True,False,False,False,False,False,missing_or_nonpositive_book_equity,missing_or_nonpositive_book_equity,missing_or_nonpositive_book_equity
2025,2025-06,100,IMP.HM,7831132281498,2025-06-30,2025-07-31,2026-06-30,True,16,IMP.HM,2025-01-20,2183119168600.0,0.047258,0.050801,False,IMP.HM,Health Care,0.27877439559511513,False,True,True,True,True,True,False,eligible,eligible,eligible
2025,2025-06,47,KBC.HM,25191939803250,2025-06-30,2025-07-31,2026-06-30,True,16,KBC.HM,2025-05-05,21494007079294.0,0.011202,-0.042178,False,KBC.HM,Real Estate,0.8532096871921339,False,True,True,True,True,True,False,eligible,eligible,eligible
2025,2025-06,60,KDC.HM,16274062082727,2025-06-30,2025-07-31,2026-06-30,True,16,KDC.HM,2025-05-05,7197875992604.0,0.022488,-0.11523,False,KDC.HM,Consumer Staples,0.4422912949461891,False,True,True,True,True,True,False,eligible,eligible,eligible
2025,2025-06,42,KDH.HM,29727594343668,2025-06-30,2025-07-31,2026-06-30,True,16,KDH.HM,2025-04-30,19568101722000.0,0.013669,0.229417,False,KDH.HM,Real Estate,0.6582470648577059,False,True,True,True,True,True,False,eligible,eligible,eligible
2025,2025-06,91,KOS.HM,8388651731250,2025-06-30,2025-07-31,2026-06-30,True,16,KOS.HM,2025-04-30,2321330196567.0,0.003659,-0.017078,False,KOS.HM,Real Estate,0.2767226809428047,False,True,True,True,True,True,False,eligible,eligible,eligible
2025,2025-06,73,LGC.HM,11944646817323,2025-06-30,2025-07-31,2026-06-30,True,16,LGC.HM,2025-04-28,5855808454119.0,0.042391,0.797141,False,LGC.HM,Industrials,0.4902454248899581,False,True,True,True,True,True,False,eligible,eligible,eligible
2025,2025-06,19,LPB.HM,91036724467130,2025-06-30,2025-07-31,2026-06-30,True,16,LPB.HM,2025-04-22,45872206000000.0,0.138999,0.168171,False,LPB.HM,Financials,0.5038868244492118,True,True,True,True,True,True,False,eligible,eligible,eligible
2025,2025-06,10,MBB.HM,150321263476818,2025-06-30,2025-07-31,2026-06-30,True,16,MBB.HM,2025-04-25,123676548000000.0,0.073467,0.297065,False,MBB.HM,Financials,0.8227481936983116,True,True,True,True,True,True,False,eligible,eligible,eligible
2025,2025-06,13,MCH.HM,127489012912144,2025-06-30,2025-07-31,2026-06-30,True,16,MCH.HM,2025-04-24,16209838456788.0,0.098184,0.209927,False,MCH.HM,Consumer Staples,0.127146944560302,False,True,True,True,True,True,False,eligible,eligible,eligible
2025,2025-06,40,MSB.HM,31199975166248,2025-06-30,2025-07-31,2026-06-30,True,16,MSB.HM,2025-04-28,38020647000000.0,0.037093,0.254869,False,MSB.HM,Financials,1.2186114507273895,True,True,True,True,True,True,False,eligible,eligible,eligible
2025,2025-06,15,MSN.HM,116192877081600,2025-06-30,2025-07-31,2026-06-30,True,16,MSN.HM,2025-04-24,43328435000000.0,-0.006318,0.042738,False,MSN.HM,Consumer Staples,0.37290095648093197,False,True,True,True,True,True,False,eligible,eligible,eligible
2025,2025-06,18,MWG.HM,94010884993841,2025-06-30,2025-07-31,2026-06-30,True,16,MWG.HM,2025-04-28,29669133577791.0,0.019236,0.076604,False,MWG.HM,Consumer Discretionary,0.31559253569131634,False,True,True,True,True,True,False,eligible,eligible,eligible
2025,2025-06,50,NAB.HM,22990212572245,2025-06-30,2025-07-31,2026-06-30,True,16,NAB.HM,2025-04-29,20213631000000.0,0.095079,0.18199,False,NAB.HM,Financials,0.8792276685776697,True,True,True,True,True,True,False,eligible,eligible,eligible
2025,2025-06,63,NLG.HM,14771822950566,2025-06-30,2025-07-31,2026-06-30,True,16,NLG.HM,2025-04-24,14519380213022.0,0.021785,0.056361,False,NLG.HM,Real Estate,0.9829105223919349,False,True,True,True,True,True,False,eligible,eligible,eligible
2025,2025-06,43,NVL.HM,29544097779207,2025-06-30,2025-07-31,2026-06-30,True,16,NVL.HM,2025-04-30,48855015598000.0,0.019061,-0.063043,False,NVL.HM,Real Estate,1.6536303109714163,False,True,True,True,True,True,False,eligible,eligible,eligible
2025,2025-06,44,OCB.HM,27364803817276,2025-06-30,2025-07-31,2026-06-30,True,16,OCB.HM,2025-04-28,32388218496367.0,0.032174,0.237739,False,OCB.HM,Financials,1.1835721064413263,True,True,True,True,True,True,False,eligible,eligible,eligible
2025,2025-06,99,PC1.HM,7832360488953,2025-06-30,2025-07-31,2026-06-30,True,16,PC1.HM,2025-04-29,7788480525398.0,0.013342,-0.069853,False,PC1.HM,Industrials,0.9943976067474308,False,True,True,True,True,True,False,eligible,eligible,eligible
2025,2025-06,59,PDR.HM,16375594480649,2025-06-30,2025-07-31,2026-06-30,True,16,PDR.HM,2025-04-23,11108151985216.0,-0.009219,-0.077724,False,PDR.HM,Real Estate,0.678335800165452,False,True,True,True,True,True,False,eligible,eligible,eligible
2025,2025-06,53,PGV.HM,20310355583421,2025-06-30,2025-07-31,2026-06-30,True,16,PGV.HM,2025-04-30,14670446631812.0,-0.021691,-0.112506,False,PGV.HM,Utilities,0.7223136282157088,False,True,True,True,True,True,False,eligible,eligible,eligible
2025,2025-06,96,PHR.HM,8068650687833,2025-06-30,2025-07-31,2026-06-30,True,16,PHR.HM,2025-05-05,4062510522797.0,0.020888,-0.027279,False,PHR.HM,Materials,0.5034931712836449,False,True,True,True,True,True,False,eligible,eligible,eligible
2025,2025-06,31,PLX.HM,45692809883764,2025-06-30,2025-07-31,2026-06-30,True,16,PLX.HM,2025-05-05,29520175346383.0,0.018212,0.069822,False,PLX.HM,Energy,0.6460573429709865,False,True,True,True,True,True,False,eligible,eligible,eligible
2025,2025-06,45,PNJ.HM,27358287564732,2025-06-30,2025-07-31,2026-06-30,True,16,PNJ.HM,2025-04-25,11730291418447.0,0.080972,0.081759,False,PNJ.HM,Consumer Discretionary,0.42876555744551437,False,True,True,True,True,True,False,eligible,eligible,eligible
2025,2025-06,41,POW.HM,30444342472195,2025-06-30,2025-07-31,2026-06-30,True,16,POW.HM,2025-04-30,35034293943758.0,0.024114,0.237827,False,POW.HM,Utilities,1.1507653343393778,False,True,True,True,True,True,False,eligible,eligible,eligible
2025,2025-06,78,PVD.HM,10899356373637,2025-06-30,2025-07-31,2026-06-30,True,16,PVD.HM,2025-04-28,16253287839360.0,-0.008139,0.044861,False,PVD.HM,Energy,1.4912153784303182,False,True,True,True,True,True,False,eligible,eligible,eligible
2025,2025-06,90,PVT.HM,8411769939541,2025-06-30,2025-07-31,2026-06-30,True,16,PVT.HM,2025-04-28,10666762062339.0,0.031361,0.227223,False,PVT.HM,Energy,1.2680758198340654,False,True,True,True,True,True,False,eligible,eligible,eligible
2025,2025-06,36,REE.HM,36301404013341,2025-06-30,2025-07-31,2026-06-30,True,16,REE.HM,2025-04-28,23227491712524.0,0.018802,0.029419,False,REE.HM,Industrials,0.6398510565593482,False,True,True,True,True,True,False,eligible,eligible,eligible
2025,2025-06,25,SAB.HM,54095319010225,2025-06-30,2025-07-31,2026-06-30,True,16,SAB.HM,2025-04-28,25606045523144.0,0.048386,-0.011851,False,SAB.HM,Consumer Staples,0.4733504856178774,False,True,True,True,True,True,False,eligible,eligible,eligible
2025,2025-06,61,SBT.HM,16087260578443,2025-06-30,2025-07-31,2026-06-30,True,16,SBT.HM,2025-04-29,10682217314989.0,0.015845,0.175397,False,SBT.HM,Consumer Staples,0.6640171745152943,False,True,True,True,True,True,False,eligible,eligible,eligible
2025,2025-06,27,SHB.HM,52441765613252,2025-06-30,2025-07-31,2026-06-30,True,16,SHB.HM,2025-04-29,61473136000000.0,0.077889,0.144484,False,SHB.HM,Financials,1.1722171303947435,True,True,True,True,True,True,False,eligible,eligible,eligible
2025,2025-06,69,SIP.HM,13276505829670,2025-06-30,2025-07-31,2026-06-30,True,16,SIP.HM,2025-04-28,5298472175959.0,0.085813,0.108244,False,SIP.HM,Real Estate,0.39908634424865824,False,True,True,True,True,True,False,eligible,eligible,eligible
2025,2025-06,75,SJS.HM,11275849721324,2025-06-30,2025-07-31,2026-06-30,True,16,SJS.HM,2025-04-28,3058576725726.0,0.035794,0.102434,False,SJS.HM,Real Estate,0.2712502207210034,False,True,True,True,True,True,False,eligible,eligible,eligible
2025,2025-06,28,SSB.HM,51636723237395,2025-06-30,2025-07-31,2026-06-30,True,16,SSB.HM,2025-04-23,38599606000000.0,0.058001,0.149937,False,SSB.HM,Financials,0.7475223751619933,True,True,True,True,True,True,False,eligible,eligible,eligible
2025,2025-06,32,SSI.HM,45556600952731,2025-06-30,2025-07-31,2026-06-30,True,16,SSI.HM,2025-04-30,27703353104435.0,0.031412,0.325792,False,SSI.HM,Financials,0.6081084305034012,True,True,True,True,True,True,False,eligible,eligible,eligible
2025,2025-06,20,STB.HM,88039573937200,2025-06-30,2025-07-31,2026-06-30,True,16,STB.HM,2025-04-28,57862377000000.0,0.071523,0.139349,False,STB.HM,Financials,0.6572314518613429,True,True,True,True,True,True,False,eligible,eligible,eligible
2025,2025-06,58,TAL.HM,16377151031974,2025-06-30,2025-07-31,2026-06-30,True,16,TAL.HM,2025-04-29,4395025825565.0,0.14655,,False,TAL.HM,Real Estate,0.2683632713030705,False,True,True,True,True,False,False,eligible,eligible,missing_investment
2025,2025-06,5,TCB.HM,230536677390233,2025-06-30,2025-07-31,2026-06-30,True,16,TCB.HM,2025-04-22,153952665000000.0,0.053751,0.215225,False,TCB.HM,Financials,0.6678011791564166,True,True,True,True,True,True,False,eligible,eligible,eligible
2025,2025-06,68,TCH.HM,13364315560960,2025-06-30,2025-07-31,2026-06-30,True,16,TCH.HM,2025-04-30,13448952637855.0,0.048259,0.172212,False,TCH.HM,Industrials,1.0063330648329079,False,True,True,True,True,True,False,eligible,eligible,eligible
2025,2025-06,37,TPB.HM,35534312705144,2025-06-30,2025-07-31,2026-06-30,True,16,TPB.HM,2025-04-30,39491596000000.0,0.080683,0.085201,False,TPB.HM,Financials,1.1113651283392667,True,True,True,True,True,True,False,eligible,eligible,eligible
2025,2025-06,94,VAB.HM,8207384210383,2025-06-30,2025-07-31,2026-06-30,True,16,VAB.HM,2025-04-15,8531714318842.0,0.109883,0.067033,False,VAB.HM,Financials,1.0395168667806116,True,True,True,True,True,True,False,eligible,eligible,eligible
2025,2025-06,92,VBB.HM,8374522756143,2025-06-30,2025-07-31,2026-06-30,True,16,VBB.HM,2025-05-07,8897989000000.0,0.052836,0.242137,False,VBB.HM,Financials,1.062506994022199,True,True,True,True,True,True,False,eligible,eligible,eligible
2025,2025-06,1,VCB.HM,468918308142964,2025-06-30,2025-07-31,2026-06-30,True,16,VCB.HM,2025-04-30,204941834000000.0,0.059331,0.014284,False,VCB.HM,Financials,0.43705231900972663,True,True,True,True,True,True,False,eligible,eligible,eligible
2025,2025-06,64,VCG.HM,14254626808800,2025-06-30,2025-07-31,2026-06-30,True,16,VCG.HM,2025-04-29,11266881570146.0,0.023354,-0.04078,False,VCG.HM,Industrials,0.7904017215793026,False,True,True,True,True,True,False,eligible,eligible,eligible
2025,2025-06,48,VCI.HM,25167746633711,2025-06-30,2025-07-31,2026-06-30,True,16,VCI.HM,2025-04-22,12580122587585.0,0.022402,0.211503,False,VCI.HM,Financials,0.499850970795078,True,True,True,True,True,True,False,eligible,eligible,eligible
2025,2025-06,55,VGC.HM,18063240579662,2025-06-30,2025-07-31,2026-06-30,True,16,VGC.HM,2025-04-22,10249880491109.0,-0.002795,0.049709,False,VGC.HM,Industrials,0.5674441662837442,False,True,True,True,True,True,False,eligible,eligible,eligible
2025,2025-06,70,VHC.HM,12949444313502,2025-06-30,2025-07-31,2026-06-30,True,16,VHC.HM,2025-04-29,9204959017417.0,0.010908,0.031015,False,VHC.HM,Consumer Staples,0.7108381483072029,False,True,True,True,True,True,False,eligible,eligible,eligible
2025,2025-06,3,VHM.HM,303370419756122,2025-06-30,2025-07-31,2026-06-30,True,16,VHM.HM,2025-04-29,223396009000000.0,-0.006539,0.228898,False,VHM.HM,Real Estate,0.7363803273225747,False,True,True,True,True,True,False,eligible,eligible,eligible
2025,2025-06,30,VIB.HM,47205502548830,2025-06-30,2025-07-31,2026-06-30,True,16,VIB.HM,2025-04-29,43643267000000.0,0.097466,0.19569,False,VIB.HM,Financials,0.9245377052146585,True,True,True,True,True,True,False,eligible,eligible,eligible
2025,2025-06,2,VIC.HM,368167304642600,2025-06-30,2025-07-31,2026-06-30,True,16,VIC.HM,2025-04-30,157452587000000.0,-0.082715,0.1563,False,VIC.HM,Real Estate,0.4276658600981632,False,True,True,True,True,True,False,eligible,eligible,eligible
2025,2025-06,54,VIX.HM,18595930623403,2025-06-30,2025-07-31,2026-06-30,True,16,VIX.HM,2025-05-09,16417017839209.0,0.014691,0.11521,False,VIX.HM,Financials,0.8828285161780591,True,True,True,True,True,True,False,eligible,eligible,eligible
2025,2025-06,29,VJC.HM,47715972758865,2025-06-30,2025-07-31,2026-06-30,True,16,VJC.HM,2025-05-05,17827180615599.0,-0.145068,0.277621,False,VJC.HM,Industrials,0.37361033601241933,False,True,True,True,True,True,False,eligible,eligible,eligible
2025,2025-06,46,VND.HM,25448062261650,2025-06-30,2025-07-31,2026-06-30,True,16,VND.HM,2025-04-22,20097598677846.0,0.04631,0.073873,False,VND.HM,Financials,0.7897496662499486,True,True,True,True,True,True,False,eligible,eligible,eligible
2025,2025-06,16,VNM.HM,112111378038267,2025-06-30,2025-07-31,2026-06-30,True,16,VNM.HM,2025-04-22,37622488552015.0,0.078209,0.086437,False,VNM.HM,Consumer Staples,0.3355813585591046,False,True,True,True,True,True,False,eligible,eligible,eligible
2025,2025-06,12,VPB.HM,144215956917301,2025-06-30,2025-07-31,2026-06-30,True,16,VPB.HM,2025-04-23,151213362000000.0,0.066087,0.295642,False,VPB.HM,Financials,1.0485203248813277,True,True,True,True,True,True,False,eligible,eligible,eligible
2025,2025-06,62,VPI.HM,15507858327240,2025-06-30,2025-07-31,2026-06-30,True,16,VPI.HM,2025-04-29,5224607570415.0,-0.001326,0.129314,False,VPI.HM,Real Estate,0.3369006512806366,False,True,True,True,True,True,False,eligible,eligible,eligible
2025,2025-06,8,VPL.HM,169646215664200,2025-06-30,2025-07-31,2026-06-30,True,16,VPL.HM,2025-05-21,35586508000000.0,,,False,VPL.HM,Consumer Discretionary,0.20976894686787717,False,True,True,True,False,False,False,eligible,missing_operating_profitability,missing_investment
2025,2025-06,26,VRE.HM,54094383622824,2025-06-30,2025-07-31,2026-06-30,True,16,VRE.HM,2025-04-28,43100039000000.0,0.036254,0.115984,False,VRE.HM,Real Estate,0.7967562640239575,False,True,True,True,True,True,False,eligible,eligible,eligible
2025,2025-06,79,VSH.HM,10820082013426,2025-06-30,2025-07-31,2026-06-30,True,16,VSH.HM,2025-04-30,4828339688189.0,0.053664,-0.01824,False,VSH.HM,Utilities,0.44623873295949135,False,True,True,True,True,True,False,eligible,eligible,eligible
2025,2025-06,65,VTP.HM,14209594304894,2025-06-30,2025-07-31,2026-06-30,True,16,VTP.HM,2025-05-05,1641272628754.0,0.082875,0.122005,False,VTP.HM,Industrials,0.11550453823925999,False,True,True,True,True,True,False,eligible,eligible,eligible
